lme_id,lme_name,specieskey,species_name,year,variable,model,em_status,growth
14,Iberian Coastal,7Q5KP,Antiopella cristata,2022,number of occurrences,GAM,1,0.8538445679093017
14,Iberian Coastal,7Q5KP,Antiopella cristata,2023,number of occurrences,GAM,1,0.8538445679093017
14,Iberian Coastal,7Q5KP,Antiopella cristata,2024,number of occurrences,GAM,1,0.8538445679093017
14,Iberian Coastal,7Q5KP,Antiopella cristata,2022,number of grid cells (10x10km),GAM,1,0.8988819107630135
14,Iberian Coastal,7Q5KP,Antiopella cristata,2023,number of grid cells (10x10km),GAM,1,0.8988819107630135
14,Iberian Coastal,7Q5KP,Antiopella cristata,2024,number of grid cells (10x10km),GAM,1,0.8988819107630135
14,Iberian Coastal,LQ348,Asparagopsis armata,2022,number of occurrences,GAM,3,1.0885020904154945
14,Iberian Coastal,LQ348,Asparagopsis armata,2023,number of occurrences,GAM,3,1.0885020904154945
14,Iberian Coastal,LQ348,Asparagopsis armata,2024,number of occurrences,GAM,3,1.0885020904154945
14,Iberian Coastal,LQ348,Asparagopsis armata,2022,number of grid cells (10x10km),GAM,3,1.0664671563712445
14,Iberian Coastal,LQ348,Asparagopsis armata,2023,number of grid cells (10x10km),GAM,3,1.0664671563712445
14,Iberian Coastal,LQ348,Asparagopsis armata,2024,number of grid cells (10x10km),GAM,3,1.0664671563712445
14,Iberian Coastal,LSKVH,Austrominius modestus,2022,number of occurrences,GAM,3,1.140567338256919
14,Iberian Coastal,LSKVH,Austrominius modestus,2023,number of occurrences,GAM,3,1.140567338256919
14,Iberian Coastal,LSKVH,Austrominius modestus,2024,number of occurrences,GAM,3,1.140567338256919
14,Iberian Coastal,LSKVH,Austrominius modestus,2022,number of grid cells (10x10km),GAM,3,1.1134623816657718
14,Iberian Coastal,LSKVH,Austrominius modestus,2023,number of grid cells (10x10km),GAM,3,1.1134623816657718
14,Iberian Coastal,LSKVH,Austrominius modestus,2024,number of grid cells (10x10km),GAM,3,1.1134623816657718
14,Iberian Coastal,K7PV,Baccharis spicata,2022,number of occurrences,decision rules,3,
14,Iberian Coastal,K7PV,Baccharis spicata,2023,number of occurrences,decision rules,1,
14,Iberian Coastal,K7PV,Baccharis spicata,2024,number of occurrences,decision rules,1,
14,Iberian Coastal,K7PV,Baccharis spicata,2022,number of grid cells (10x10km),decision rules,3,
14,Iberian Coastal,K7PV,Baccharis spicata,2023,number of grid cells (10x10km),decision rules,2,
14,Iberian Coastal,K7PV,Baccharis spicata,2024,number of grid cells (10x10km),decision rules,1,
14,Iberian Coastal,MMNXQ,Balanus trigonus,2022,number of occurrences,decision rules,2,
14,Iberian Coastal,MMNXQ,Balanus trigonus,2023,number of occurrences,decision rules,1,
14,Iberian Coastal,MMNXQ,Balanus trigonus,2024,number of occurrences,decision rules,2,
14,Iberian Coastal,MMNXQ,Balanus trigonus,2022,number of grid cells (10x10km),decision rules,2,
14,Iberian Coastal,MMNXQ,Balanus trigonus,2023,number of grid cells (10x10km),decision rules,1,
14,Iberian Coastal,MMNXQ,Balanus trigonus,2024,number of grid cells (10x10km),decision rules,2,
14,Iberian Coastal,MPMK,Botrylloides diegensis,2022,number of occurrences,decision rules,1,
14,Iberian Coastal,MPMK,Botrylloides diegensis,2023,number of occurrences,decision rules,2,
14,Iberian Coastal,MPMK,Botrylloides diegensis,2024,number of occurrences,decision rules,3,
14,Iberian Coastal,MPMK,Botrylloides diegensis,2022,number of grid cells (10x10km),decision rules,1,
14,Iberian Coastal,MPMK,Botrylloides diegensis,2023,number of grid cells (10x10km),decision rules,1,
14,Iberian Coastal,MPMK,Botrylloides diegensis,2024,number of grid cells (10x10km),decision rules,3,
14,Iberian Coastal,N6PH,Branchiomma luctuosum,2022,number of occurrences,GAM,3,2.2610335597484714
14,Iberian Coastal,N6PH,Branchiomma luctuosum,2023,number of occurrences,GAM,2,2.2610335597484714
14,Iberian Coastal,N6PH,Branchiomma luctuosum,2024,number of occurrences,GAM,0,2.2610335597484714
14,Iberian Coastal,N6PH,Branchiomma luctuosum,2022,number of grid cells (10x10km),GAM,3,1.2902839447007448
14,Iberian Coastal,N6PH,Branchiomma luctuosum,2023,number of grid cells (10x10km),GAM,3,1.2902839447007448
14,Iberian Coastal,N6PH,Branchiomma luctuosum,2024,number of grid cells (10x10km),GAM,3,1.2902839447007448
14,Iberian Coastal,PS2Z,Calliostoma zizyphinum,2022,number of occurrences,GAM,3,1.1515132535376527
14,Iberian Coastal,PS2Z,Calliostoma zizyphinum,2023,number of occurrences,GAM,3,1.1515132535376527
14,Iberian Coastal,PS2Z,Calliostoma zizyphinum,2024,number of occurrences,GAM,3,1.1515132535376527
14,Iberian Coastal,PS2Z,Calliostoma zizyphinum,2022,number of grid cells (10x10km),GAM,3,1.1383654859036523
14,Iberian Coastal,PS2Z,Calliostoma zizyphinum,2023,number of grid cells (10x10km),GAM,3,1.1383654859036523
14,Iberian Coastal,PS2Z,Calliostoma zizyphinum,2024,number of grid cells (10x10km),GAM,3,1.1383654859036523
14,Iberian Coastal,Q76B,Calyptraea chinensis,2022,number of occurrences,GAM,3,1.2288941156099114
14,Iberian Coastal,Q76B,Calyptraea chinensis,2023,number of occurrences,GAM,3,1.2288941156099114
14,Iberian Coastal,Q76B,Calyptraea chinensis,2024,number of occurrences,GAM,3,1.2288941156099114
14,Iberian Coastal,Q76B,Calyptraea chinensis,2022,number of grid cells (10x10km),GAM,3,1.2169141153659875
14,Iberian Coastal,Q76B,Calyptraea chinensis,2023,number of grid cells (10x10km),GAM,3,1.2169141153659875
14,Iberian Coastal,Q76B,Calyptraea chinensis,2024,number of grid cells (10x10km),GAM,3,1.2169141153659875
14,Iberian Coastal,QSCF,Caprella mutica,2022,number of occurrences,decision rules,1,
14,Iberian Coastal,QSCF,Caprella mutica,2023,number of occurrences,decision rules,1,
14,Iberian Coastal,QSCF,Caprella mutica,2024,number of occurrences,decision rules,3,
14,Iberian Coastal,QSCF,Caprella mutica,2022,number of grid cells (10x10km),decision rules,1,
14,Iberian Coastal,QSCF,Caprella mutica,2023,number of grid cells (10x10km),decision rules,1,
14,Iberian Coastal,QSCF,Caprella mutica,2024,number of grid cells (10x10km),decision rules,3,
14,Iberian Coastal,R48N,Carcinus maenas,2022,number of occurrences,GAM,1,1.0009316732908853
14,Iberian Coastal,R48N,Carcinus maenas,2023,number of occurrences,GAM,1,1.0009316732908853
14,Iberian Coastal,R48N,Carcinus maenas,2024,number of occurrences,GAM,1,1.0009316732908853
14,Iberian Coastal,R48N,Carcinus maenas,2022,number of grid cells (10x10km),GAM,3,1.022450569219481
14,Iberian Coastal,R48N,Carcinus maenas,2023,number of grid cells (10x10km),GAM,1,1.022450569219481
14,Iberian Coastal,R48N,Carcinus maenas,2024,number of grid cells (10x10km),GAM,1,1.022450569219481
14,Iberian Coastal,M9Y66,Caulacanthus okamurae,2022,number of occurrences,decision rules,3,
14,Iberian Coastal,M9Y66,Caulacanthus okamurae,2023,number of occurrences,decision rules,1,
14,Iberian Coastal,M9Y66,Caulacanthus okamurae,2024,number of occurrences,decision rules,2,
14,Iberian Coastal,M9Y66,Caulacanthus okamurae,2022,number of grid cells (10x10km),decision rules,3,
14,Iberian Coastal,M9Y66,Caulacanthus okamurae,2023,number of grid cells (10x10km),decision rules,1,
14,Iberian Coastal,M9Y66,Caulacanthus okamurae,2024,number of grid cells (10x10km),decision rules,3,
14,Iberian Coastal,M9Y6S,Caulacanthus ustulatus,2022,number of occurrences,GAM,0,0.7368626202165016
14,Iberian Coastal,M9Y6S,Caulacanthus ustulatus,2023,number of occurrences,GAM,0,0.7368626202165016
14,Iberian Coastal,M9Y6S,Caulacanthus ustulatus,2024,number of occurrences,GAM,0,0.7368626202165016
14,Iberian Coastal,M9Y6S,Caulacanthus ustulatus,2022,number of grid cells (10x10km),GAM,1,0.870254708671176
14,Iberian Coastal,M9Y6S,Caulacanthus ustulatus,2023,number of grid cells (10x10km),GAM,1,0.870254708671176
14,Iberian Coastal,M9Y6S,Caulacanthus ustulatus,2024,number of grid cells (10x10km),GAM,1,0.870254708671176
14,Iberian Coastal,M9ZRK,Caulerpa prolifera,2022,number of occurrences,GAM,3,1.261924735032259
14,Iberian Coastal,M9ZRK,Caulerpa prolifera,2023,number of occurrences,GAM,3,1.261924735032259
14,Iberian Coastal,M9ZRK,Caulerpa prolifera,2024,number of occurrences,GAM,3,1.261924735032259
14,Iberian Coastal,M9ZRK,Caulerpa prolifera,2022,number of grid cells (10x10km),GAM,0,0.9108443295809768
14,Iberian Coastal,M9ZRK,Caulerpa prolifera,2023,number of grid cells (10x10km),GAM,1,0.9108443295809768
14,Iberian Coastal,M9ZRK,Caulerpa prolifera,2024,number of grid cells (10x10km),GAM,1,0.9108443295809768
14,Iberian Coastal,SXGX,Cereus pedunculatus,2022,number of occurrences,GAM,3,1.1243785670088953
14,Iberian Coastal,SXGX,Cereus pedunculatus,2023,number of occurrences,GAM,3,1.1243785670088953
14,Iberian Coastal,SXGX,Cereus pedunculatus,2024,number of occurrences,GAM,3,1.1243785670088953
14,Iberian Coastal,SXGX,Cereus pedunculatus,2022,number of grid cells (10x10km),GAM,3,1.0966743850679512
14,Iberian Coastal,SXGX,Cereus pedunculatus,2023,number of grid cells (10x10km),GAM,3,1.0966743850679512
14,Iberian Coastal,SXGX,Cereus pedunculatus,2024,number of grid cells (10x10km),GAM,3,1.0966743850679512
14,Iberian Coastal,TVBX,Chelon labrosus,2022,number of occurrences,GAM,3,1.0519650197044967
14,Iberian Coastal,TVBX,Chelon labrosus,2023,number of occurrences,GAM,3,1.0519650197044967
14,Iberian Coastal,TVBX,Chelon labrosus,2024,number of occurrences,GAM,3,1.0519650197044967
14,Iberian Coastal,TVBX,Chelon labrosus,2022,number of grid cells (10x10km),GAM,3,1.0902374665991792
14,Iberian Coastal,TVBX,Chelon labrosus,2023,number of grid cells (10x10km),GAM,3,1.0902374665991792
14,Iberian Coastal,TVBX,Chelon labrosus,2024,number of grid cells (10x10km),GAM,3,1.0902374665991792
14,Iberian Coastal,ML9NC,Chondria coerulescens,2022,number of occurrences,GAM,1,0.7926459139934803
14,Iberian Coastal,ML9NC,Chondria coerulescens,2023,number of occurrences,GAM,1,0.7926459139934803
14,Iberian Coastal,ML9NC,Chondria coerulescens,2024,number of occurrences,GAM,1,0.7926459139934803
14,Iberian Coastal,ML9NC,Chondria coerulescens,2022,number of grid cells (10x10km),GAM,1,0.9850705466972693
14,Iberian Coastal,ML9NC,Chondria coerulescens,2023,number of grid cells (10x10km),GAM,1,0.9850705466972693
14,Iberian Coastal,ML9NC,Chondria coerulescens,2024,number of grid cells (10x10km),GAM,1,0.9850705466972693
14,Iberian Coastal,MVLMW,Chthamalus stellatus,2022,number of occurrences,GAM,0,0.5391671887802536
14,Iberian Coastal,MVLMW,Chthamalus stellatus,2023,number of occurrences,GAM,0,0.5391671887802536
14,Iberian Coastal,MVLMW,Chthamalus stellatus,2024,number of occurrences,GAM,0,0.5391671887802536
14,Iberian Coastal,MVLMW,Chthamalus stellatus,2022,number of grid cells (10x10km),GAM,1,0.7818174399831924
14,Iberian Coastal,MVLMW,Chthamalus stellatus,2023,number of grid cells (10x10km),GAM,1,0.7818174399831924
14,Iberian Coastal,MVLMW,Chthamalus stellatus,2024,number of grid cells (10x10km),GAM,1,0.7818174399831924
14,Iberian Coastal,N4VRP,Codium fragile,2022,number of occurrences,GAM,3,1.1698491305215117
14,Iberian Coastal,N4VRP,Codium fragile,2023,number of occurrences,GAM,3,1.1698491305215117
14,Iberian Coastal,N4VRP,Codium fragile,2024,number of occurrences,GAM,3,1.1698491305215117
14,Iberian Coastal,N4VRP,Codium fragile,2022,number of grid cells (10x10km),GAM,3,1.2303297949997032
14,Iberian Coastal,N4VRP,Codium fragile,2023,number of grid cells (10x10km),GAM,3,1.2303297949997032
14,Iberian Coastal,N4VRP,Codium fragile,2024,number of grid cells (10x10km),GAM,3,1.2303297949997032
14,Iberian Coastal,YSGX,Coryphoblennius galerita,2022,number of occurrences,GAM,1,0.9538913113069786
14,Iberian Coastal,YSGX,Coryphoblennius galerita,2023,number of occurrences,GAM,1,0.9538913113069786
14,Iberian Coastal,YSGX,Coryphoblennius galerita,2024,number of occurrences,GAM,1,0.9538913113069786
14,Iberian Coastal,YSGX,Coryphoblennius galerita,2022,number of grid cells (10x10km),GAM,3,1.2155870617862505
14,Iberian Coastal,YSGX,Coryphoblennius galerita,2023,number of grid cells (10x10km),GAM,3,1.2155870617862505
14,Iberian Coastal,YSGX,Coryphoblennius galerita,2024,number of grid cells (10x10km),GAM,3,1.2155870617862505
14,Iberian Coastal,6BVN8,Cynoscion regalis,2022,number of occurrences,decision rules,1,
14,Iberian Coastal,6BVN8,Cynoscion regalis,2023,number of occurrences,decision rules,1,
14,Iberian Coastal,6BVN8,Cynoscion regalis,2024,number of occurrences,decision rules,2,
14,Iberian Coastal,6BVN8,Cynoscion regalis,2022,number of grid cells (10x10km),decision rules,1,
14,Iberian Coastal,6BVN8,Cynoscion regalis,2023,number of grid cells (10x10km),decision rules,1,
14,Iberian Coastal,6BVN8,Cynoscion regalis,2024,number of grid cells (10x10km),decision rules,3,
14,Iberian Coastal,34TT2,Dentex canariensis,2022,number of occurrences,GAM,0,0.0380378033913046
14,Iberian Coastal,34TT2,Dentex canariensis,2023,number of occurrences,GAM,2,0.0380378033913046
14,Iberian Coastal,34TT2,Dentex canariensis,2024,number of occurrences,GAM,3,0.0380378033913046
14,Iberian Coastal,34TT2,Dentex canariensis,2022,number of grid cells (10x10km),GAM,0,0.28399267657168714
14,Iberian Coastal,34TT2,Dentex canariensis,2023,number of grid cells (10x10km),GAM,1,0.28399267657168714
14,Iberian Coastal,34TT2,Dentex canariensis,2024,number of grid cells (10x10km),GAM,1,0.28399267657168714
14,Iberian Coastal,N7ZH7,Dictyota cyanoloma,2022,number of occurrences,GAM,1,0.7668669217397928
14,Iberian Coastal,N7ZH7,Dictyota cyanoloma,2023,number of occurrences,GAM,1,0.7668669217397928
14,Iberian Coastal,N7ZH7,Dictyota cyanoloma,2024,number of occurrences,GAM,1,0.7668669217397928
14,Iberian Coastal,N7ZH7,Dictyota cyanoloma,2022,number of grid cells (10x10km),GAM,3,1.264783342016659
14,Iberian Coastal,N7ZH7,Dictyota cyanoloma,2023,number of grid cells (10x10km),GAM,3,1.264783342016659
14,Iberian Coastal,N7ZH7,Dictyota cyanoloma,2024,number of grid cells (10x10km),GAM,3,1.264783342016659
14,Iberian Coastal,6CY2M,Diplodus vulgaris,2022,number of occurrences,GAM,0,0.7469844268580585
14,Iberian Coastal,6CY2M,Diplodus vulgaris,2023,number of occurrences,GAM,0,0.7469844268580585
14,Iberian Coastal,6CY2M,Diplodus vulgaris,2024,number of occurrences,GAM,0,0.7469844268580585
14,Iberian Coastal,6CY2M,Diplodus vulgaris,2022,number of grid cells (10x10km),GAM,1,0.9467393216296648
14,Iberian Coastal,6CY2M,Diplodus vulgaris,2023,number of grid cells (10x10km),GAM,1,0.9467393216296648
14,Iberian Coastal,6CY2M,Diplodus vulgaris,2024,number of grid cells (10x10km),GAM,0,0.9467393216296648
14,Iberian Coastal,36WJ4,Distaplia bermudensis,2022,number of occurrences,decision rules,3,
14,Iberian Coastal,36WJ4,Distaplia bermudensis,2023,number of occurrences,decision rules,3,
14,Iberian Coastal,36WJ4,Distaplia bermudensis,2024,number of occurrences,decision rules,3,
14,Iberian Coastal,36WJ4,Distaplia bermudensis,2022,number of grid cells (10x10km),decision rules,3,
14,Iberian Coastal,36WJ4,Distaplia bermudensis,2023,number of grid cells (10x10km),decision rules,3,
14,Iberian Coastal,36WJ4,Distaplia bermudensis,2024,number of grid cells (10x10km),decision rules,3,
14,Iberian Coastal,6HVS2,Ficopomatus enigmaticus,2022,number of occurrences,GAM,1,0.6503773870099704
14,Iberian Coastal,6HVS2,Ficopomatus enigmaticus,2023,number of occurrences,GAM,1,0.6503773870099704
14,Iberian Coastal,6HVS2,Ficopomatus enigmaticus,2024,number of occurrences,GAM,1,0.6503773870099704
14,Iberian Coastal,6HVS2,Ficopomatus enigmaticus,2022,number of grid cells (10x10km),GAM,1,0.9156523437767587
14,Iberian Coastal,6HVS2,Ficopomatus enigmaticus,2023,number of grid cells (10x10km),GAM,1,0.9156523437767587
14,Iberian Coastal,6HVS2,Ficopomatus enigmaticus,2024,number of grid cells (10x10km),GAM,1,0.9156523437767587
14,Iberian Coastal,PGMCT,Fucus serratus,2022,number of occurrences,GAM,3,1.0888788727879917
14,Iberian Coastal,PGMCT,Fucus serratus,2023,number of occurrences,GAM,3,1.0888788727879917
14,Iberian Coastal,PGMCT,Fucus serratus,2024,number of occurrences,GAM,3,1.0888788727879917
14,Iberian Coastal,PGMCT,Fucus serratus,2022,number of grid cells (10x10km),GAM,3,1.0372615367799425
14,Iberian Coastal,PGMCT,Fucus serratus,2023,number of grid cells (10x10km),GAM,3,1.0372615367799425
14,Iberian Coastal,PGMCT,Fucus serratus,2024,number of grid cells (10x10km),GAM,3,1.0372615367799425
14,Iberian Coastal,3GQ9Z,Gobius xanthocephalus,2022,number of occurrences,GAM,0,0.5507820768051943
14,Iberian Coastal,3GQ9Z,Gobius xanthocephalus,2023,number of occurrences,GAM,0,0.5507820768051943
14,Iberian Coastal,3GQ9Z,Gobius xanthocephalus,2024,number of occurrences,GAM,0,0.5507820768051943
14,Iberian Coastal,3GQ9Z,Gobius xanthocephalus,2022,number of grid cells (10x10km),GAM,1,0.9030952595790268
14,Iberian Coastal,3GQ9Z,Gobius xanthocephalus,2023,number of grid cells (10x10km),GAM,1,0.9030952595790268
14,Iberian Coastal,3GQ9Z,Gobius xanthocephalus,2024,number of grid cells (10x10km),GAM,1,0.9030952595790268
14,Iberian Coastal,6KZCH,Haliotis tuberculata,2022,number of occurrences,GAM,3,1.1570947451405404
14,Iberian Coastal,6KZCH,Haliotis tuberculata,2023,number of occurrences,GAM,3,1.1570947451405404
14,Iberian Coastal,6KZCH,Haliotis tuberculata,2024,number of occurrences,GAM,3,1.1570947451405404
14,Iberian Coastal,6KZCH,Haliotis tuberculata,2022,number of grid cells (10x10km),GAM,3,1.1726059762713084
14,Iberian Coastal,6KZCH,Haliotis tuberculata,2023,number of grid cells (10x10km),GAM,3,1.1726059762713084
14,Iberian Coastal,6KZCH,Haliotis tuberculata,2024,number of grid cells (10x10km),GAM,3,1.1726059762713084
14,Iberian Coastal,3KP8C,Hemigrapsus takanoi,2022,number of occurrences,GAM,0,0.6346183255570287
14,Iberian Coastal,3KP8C,Hemigrapsus takanoi,2023,number of occurrences,GAM,0,0.6346183255570287
14,Iberian Coastal,3KP8C,Hemigrapsus takanoi,2024,number of occurrences,GAM,0,0.6346183255570287
14,Iberian Coastal,3KP8C,Hemigrapsus takanoi,2022,number of grid cells (10x10km),GAM,1,0.7982550909531471
14,Iberian Coastal,3KP8C,Hemigrapsus takanoi,2023,number of grid cells (10x10km),GAM,1,0.7982550909531471
14,Iberian Coastal,3KP8C,Hemigrapsus takanoi,2024,number of grid cells (10x10km),GAM,1,0.7982550909531471
14,Iberian Coastal,3T7JW,Lepadogaster candolii,2022,number of occurrences,GAM,0,0.5905092159313567
14,Iberian Coastal,3T7JW,Lepadogaster candolii,2023,number of occurrences,GAM,0,0.5905092159313567
14,Iberian Coastal,3T7JW,Lepadogaster candolii,2024,number of occurrences,GAM,0,0.5905092159313567
14,Iberian Coastal,3T7JW,Lepadogaster candolii,2022,number of grid cells (10x10km),GAM,1,0.8886366178808179
14,Iberian Coastal,3T7JW,Lepadogaster candolii,2023,number of grid cells (10x10km),GAM,1,0.8886366178808179
14,Iberian Coastal,3T7JW,Lepadogaster candolii,2024,number of grid cells (10x10km),GAM,1,0.8886366178808179
14,Iberian Coastal,3VNQM,Littorina obtusata,2022,number of occurrences,GAM,3,1.1256673585757424
14,Iberian Coastal,3VNQM,Littorina obtusata,2023,number of occurrences,GAM,3,1.1256673585757424
14,Iberian Coastal,3VNQM,Littorina obtusata,2024,number of occurrences,GAM,3,1.1256673585757424
14,Iberian Coastal,3VNQM,Littorina obtusata,2022,number of grid cells (10x10km),GAM,3,1.0497051350484197
14,Iberian Coastal,3VNQM,Littorina obtusata,2023,number of grid cells (10x10km),GAM,3,1.0497051350484197
14,Iberian Coastal,3VNQM,Littorina obtusata,2024,number of grid cells (10x10km),GAM,3,1.0497051350484197
14,Iberian Coastal,42Z4T,Micromesistius poutassou,2022,number of occurrences,GAM,1,0.9019990352566335
14,Iberian Coastal,42Z4T,Micromesistius poutassou,2023,number of occurrences,GAM,1,0.9019990352566335
14,Iberian Coastal,42Z4T,Micromesistius poutassou,2024,number of occurrences,GAM,1,0.9019990352566335
14,Iberian Coastal,42Z4T,Micromesistius poutassou,2022,number of grid cells (10x10km),GAM,1,0.9355747901864446
14,Iberian Coastal,42Z4T,Micromesistius poutassou,2023,number of grid cells (10x10km),GAM,1,0.9355747901864446
14,Iberian Coastal,42Z4T,Micromesistius poutassou,2024,number of grid cells (10x10km),GAM,1,0.9355747901864446
14,Iberian Coastal,44RHY,Mya arenaria,2022,number of occurrences,GAM,3,1.2873293860633443
14,Iberian Coastal,44RHY,Mya arenaria,2023,number of occurrences,GAM,3,1.2873293860633443
14,Iberian Coastal,44RHY,Mya arenaria,2024,number of occurrences,GAM,3,1.2873293860633443
14,Iberian Coastal,44RHY,Mya arenaria,2022,number of grid cells (10x10km),GAM,3,1.3598211554523378
14,Iberian Coastal,44RHY,Mya arenaria,2023,number of grid cells (10x10km),GAM,3,1.3598211554523378
14,Iberian Coastal,44RHY,Mya arenaria,2024,number of grid cells (10x10km),GAM,3,1.3598211554523378
14,Iberian Coastal,6T3K7,Opuntia elatior,2022,number of occurrences,decision rules,1,
14,Iberian Coastal,6T3K7,Opuntia elatior,2023,number of occurrences,decision rules,1,
14,Iberian Coastal,6T3K7,Opuntia elatior,2024,number of occurrences,decision rules,3,
14,Iberian Coastal,6T3K7,Opuntia elatior,2022,number of grid cells (10x10km),decision rules,1,
14,Iberian Coastal,6T3K7,Opuntia elatior,2023,number of grid cells (10x10km),decision rules,1,
14,Iberian Coastal,6T3K7,Opuntia elatior,2024,number of grid cells (10x10km),decision rules,3,
14,Iberian Coastal,9GQWD,Palaemon elegans,2022,number of occurrences,GAM,3,1.158548124126344
14,Iberian Coastal,9GQWD,Palaemon elegans,2023,number of occurrences,GAM,3,1.158548124126344
14,Iberian Coastal,9GQWD,Palaemon elegans,2024,number of occurrences,GAM,3,1.158548124126344
14,Iberian Coastal,9GQWD,Palaemon elegans,2022,number of grid cells (10x10km),GAM,3,1.1861771377219739
14,Iberian Coastal,9GQWD,Palaemon elegans,2023,number of grid cells (10x10km),GAM,3,1.1861771377219739
14,Iberian Coastal,9GQWD,Palaemon elegans,2024,number of grid cells (10x10km),GAM,3,1.1861771377219739
14,Iberian Coastal,4CMHV,Parablennius incognitus,2022,number of occurrences,decision rules,1,
14,Iberian Coastal,4CMHV,Parablennius incognitus,2023,number of occurrences,decision rules,1,
14,Iberian Coastal,4CMHV,Parablennius incognitus,2024,number of occurrences,decision rules,3,
14,Iberian Coastal,4CMHV,Parablennius incognitus,2022,number of grid cells (10x10km),decision rules,1,
14,Iberian Coastal,4CMHV,Parablennius incognitus,2023,number of grid cells (10x10km),decision rules,1,
14,Iberian Coastal,4CMHV,Parablennius incognitus,2024,number of grid cells (10x10km),decision rules,3,
14,Iberian Coastal,9XW6F,Penaeus kerathurus,2022,number of occurrences,GAM,0,0.5951534592940749
14,Iberian Coastal,9XW6F,Penaeus kerathurus,2023,number of occurrences,GAM,0,0.5951534592940749
14,Iberian Coastal,9XW6F,Penaeus kerathurus,2024,number of occurrences,GAM,0,0.5951534592940749
14,Iberian Coastal,9XW6F,Penaeus kerathurus,2022,number of grid cells (10x10km),GAM,1,0.6846838864333993
14,Iberian Coastal,9XW6F,Penaeus kerathurus,2023,number of grid cells (10x10km),GAM,1,0.6846838864333993
14,Iberian Coastal,9XW6F,Penaeus kerathurus,2024,number of grid cells (10x10km),GAM,1,0.6846838864333993
14,Iberian Coastal,RCDCN,Perforatus perforatus,2022,number of occurrences,GAM,1,0.8714058722686983
14,Iberian Coastal,RCDCN,Perforatus perforatus,2023,number of occurrences,GAM,1,0.8714058722686983
14,Iberian Coastal,RCDCN,Perforatus perforatus,2024,number of occurrences,GAM,1,0.8714058722686983
14,Iberian Coastal,RCDCN,Perforatus perforatus,2022,number of grid cells (10x10km),GAM,1,1.0003474832210184
14,Iberian Coastal,RCDCN,Perforatus perforatus,2023,number of grid cells (10x10km),GAM,1,1.0003474832210184
14,Iberian Coastal,RCDCN,Perforatus perforatus,2024,number of grid cells (10x10km),GAM,1,1.0003474832210184
14,Iberian Coastal,4FS5C,Phallusia mammillata,2022,number of occurrences,GAM,0,0.7410819284249409
14,Iberian Coastal,4FS5C,Phallusia mammillata,2023,number of occurrences,GAM,0,0.7410819284249409
14,Iberian Coastal,4FS5C,Phallusia mammillata,2024,number of occurrences,GAM,1,0.7410819284249409
14,Iberian Coastal,4FS5C,Phallusia mammillata,2022,number of grid cells (10x10km),GAM,1,0.8721698870376167
14,Iberian Coastal,4FS5C,Phallusia mammillata,2023,number of grid cells (10x10km),GAM,1,0.8721698870376167
14,Iberian Coastal,4FS5C,Phallusia mammillata,2024,number of grid cells (10x10km),GAM,1,0.8721698870376167
14,Iberian Coastal,4GRD8,Phorcus sauciatus,2022,number of occurrences,GAM,3,1.1191259290955058
14,Iberian Coastal,4GRD8,Phorcus sauciatus,2023,number of occurrences,GAM,3,1.1191259290955058
14,Iberian Coastal,4GRD8,Phorcus sauciatus,2024,number of occurrences,GAM,3,1.1191259290955058
14,Iberian Coastal,4GRD8,Phorcus sauciatus,2022,number of grid cells (10x10km),GAM,3,1.1786125049662772
14,Iberian Coastal,4GRD8,Phorcus sauciatus,2023,number of grid cells (10x10km),GAM,3,1.1786125049662772
14,Iberian Coastal,4GRD8,Phorcus sauciatus,2024,number of grid cells (10x10km),GAM,3,1.1786125049662772
14,Iberian Coastal,4GRZN,Phoronis hippocrepia,2022,number of occurrences,decision rules,1,
14,Iberian Coastal,4GRZN,Phoronis hippocrepia,2023,number of occurrences,decision rules,1,
14,Iberian Coastal,4GRZN,Phoronis hippocrepia,2024,number of occurrences,decision rules,1,
14,Iberian Coastal,4GRZN,Phoronis hippocrepia,2022,number of grid cells (10x10km),decision rules,1,
14,Iberian Coastal,4GRZN,Phoronis hippocrepia,2023,number of grid cells (10x10km),decision rules,1,
14,Iberian Coastal,4GRZN,Phoronis hippocrepia,2024,number of grid cells (10x10km),decision rules,1,
14,Iberian Coastal,4HVTW,Pilumnus hirtellus,2022,number of occurrences,GAM,1,0.8281902455555449
14,Iberian Coastal,4HVTW,Pilumnus hirtellus,2023,number of occurrences,GAM,1,0.8281902455555449
14,Iberian Coastal,4HVTW,Pilumnus hirtellus,2024,number of occurrences,GAM,1,0.8281902455555449
14,Iberian Coastal,4HVTW,Pilumnus hirtellus,2022,number of grid cells (10x10km),GAM,3,1.058693538749527
14,Iberian Coastal,4HVTW,Pilumnus hirtellus,2023,number of grid cells (10x10km),GAM,3,1.058693538749527
14,Iberian Coastal,4HVTW,Pilumnus hirtellus,2024,number of grid cells (10x10km),GAM,3,1.058693538749527
14,Iberian Coastal,6W6JT,Pomadasys incisus,2022,number of occurrences,GAM,3,1.3351059750122145
14,Iberian Coastal,6W6JT,Pomadasys incisus,2023,number of occurrences,GAM,3,1.3351059750122145
14,Iberian Coastal,6W6JT,Pomadasys incisus,2024,number of occurrences,GAM,3,1.3351059750122145
14,Iberian Coastal,6W6JT,Pomadasys incisus,2022,number of grid cells (10x10km),GAM,3,1.2175243177472326
14,Iberian Coastal,6W6JT,Pomadasys incisus,2023,number of grid cells (10x10km),GAM,3,1.2175243177472326
14,Iberian Coastal,6W6JT,Pomadasys incisus,2024,number of grid cells (10x10km),GAM,3,1.2175243177472326
14,Iberian Coastal,7WLRT,Procambarus clarkii,2022,number of occurrences,GAM,1,0.8154961284310202
14,Iberian Coastal,7WLRT,Procambarus clarkii,2023,number of occurrences,GAM,1,0.8154961284310202
14,Iberian Coastal,7WLRT,Procambarus clarkii,2024,number of occurrences,GAM,1,0.8154961284310202
14,Iberian Coastal,7WLRT,Procambarus clarkii,2022,number of grid cells (10x10km),GAM,3,1.1425442534071923
14,Iberian Coastal,7WLRT,Procambarus clarkii,2023,number of grid cells (10x10km),GAM,3,1.1425442534071923
14,Iberian Coastal,7WLRT,Procambarus clarkii,2024,number of grid cells (10x10km),GAM,3,1.1425442534071923
14,Iberian Coastal,S6DTJ,Pseudo-nitzschia australis,2022,number of occurrences,decision rules,1,
14,Iberian Coastal,S6DTJ,Pseudo-nitzschia australis,2023,number of occurrences,decision rules,1,
14,Iberian Coastal,S6DTJ,Pseudo-nitzschia australis,2024,number of occurrences,decision rules,1,
14,Iberian Coastal,S6DTJ,Pseudo-nitzschia australis,2022,number of grid cells (10x10km),decision rules,1,
14,Iberian Coastal,S6DTJ,Pseudo-nitzschia australis,2023,number of grid cells (10x10km),decision rules,1,
14,Iberian Coastal,S6DTJ,Pseudo-nitzschia australis,2024,number of grid cells (10x10km),decision rules,1,
14,Iberian Coastal,7935Q,Rana dalmatina,2022,number of occurrences,GAM,0,0.5417918884364461
14,Iberian Coastal,7935Q,Rana dalmatina,2023,number of occurrences,GAM,0,0.5417918884364461
14,Iberian Coastal,7935Q,Rana dalmatina,2024,number of occurrences,GAM,0,0.5417918884364461
14,Iberian Coastal,7935Q,Rana dalmatina,2022,number of grid cells (10x10km),GAM,0,0.71579293107947
14,Iberian Coastal,7935Q,Rana dalmatina,2023,number of grid cells (10x10km),GAM,0,0.71579293107947
14,Iberian Coastal,7935Q,Rana dalmatina,2024,number of grid cells (10x10km),GAM,0,0.71579293107947
14,Iberian Coastal,6WYS2,Sabella spallanzanii,2022,number of occurrences,GAM,1,0.9802573685925533
14,Iberian Coastal,6WYS2,Sabella spallanzanii,2023,number of occurrences,GAM,1,0.9802573685925533
14,Iberian Coastal,6WYS2,Sabella spallanzanii,2024,number of occurrences,GAM,1,0.9802573685925533
14,Iberian Coastal,6WYS2,Sabella spallanzanii,2022,number of grid cells (10x10km),GAM,3,1.0489977074885433
14,Iberian Coastal,6WYS2,Sabella spallanzanii,2023,number of grid cells (10x10km),GAM,3,1.0489977074885433
14,Iberian Coastal,6WYS2,Sabella spallanzanii,2024,number of grid cells (10x10km),GAM,3,1.0489977074885433
14,Iberian Coastal,79PJZ,Sarpa salpa,2022,number of occurrences,GAM,0,0.7679576577481515
14,Iberian Coastal,79PJZ,Sarpa salpa,2023,number of occurrences,GAM,0,0.7679576577481515
14,Iberian Coastal,79PJZ,Sarpa salpa,2024,number of occurrences,GAM,0,0.7679576577481515
14,Iberian Coastal,79PJZ,Sarpa salpa,2022,number of grid cells (10x10km),GAM,3,1.1052558047553904
14,Iberian Coastal,79PJZ,Sarpa salpa,2023,number of grid cells (10x10km),GAM,3,1.1052558047553904
14,Iberian Coastal,79PJZ,Sarpa salpa,2024,number of grid cells (10x10km),GAM,3,1.1052558047553904
14,Iberian Coastal,4XPGQ,Siphonaria pectinata,2022,number of occurrences,GAM,3,1.162025959937238
14,Iberian Coastal,4XPGQ,Siphonaria pectinata,2023,number of occurrences,GAM,3,1.162025959937238
14,Iberian Coastal,4XPGQ,Siphonaria pectinata,2024,number of occurrences,GAM,3,1.162025959937238
14,Iberian Coastal,4XPGQ,Siphonaria pectinata,2022,number of grid cells (10x10km),GAM,3,1.1162320942975241
14,Iberian Coastal,4XPGQ,Siphonaria pectinata,2023,number of grid cells (10x10km),GAM,3,1.1162320942975241
14,Iberian Coastal,4XPGQ,Siphonaria pectinata,2024,number of grid cells (10x10km),GAM,3,1.1162320942975241
14,Iberian Coastal,6Z55C,Solea senegalensis,2022,number of occurrences,GAM,0,0.5079939231308086
14,Iberian Coastal,6Z55C,Solea senegalensis,2023,number of occurrences,GAM,0,0.5079939231308086
14,Iberian Coastal,6Z55C,Solea senegalensis,2024,number of occurrences,GAM,0,0.5079939231308086
14,Iberian Coastal,6Z55C,Solea senegalensis,2022,number of grid cells (10x10km),GAM,1,0.9023664310029821
14,Iberian Coastal,6Z55C,Solea senegalensis,2023,number of grid cells (10x10km),GAM,1,0.9023664310029821
14,Iberian Coastal,6Z55C,Solea senegalensis,2024,number of grid cells (10x10km),GAM,1,0.9023664310029821
14,Iberian Coastal,4YF8Y,Sparus aurata,2022,number of occurrences,GAM,1,0.9059056574544687
14,Iberian Coastal,4YF8Y,Sparus aurata,2023,number of occurrences,GAM,1,0.9059056574544687
14,Iberian Coastal,4YF8Y,Sparus aurata,2024,number of occurrences,GAM,1,0.9059056574544687
14,Iberian Coastal,4YF8Y,Sparus aurata,2022,number of grid cells (10x10km),GAM,3,1.0565918795490172
14,Iberian Coastal,4YF8Y,Sparus aurata,2023,number of grid cells (10x10km),GAM,3,1.0565918795490172
14,Iberian Coastal,4YF8Y,Sparus aurata,2024,number of grid cells (10x10km),GAM,3,1.0565918795490172
14,Iberian Coastal,4Z2GH,Sphoeroides pachygaster,2022,number of occurrences,GAM,0,0.6353899747060352
14,Iberian Coastal,4Z2GH,Sphoeroides pachygaster,2023,number of occurrences,GAM,0,0.6353899747060352
14,Iberian Coastal,4Z2GH,Sphoeroides pachygaster,2024,number of occurrences,GAM,0,0.6353899747060352
14,Iberian Coastal,4Z2GH,Sphoeroides pachygaster,2022,number of grid cells (10x10km),GAM,1,0.7550159933632151
14,Iberian Coastal,4Z2GH,Sphoeroides pachygaster,2023,number of grid cells (10x10km),GAM,0,0.7550159933632151
14,Iberian Coastal,4Z2GH,Sphoeroides pachygaster,2024,number of grid cells (10x10km),GAM,0,0.7550159933632151
14,Iberian Coastal,5387D,Styela clava,2022,number of occurrences,GAM,3,1.2744232082410532
14,Iberian Coastal,5387D,Styela clava,2023,number of occurrences,GAM,3,1.2744232082410532
14,Iberian Coastal,5387D,Styela clava,2024,number of occurrences,GAM,3,1.2744232082410532
14,Iberian Coastal,5387D,Styela clava,2022,number of grid cells (10x10km),decision rules,1,
14,Iberian Coastal,5387D,Styela clava,2023,number of grid cells (10x10km),decision rules,3,
14,Iberian Coastal,5387D,Styela clava,2024,number of grid cells (10x10km),decision rules,3,
14,Iberian Coastal,53WJY,Syngnathus abaster,2022,number of occurrences,decision rules,1,
14,Iberian Coastal,53WJY,Syngnathus abaster,2023,number of occurrences,decision rules,1,
14,Iberian Coastal,53WJY,Syngnathus abaster,2024,number of occurrences,decision rules,3,
14,Iberian Coastal,53WJY,Syngnathus abaster,2022,number of grid cells (10x10km),decision rules,1,
14,Iberian Coastal,53WJY,Syngnathus abaster,2023,number of grid cells (10x10km),decision rules,1,
14,Iberian Coastal,53WJY,Syngnathus abaster,2024,number of grid cells (10x10km),decision rules,3,
14,Iberian Coastal,59435,Tritia neritea,2022,number of occurrences,GAM,3,1.20661902128747
14,Iberian Coastal,59435,Tritia neritea,2023,number of occurrences,GAM,3,1.20661902128747
14,Iberian Coastal,59435,Tritia neritea,2024,number of occurrences,GAM,3,1.20661902128747
14,Iberian Coastal,59435,Tritia neritea,2022,number of grid cells (10x10km),GAM,3,1.184927477874064
14,Iberian Coastal,59435,Tritia neritea,2023,number of grid cells (10x10km),GAM,3,1.184927477874064
14,Iberian Coastal,59435,Tritia neritea,2024,number of grid cells (10x10km),GAM,3,1.184927477874064
14,Iberian Coastal,7CWT9,Truncatella subcylindrica,2022,number of occurrences,decision rules,1,
14,Iberian Coastal,7CWT9,Truncatella subcylindrica,2023,number of occurrences,decision rules,1,
14,Iberian Coastal,7CWT9,Truncatella subcylindrica,2024,number of occurrences,decision rules,2,
14,Iberian Coastal,7CWT9,Truncatella subcylindrica,2022,number of grid cells (10x10km),decision rules,1,
14,Iberian Coastal,7CWT9,Truncatella subcylindrica,2023,number of grid cells (10x10km),decision rules,1,
14,Iberian Coastal,7CWT9,Truncatella subcylindrica,2024,number of grid cells (10x10km),decision rules,3,
14,Iberian Coastal,TRJJ4,Undaria pinnatifida,2022,number of occurrences,GAM,3,1.43316574888763
14,Iberian Coastal,TRJJ4,Undaria pinnatifida,2023,number of occurrences,GAM,3,1.43316574888763
14,Iberian Coastal,TRJJ4,Undaria pinnatifida,2024,number of occurrences,GAM,3,1.43316574888763
14,Iberian Coastal,TRJJ4,Undaria pinnatifida,2022,number of grid cells (10x10km),GAM,3,1.2863798466178014
14,Iberian Coastal,TRJJ4,Undaria pinnatifida,2023,number of grid cells (10x10km),GAM,3,1.2863798466178014
14,Iberian Coastal,TRJJ4,Undaria pinnatifida,2024,number of grid cells (10x10km),GAM,3,1.2863798466178014
14,Iberian Coastal,5D2L9,Zenopsis conchifer,2022,number of occurrences,GAM,1,0.7892170271862974
14,Iberian Coastal,5D2L9,Zenopsis conchifer,2023,number of occurrences,GAM,1,0.7892170271862974
14,Iberian Coastal,5D2L9,Zenopsis conchifer,2024,number of occurrences,GAM,1,0.7892170271862974
14,Iberian Coastal,5D2L9,Zenopsis conchifer,2022,number of grid cells (10x10km),GAM,0,0.7793498851061279
14,Iberian Coastal,5D2L9,Zenopsis conchifer,2023,number of grid cells (10x10km),GAM,0,0.7793498851061279
14,Iberian Coastal,5D2L9,Zenopsis conchifer,2024,number of grid cells (10x10km),GAM,0,0.7793498851061279
14,Iberian Coastal,NPRJ,Bugula neritina,2022,number of occurrences,decision rules,1,
14,Iberian Coastal,NPRJ,Bugula neritina,2023,number of occurrences,decision rules,2,
14,Iberian Coastal,NPRJ,Bugula neritina,2024,number of occurrences,decision rules,2,
14,Iberian Coastal,NPRJ,Bugula neritina,2022,number of grid cells (10x10km),decision rules,1,
14,Iberian Coastal,NPRJ,Bugula neritina,2023,number of grid cells (10x10km),decision rules,2,
14,Iberian Coastal,NPRJ,Bugula neritina,2024,number of grid cells (10x10km),decision rules,2,
14,Iberian Coastal,VFD7,Ciona robusta,2022,number of occurrences,decision rules,1,
14,Iberian Coastal,VFD7,Ciona robusta,2023,number of occurrences,decision rules,1,
14,Iberian Coastal,VFD7,Ciona robusta,2024,number of occurrences,decision rules,1,
14,Iberian Coastal,VFD7,Ciona robusta,2022,number of grid cells (10x10km),decision rules,1,
14,Iberian Coastal,VFD7,Ciona robusta,2023,number of grid cells (10x10km),decision rules,1,
14,Iberian Coastal,VFD7,Ciona robusta,2024,number of grid cells (10x10km),decision rules,1,
14,Iberian Coastal,Z4FP,Crambe crambe,2022,number of occurrences,decision rules,1,
14,Iberian Coastal,Z4FP,Crambe crambe,2023,number of occurrences,decision rules,2,
14,Iberian Coastal,Z4FP,Crambe crambe,2024,number of occurrences,decision rules,1,
14,Iberian Coastal,Z4FP,Crambe crambe,2022,number of grid cells (10x10km),decision rules,1,
14,Iberian Coastal,Z4FP,Crambe crambe,2023,number of grid cells (10x10km),decision rules,2,
14,Iberian Coastal,Z4FP,Crambe crambe,2024,number of grid cells (10x10km),decision rules,1,
14,Iberian Coastal,38PCQ,Ecteinascidia turbinata,2022,number of occurrences,decision rules,2,
14,Iberian Coastal,38PCQ,Ecteinascidia turbinata,2023,number of occurrences,decision rules,2,
14,Iberian Coastal,38PCQ,Ecteinascidia turbinata,2024,number of occurrences,decision rules,2,
14,Iberian Coastal,38PCQ,Ecteinascidia turbinata,2022,number of grid cells (10x10km),decision rules,2,
14,Iberian Coastal,38PCQ,Ecteinascidia turbinata,2023,number of grid cells (10x10km),decision rules,3,
14,Iberian Coastal,38PCQ,Ecteinascidia turbinata,2024,number of grid cells (10x10km),decision rules,1,
14,Iberian Coastal,6RVDM,Necora puber,2022,number of occurrences,GAM,1,0.8656392847550531
14,Iberian Coastal,6RVDM,Necora puber,2023,number of occurrences,GAM,1,0.8656392847550531
14,Iberian Coastal,6RVDM,Necora puber,2024,number of occurrences,GAM,1,0.8656392847550531
14,Iberian Coastal,6RVDM,Necora puber,2022,number of grid cells (10x10km),GAM,1,0.9512644371174611
14,Iberian Coastal,6RVDM,Necora puber,2023,number of grid cells (10x10km),GAM,1,0.9512644371174611
14,Iberian Coastal,6RVDM,Necora puber,2024,number of grid cells (10x10km),GAM,1,0.9512644371174611
14,Iberian Coastal,SXTX7,Sphaerococcus coronopifolius,2022,number of occurrences,GAM,1,0.8876401668658485
14,Iberian Coastal,SXTX7,Sphaerococcus coronopifolius,2023,number of occurrences,GAM,1,0.8876401668658485
14,Iberian Coastal,SXTX7,Sphaerococcus coronopifolius,2024,number of occurrences,GAM,1,0.8876401668658485
14,Iberian Coastal,SXTX7,Sphaerococcus coronopifolius,2022,number of grid cells (10x10km),GAM,3,1.1166083987498527
14,Iberian Coastal,SXTX7,Sphaerococcus coronopifolius,2023,number of grid cells (10x10km),GAM,3,1.1166083987498527
14,Iberian Coastal,SXTX7,Sphaerococcus coronopifolius,2024,number of grid cells (10x10km),GAM,3,1.1166083987498527
14,Iberian Coastal,5BV6H,Watersipora subtorquata,2022,number of occurrences,decision rules,1,
14,Iberian Coastal,5BV6H,Watersipora subtorquata,2023,number of occurrences,decision rules,3,
14,Iberian Coastal,5BV6H,Watersipora subtorquata,2024,number of occurrences,decision rules,3,
14,Iberian Coastal,5BV6H,Watersipora subtorquata,2022,number of grid cells (10x10km),decision rules,1,
14,Iberian Coastal,5BV6H,Watersipora subtorquata,2023,number of grid cells (10x10km),decision rules,3,
14,Iberian Coastal,5BV6H,Watersipora subtorquata,2024,number of grid cells (10x10km),decision rules,3,
14,Iberian Coastal,3JBV8,Halichoerus grypus,2022,number of occurrences,GAM,1,0.8377945499438562
14,Iberian Coastal,3JBV8,Halichoerus grypus,2023,number of occurrences,GAM,1,0.8377945499438562
14,Iberian Coastal,3JBV8,Halichoerus grypus,2024,number of occurrences,GAM,1,0.8377945499438562
14,Iberian Coastal,3JBV8,Halichoerus grypus,2022,number of grid cells (10x10km),GAM,1,0.9554104369218336
14,Iberian Coastal,3JBV8,Halichoerus grypus,2023,number of grid cells (10x10km),GAM,1,0.9554104369218336
14,Iberian Coastal,3JBV8,Halichoerus grypus,2024,number of grid cells (10x10km),GAM,1,0.9554104369218336
6,Celtic-Biscay Shelf,B29V,Agonus cataphractus,2022,number of occurrences,GAM,0,0.81035240172754
6,Celtic-Biscay Shelf,B29V,Agonus cataphractus,2023,number of occurrences,GAM,0,0.81035240172754
6,Celtic-Biscay Shelf,B29V,Agonus cataphractus,2024,number of occurrences,GAM,0,0.81035240172754
6,Celtic-Biscay Shelf,B29V,Agonus cataphractus,2022,number of grid cells (10x10km),GAM,0,0.8474629114198192
6,Celtic-Biscay Shelf,B29V,Agonus cataphractus,2023,number of grid cells (10x10km),GAM,0,0.8474629114198192
6,Celtic-Biscay Shelf,B29V,Agonus cataphractus,2024,number of grid cells (10x10km),GAM,0,0.8474629114198192
6,Celtic-Biscay Shelf,BSN6,Alitta succinea,2022,number of occurrences,GAM,0,0.4713105223629562
6,Celtic-Biscay Shelf,BSN6,Alitta succinea,2023,number of occurrences,GAM,0,0.4713105223629562
6,Celtic-Biscay Shelf,BSN6,Alitta succinea,2024,number of occurrences,GAM,0,0.4713105223629562
6,Celtic-Biscay Shelf,BSN6,Alitta succinea,2022,number of grid cells (10x10km),GAM,0,0.6371332102093787
6,Celtic-Biscay Shelf,BSN6,Alitta succinea,2023,number of grid cells (10x10km),GAM,0,0.6371332102093787
6,Celtic-Biscay Shelf,BSN6,Alitta succinea,2024,number of grid cells (10x10km),GAM,0,0.6371332102093787
6,Celtic-Biscay Shelf,66DTZ,Ammothea hilgendorfi,2022,number of occurrences,GAM,1,0.7025086753545932
6,Celtic-Biscay Shelf,66DTZ,Ammothea hilgendorfi,2023,number of occurrences,GAM,1,0.7025086753545932
6,Celtic-Biscay Shelf,66DTZ,Ammothea hilgendorfi,2024,number of occurrences,GAM,1,0.7025086753545932
6,Celtic-Biscay Shelf,66DTZ,Ammothea hilgendorfi,2022,number of grid cells (10x10km),GAM,1,0.914557540168136
6,Celtic-Biscay Shelf,66DTZ,Ammothea hilgendorfi,2023,number of grid cells (10x10km),GAM,1,0.914557540168136
6,Celtic-Biscay Shelf,66DTZ,Ammothea hilgendorfi,2024,number of grid cells (10x10km),GAM,1,0.914557540168136
6,Celtic-Biscay Shelf,LCHL9,Amphibalanus eburneus,2022,number of occurrences,decision rules,2,
6,Celtic-Biscay Shelf,LCHL9,Amphibalanus eburneus,2023,number of occurrences,decision rules,1,
6,Celtic-Biscay Shelf,LCHL9,Amphibalanus eburneus,2024,number of occurrences,decision rules,2,
6,Celtic-Biscay Shelf,LCHL9,Amphibalanus eburneus,2022,number of grid cells (10x10km),decision rules,3,
6,Celtic-Biscay Shelf,LCHL9,Amphibalanus eburneus,2023,number of grid cells (10x10km),decision rules,1,
6,Celtic-Biscay Shelf,LCHL9,Amphibalanus eburneus,2024,number of grid cells (10x10km),decision rules,3,
6,Celtic-Biscay Shelf,7Q5KP,Antiopella cristata,2022,number of occurrences,GAM,0,0.7834361008675544
6,Celtic-Biscay Shelf,7Q5KP,Antiopella cristata,2023,number of occurrences,GAM,0,0.7834361008675544
6,Celtic-Biscay Shelf,7Q5KP,Antiopella cristata,2024,number of occurrences,GAM,0,0.7834361008675544
6,Celtic-Biscay Shelf,7Q5KP,Antiopella cristata,2022,number of grid cells (10x10km),GAM,1,0.9582892434435906
6,Celtic-Biscay Shelf,7Q5KP,Antiopella cristata,2023,number of grid cells (10x10km),GAM,1,0.9582892434435906
6,Celtic-Biscay Shelf,7Q5KP,Antiopella cristata,2024,number of grid cells (10x10km),GAM,1,0.9582892434435906
6,Celtic-Biscay Shelf,FNWY,Aplidium glabrum,2022,number of occurrences,GAM,3,1.0336813825234956
6,Celtic-Biscay Shelf,FNWY,Aplidium glabrum,2023,number of occurrences,GAM,3,1.0336813825234956
6,Celtic-Biscay Shelf,FNWY,Aplidium glabrum,2024,number of occurrences,GAM,3,1.0336813825234956
6,Celtic-Biscay Shelf,FNWY,Aplidium glabrum,2022,number of grid cells (10x10km),GAM,3,1.0763574606511055
6,Celtic-Biscay Shelf,FNWY,Aplidium glabrum,2023,number of grid cells (10x10km),GAM,3,1.0763574606511055
6,Celtic-Biscay Shelf,FNWY,Aplidium glabrum,2024,number of grid cells (10x10km),GAM,3,1.0763574606511055
6,Celtic-Biscay Shelf,LQ348,Asparagopsis armata,2022,number of occurrences,GAM,3,1.1176220360141909
6,Celtic-Biscay Shelf,LQ348,Asparagopsis armata,2023,number of occurrences,GAM,3,1.1176220360141909
6,Celtic-Biscay Shelf,LQ348,Asparagopsis armata,2024,number of occurrences,GAM,3,1.1176220360141909
6,Celtic-Biscay Shelf,LQ348,Asparagopsis armata,2022,number of grid cells (10x10km),GAM,3,1.1103468019350196
6,Celtic-Biscay Shelf,LQ348,Asparagopsis armata,2023,number of grid cells (10x10km),GAM,3,1.1103468019350196
6,Celtic-Biscay Shelf,LQ348,Asparagopsis armata,2024,number of grid cells (10x10km),GAM,3,1.1103468019350196
6,Celtic-Biscay Shelf,686FK,Asterocarpa humilis,2022,number of occurrences,decision rules,1,
6,Celtic-Biscay Shelf,686FK,Asterocarpa humilis,2023,number of occurrences,decision rules,2,
6,Celtic-Biscay Shelf,686FK,Asterocarpa humilis,2024,number of occurrences,decision rules,2,
6,Celtic-Biscay Shelf,686FK,Asterocarpa humilis,2022,number of grid cells (10x10km),decision rules,1,
6,Celtic-Biscay Shelf,686FK,Asterocarpa humilis,2023,number of grid cells (10x10km),decision rules,3,
6,Celtic-Biscay Shelf,686FK,Asterocarpa humilis,2024,number of grid cells (10x10km),decision rules,2,
6,Celtic-Biscay Shelf,LSKVH,Austrominius modestus,2022,number of occurrences,GAM,1,0.879315093385297
6,Celtic-Biscay Shelf,LSKVH,Austrominius modestus,2023,number of occurrences,GAM,1,0.879315093385297
6,Celtic-Biscay Shelf,LSKVH,Austrominius modestus,2024,number of occurrences,GAM,1,0.879315093385297
6,Celtic-Biscay Shelf,LSKVH,Austrominius modestus,2022,number of grid cells (10x10km),GAM,1,0.9981957777857118
6,Celtic-Biscay Shelf,LSKVH,Austrominius modestus,2023,number of grid cells (10x10km),GAM,1,0.9981957777857118
6,Celtic-Biscay Shelf,LSKVH,Austrominius modestus,2024,number of grid cells (10x10km),GAM,1,0.9981957777857118
6,Celtic-Biscay Shelf,MPMK,Botrylloides diegensis,2022,number of occurrences,GAM,3,1.0612592273982793
6,Celtic-Biscay Shelf,MPMK,Botrylloides diegensis,2023,number of occurrences,GAM,3,1.0612592273982793
6,Celtic-Biscay Shelf,MPMK,Botrylloides diegensis,2024,number of occurrences,GAM,3,1.0612592273982793
6,Celtic-Biscay Shelf,MPMK,Botrylloides diegensis,2022,number of grid cells (10x10km),GAM,3,1.050611598554008
6,Celtic-Biscay Shelf,MPMK,Botrylloides diegensis,2023,number of grid cells (10x10km),GAM,3,1.050611598554008
6,Celtic-Biscay Shelf,MPMK,Botrylloides diegensis,2024,number of grid cells (10x10km),GAM,3,1.050611598554008
6,Celtic-Biscay Shelf,MPMV,Botrylloides leachii,2022,number of occurrences,GAM,0,0.7904555582118794
6,Celtic-Biscay Shelf,MPMV,Botrylloides leachii,2023,number of occurrences,GAM,0,0.7904555582118794
6,Celtic-Biscay Shelf,MPMV,Botrylloides leachii,2024,number of occurrences,GAM,0,0.7904555582118794
6,Celtic-Biscay Shelf,MPMV,Botrylloides leachii,2022,number of grid cells (10x10km),GAM,0,0.7896052646270544
6,Celtic-Biscay Shelf,MPMV,Botrylloides leachii,2023,number of grid cells (10x10km),GAM,0,0.7896052646270544
6,Celtic-Biscay Shelf,MPMV,Botrylloides leachii,2024,number of grid cells (10x10km),GAM,0,0.7896052646270544
6,Celtic-Biscay Shelf,PS2Z,Calliostoma zizyphinum,2022,number of occurrences,GAM,1,0.924339515283356
6,Celtic-Biscay Shelf,PS2Z,Calliostoma zizyphinum,2023,number of occurrences,GAM,1,0.924339515283356
6,Celtic-Biscay Shelf,PS2Z,Calliostoma zizyphinum,2024,number of occurrences,GAM,1,0.924339515283356
6,Celtic-Biscay Shelf,PS2Z,Calliostoma zizyphinum,2022,number of grid cells (10x10km),GAM,1,0.9882502758706196
6,Celtic-Biscay Shelf,PS2Z,Calliostoma zizyphinum,2023,number of grid cells (10x10km),GAM,1,0.9882502758706196
6,Celtic-Biscay Shelf,PS2Z,Calliostoma zizyphinum,2024,number of grid cells (10x10km),GAM,1,0.9882502758706196
6,Celtic-Biscay Shelf,Q76B,Calyptraea chinensis,2022,number of occurrences,GAM,0,0.6972660999161425
6,Celtic-Biscay Shelf,Q76B,Calyptraea chinensis,2023,number of occurrences,GAM,0,0.6972660999161425
6,Celtic-Biscay Shelf,Q76B,Calyptraea chinensis,2024,number of occurrences,GAM,0,0.6972660999161425
6,Celtic-Biscay Shelf,Q76B,Calyptraea chinensis,2022,number of grid cells (10x10km),GAM,0,0.8629905851071242
6,Celtic-Biscay Shelf,Q76B,Calyptraea chinensis,2023,number of grid cells (10x10km),GAM,0,0.8629905851071242
6,Celtic-Biscay Shelf,Q76B,Calyptraea chinensis,2024,number of grid cells (10x10km),GAM,0,0.8629905851071242
6,Celtic-Biscay Shelf,QSCF,Caprella mutica,2022,number of occurrences,GAM,1,0.9618790924957766
6,Celtic-Biscay Shelf,QSCF,Caprella mutica,2023,number of occurrences,GAM,1,0.9618790924957766
6,Celtic-Biscay Shelf,QSCF,Caprella mutica,2024,number of occurrences,GAM,1,0.9618790924957766
6,Celtic-Biscay Shelf,QSCF,Caprella mutica,2022,number of grid cells (10x10km),GAM,3,1.024570227381799
6,Celtic-Biscay Shelf,QSCF,Caprella mutica,2023,number of grid cells (10x10km),GAM,1,1.024570227381799
6,Celtic-Biscay Shelf,QSCF,Caprella mutica,2024,number of grid cells (10x10km),GAM,1,1.024570227381799
6,Celtic-Biscay Shelf,R48N,Carcinus maenas,2022,number of occurrences,GAM,3,1.0246072580589638
6,Celtic-Biscay Shelf,R48N,Carcinus maenas,2023,number of occurrences,GAM,3,1.0246072580589638
6,Celtic-Biscay Shelf,R48N,Carcinus maenas,2024,number of occurrences,GAM,1,1.0246072580589638
6,Celtic-Biscay Shelf,R48N,Carcinus maenas,2022,number of grid cells (10x10km),GAM,3,1.0584330659834977
6,Celtic-Biscay Shelf,R48N,Carcinus maenas,2023,number of grid cells (10x10km),GAM,3,1.0584330659834977
6,Celtic-Biscay Shelf,R48N,Carcinus maenas,2024,number of grid cells (10x10km),GAM,3,1.0584330659834977
6,Celtic-Biscay Shelf,M9Y66,Caulacanthus okamurae,2022,number of occurrences,GAM,0,0.7264580431799886
6,Celtic-Biscay Shelf,M9Y66,Caulacanthus okamurae,2023,number of occurrences,GAM,0,0.7264580431799886
6,Celtic-Biscay Shelf,M9Y66,Caulacanthus okamurae,2024,number of occurrences,GAM,0,0.7264580431799886
6,Celtic-Biscay Shelf,M9Y66,Caulacanthus okamurae,2022,number of grid cells (10x10km),GAM,0,0.866370735817491
6,Celtic-Biscay Shelf,M9Y66,Caulacanthus okamurae,2023,number of grid cells (10x10km),GAM,0,0.866370735817491
6,Celtic-Biscay Shelf,M9Y66,Caulacanthus okamurae,2024,number of grid cells (10x10km),GAM,0,0.866370735817491
6,Celtic-Biscay Shelf,SXGX,Cereus pedunculatus,2022,number of occurrences,GAM,1,0.8501259257038032
6,Celtic-Biscay Shelf,SXGX,Cereus pedunculatus,2023,number of occurrences,GAM,1,0.8501259257038032
6,Celtic-Biscay Shelf,SXGX,Cereus pedunculatus,2024,number of occurrences,GAM,1,0.8501259257038032
6,Celtic-Biscay Shelf,SXGX,Cereus pedunculatus,2022,number of grid cells (10x10km),GAM,1,0.9046495443322723
6,Celtic-Biscay Shelf,SXGX,Cereus pedunculatus,2023,number of grid cells (10x10km),GAM,1,0.9046495443322723
6,Celtic-Biscay Shelf,SXGX,Cereus pedunculatus,2024,number of grid cells (10x10km),GAM,1,0.9046495443322723
6,Celtic-Biscay Shelf,TB5V,Chaetoceros lorenzianus,2022,number of occurrences,GAM,3,1.2899520236187434
6,Celtic-Biscay Shelf,TB5V,Chaetoceros lorenzianus,2023,number of occurrences,GAM,3,1.2899520236187434
6,Celtic-Biscay Shelf,TB5V,Chaetoceros lorenzianus,2024,number of occurrences,GAM,3,1.2899520236187434
6,Celtic-Biscay Shelf,TB5V,Chaetoceros lorenzianus,2022,number of grid cells (10x10km),GAM,3,1.1811108872863545
6,Celtic-Biscay Shelf,TB5V,Chaetoceros lorenzianus,2023,number of grid cells (10x10km),GAM,3,1.1811108872863545
6,Celtic-Biscay Shelf,TB5V,Chaetoceros lorenzianus,2024,number of grid cells (10x10km),GAM,3,1.1811108872863545
6,Celtic-Biscay Shelf,TVBX,Chelon labrosus,2022,number of occurrences,GAM,0,0.8696922935974998
6,Celtic-Biscay Shelf,TVBX,Chelon labrosus,2023,number of occurrences,GAM,0,0.8696922935974998
6,Celtic-Biscay Shelf,TVBX,Chelon labrosus,2024,number of occurrences,GAM,0,0.8696922935974998
6,Celtic-Biscay Shelf,TVBX,Chelon labrosus,2022,number of grid cells (10x10km),GAM,0,0.8733606730526003
6,Celtic-Biscay Shelf,TVBX,Chelon labrosus,2023,number of grid cells (10x10km),GAM,0,0.8733606730526003
6,Celtic-Biscay Shelf,TVBX,Chelon labrosus,2024,number of grid cells (10x10km),GAM,0,0.8733606730526003
6,Celtic-Biscay Shelf,ML9NC,Chondria coerulescens,2022,number of occurrences,GAM,1,0.8092063454787041
6,Celtic-Biscay Shelf,ML9NC,Chondria coerulescens,2023,number of occurrences,GAM,1,0.8092063454787041
6,Celtic-Biscay Shelf,ML9NC,Chondria coerulescens,2024,number of occurrences,GAM,1,0.8092063454787041
6,Celtic-Biscay Shelf,ML9NC,Chondria coerulescens,2022,number of grid cells (10x10km),GAM,1,0.9459778031560572
6,Celtic-Biscay Shelf,ML9NC,Chondria coerulescens,2023,number of grid cells (10x10km),GAM,1,0.9459778031560572
6,Celtic-Biscay Shelf,ML9NC,Chondria coerulescens,2024,number of grid cells (10x10km),GAM,1,0.9459778031560572
6,Celtic-Biscay Shelf,MM697,Chorda filum,2022,number of occurrences,GAM,0,0.5847632385778797
6,Celtic-Biscay Shelf,MM697,Chorda filum,2023,number of occurrences,GAM,0,0.5847632385778797
6,Celtic-Biscay Shelf,MM697,Chorda filum,2024,number of occurrences,GAM,0,0.5847632385778797
6,Celtic-Biscay Shelf,MM697,Chorda filum,2022,number of grid cells (10x10km),GAM,1,0.9796235418992998
6,Celtic-Biscay Shelf,MM697,Chorda filum,2023,number of grid cells (10x10km),GAM,1,0.9796235418992998
6,Celtic-Biscay Shelf,MM697,Chorda filum,2024,number of grid cells (10x10km),GAM,1,0.9796235418992998
6,Celtic-Biscay Shelf,MVLMW,Chthamalus stellatus,2022,number of occurrences,GAM,1,0.9517230723259775
6,Celtic-Biscay Shelf,MVLMW,Chthamalus stellatus,2023,number of occurrences,GAM,1,0.9517230723259775
6,Celtic-Biscay Shelf,MVLMW,Chthamalus stellatus,2024,number of occurrences,GAM,1,0.9517230723259775
6,Celtic-Biscay Shelf,MVLMW,Chthamalus stellatus,2022,number of grid cells (10x10km),GAM,1,0.958080354387026
6,Celtic-Biscay Shelf,MVLMW,Chthamalus stellatus,2023,number of grid cells (10x10km),GAM,1,0.958080354387026
6,Celtic-Biscay Shelf,MVLMW,Chthamalus stellatus,2024,number of grid cells (10x10km),GAM,1,0.958080354387026
6,Celtic-Biscay Shelf,N4VRP,Codium fragile,2022,number of occurrences,GAM,3,1.0137401949913851
6,Celtic-Biscay Shelf,N4VRP,Codium fragile,2023,number of occurrences,GAM,1,1.0137401949913851
6,Celtic-Biscay Shelf,N4VRP,Codium fragile,2024,number of occurrences,GAM,1,1.0137401949913851
6,Celtic-Biscay Shelf,N4VRP,Codium fragile,2022,number of grid cells (10x10km),GAM,0,0.7649798002695883
6,Celtic-Biscay Shelf,N4VRP,Codium fragile,2023,number of grid cells (10x10km),GAM,0,0.7649798002695883
6,Celtic-Biscay Shelf,N4VRP,Codium fragile,2024,number of grid cells (10x10km),GAM,0,0.7649798002695883
6,Celtic-Biscay Shelf,YSGX,Coryphoblennius galerita,2022,number of occurrences,GAM,3,1.153019677719092
6,Celtic-Biscay Shelf,YSGX,Coryphoblennius galerita,2023,number of occurrences,GAM,3,1.153019677719092
6,Celtic-Biscay Shelf,YSGX,Coryphoblennius galerita,2024,number of occurrences,GAM,3,1.153019677719092
6,Celtic-Biscay Shelf,YSGX,Coryphoblennius galerita,2022,number of grid cells (10x10km),GAM,3,1.134489960735199
6,Celtic-Biscay Shelf,YSGX,Coryphoblennius galerita,2023,number of grid cells (10x10km),GAM,3,1.134489960735199
6,Celtic-Biscay Shelf,YSGX,Coryphoblennius galerita,2024,number of grid cells (10x10km),GAM,3,1.134489960735199
6,Celtic-Biscay Shelf,Z8ZR,Craterolophus convolvulus,2022,number of occurrences,GAM,3,1.1020438313310006
6,Celtic-Biscay Shelf,Z8ZR,Craterolophus convolvulus,2023,number of occurrences,GAM,3,1.1020438313310006
6,Celtic-Biscay Shelf,Z8ZR,Craterolophus convolvulus,2024,number of occurrences,GAM,3,1.1020438313310006
6,Celtic-Biscay Shelf,Z8ZR,Craterolophus convolvulus,2022,number of grid cells (10x10km),GAM,3,1.0721694145743514
6,Celtic-Biscay Shelf,Z8ZR,Craterolophus convolvulus,2023,number of grid cells (10x10km),GAM,3,1.0721694145743514
6,Celtic-Biscay Shelf,Z8ZR,Craterolophus convolvulus,2024,number of grid cells (10x10km),GAM,3,1.0721694145743514
6,Celtic-Biscay Shelf,ZJCF,Crisularia plumosa,2022,number of occurrences,GAM,0,0.8936769495926933
6,Celtic-Biscay Shelf,ZJCF,Crisularia plumosa,2023,number of occurrences,GAM,0,0.8936769495926933
6,Celtic-Biscay Shelf,ZJCF,Crisularia plumosa,2024,number of occurrences,GAM,0,0.8936769495926933
6,Celtic-Biscay Shelf,ZJCF,Crisularia plumosa,2022,number of grid cells (10x10km),GAM,0,0.6598970660901854
6,Celtic-Biscay Shelf,ZJCF,Crisularia plumosa,2023,number of grid cells (10x10km),GAM,0,0.6598970660901854
6,Celtic-Biscay Shelf,ZJCF,Crisularia plumosa,2024,number of grid cells (10x10km),GAM,0,0.6598970660901854
6,Celtic-Biscay Shelf,32WFN,Cyclopterus lumpus,2022,number of occurrences,GAM,0,0.8657720406052148
6,Celtic-Biscay Shelf,32WFN,Cyclopterus lumpus,2023,number of occurrences,GAM,0,0.8657720406052148
6,Celtic-Biscay Shelf,32WFN,Cyclopterus lumpus,2024,number of occurrences,GAM,0,0.8657720406052148
6,Celtic-Biscay Shelf,32WFN,Cyclopterus lumpus,2022,number of grid cells (10x10km),GAM,0,0.8809393906998161
6,Celtic-Biscay Shelf,32WFN,Cyclopterus lumpus,2023,number of grid cells (10x10km),GAM,0,0.8809393906998161
6,Celtic-Biscay Shelf,32WFN,Cyclopterus lumpus,2024,number of grid cells (10x10km),GAM,0,0.8809393906998161
6,Celtic-Biscay Shelf,358C6,Diadumene lineata,2022,number of occurrences,decision rules,2,
6,Celtic-Biscay Shelf,358C6,Diadumene lineata,2023,number of occurrences,decision rules,2,
6,Celtic-Biscay Shelf,358C6,Diadumene lineata,2024,number of occurrences,decision rules,2,
6,Celtic-Biscay Shelf,358C6,Diadumene lineata,2022,number of grid cells (10x10km),GAM,3,1.0733529981486007
6,Celtic-Biscay Shelf,358C6,Diadumene lineata,2023,number of grid cells (10x10km),GAM,3,1.0733529981486007
6,Celtic-Biscay Shelf,358C6,Diadumene lineata,2024,number of grid cells (10x10km),GAM,3,1.0733529981486007
6,Celtic-Biscay Shelf,6CY2M,Diplodus vulgaris,2022,number of occurrences,GAM,3,1.1377048828117082
6,Celtic-Biscay Shelf,6CY2M,Diplodus vulgaris,2023,number of occurrences,GAM,3,1.1377048828117082
6,Celtic-Biscay Shelf,6CY2M,Diplodus vulgaris,2024,number of occurrences,GAM,3,1.1377048828117082
6,Celtic-Biscay Shelf,6CY2M,Diplodus vulgaris,2022,number of grid cells (10x10km),GAM,3,1.0467736052562941
6,Celtic-Biscay Shelf,6CY2M,Diplodus vulgaris,2023,number of grid cells (10x10km),GAM,3,1.0467736052562941
6,Celtic-Biscay Shelf,6CY2M,Diplodus vulgaris,2024,number of grid cells (10x10km),GAM,1,1.0467736052562941
6,Celtic-Biscay Shelf,36PZC,Dipolydora quadrilobata,2022,number of occurrences,GAM,0,0.7134330315388829
6,Celtic-Biscay Shelf,36PZC,Dipolydora quadrilobata,2023,number of occurrences,GAM,0,0.7134330315388829
6,Celtic-Biscay Shelf,36PZC,Dipolydora quadrilobata,2024,number of occurrences,GAM,0,0.7134330315388829
6,Celtic-Biscay Shelf,36PZC,Dipolydora quadrilobata,2022,number of grid cells (10x10km),GAM,0,0.7963079326271804
6,Celtic-Biscay Shelf,36PZC,Dipolydora quadrilobata,2023,number of grid cells (10x10km),GAM,0,0.7963079326271804
6,Celtic-Biscay Shelf,36PZC,Dipolydora quadrilobata,2024,number of grid cells (10x10km),GAM,0,0.7963079326271804
6,Celtic-Biscay Shelf,3D8MS,Eusarsiella zostericola,2022,number of occurrences,GAM,1,0.6494688391447639
6,Celtic-Biscay Shelf,3D8MS,Eusarsiella zostericola,2023,number of occurrences,GAM,1,0.6494688391447639
6,Celtic-Biscay Shelf,3D8MS,Eusarsiella zostericola,2024,number of occurrences,GAM,1,0.6494688391447639
6,Celtic-Biscay Shelf,3D8MS,Eusarsiella zostericola,2022,number of grid cells (10x10km),GAM,1,0.8560626938432895
6,Celtic-Biscay Shelf,3D8MS,Eusarsiella zostericola,2023,number of grid cells (10x10km),GAM,1,0.8560626938432895
6,Celtic-Biscay Shelf,3D8MS,Eusarsiella zostericola,2024,number of grid cells (10x10km),GAM,1,0.8560626938432895
6,Celtic-Biscay Shelf,6HVS2,Ficopomatus enigmaticus,2022,number of occurrences,GAM,1,0.9068393174488398
6,Celtic-Biscay Shelf,6HVS2,Ficopomatus enigmaticus,2023,number of occurrences,GAM,1,0.9068393174488398
6,Celtic-Biscay Shelf,6HVS2,Ficopomatus enigmaticus,2024,number of occurrences,GAM,1,0.9068393174488398
6,Celtic-Biscay Shelf,6HVS2,Ficopomatus enigmaticus,2022,number of grid cells (10x10km),GAM,1,0.9343825863123882
6,Celtic-Biscay Shelf,6HVS2,Ficopomatus enigmaticus,2023,number of grid cells (10x10km),GAM,1,0.9343825863123882
6,Celtic-Biscay Shelf,6HVS2,Ficopomatus enigmaticus,2024,number of grid cells (10x10km),GAM,1,0.9343825863123882
6,Celtic-Biscay Shelf,PGHVY,Fucus distichus,2022,number of occurrences,GAM,3,1.0544439052720636
6,Celtic-Biscay Shelf,PGHVY,Fucus distichus,2023,number of occurrences,GAM,3,1.0544439052720636
6,Celtic-Biscay Shelf,PGHVY,Fucus distichus,2024,number of occurrences,GAM,3,1.0544439052720636
6,Celtic-Biscay Shelf,PGHVY,Fucus distichus,2022,number of grid cells (10x10km),GAM,3,1.0512558706462993
6,Celtic-Biscay Shelf,PGHVY,Fucus distichus,2023,number of grid cells (10x10km),GAM,3,1.0512558706462993
6,Celtic-Biscay Shelf,PGHVY,Fucus distichus,2024,number of grid cells (10x10km),GAM,3,1.0512558706462993
6,Celtic-Biscay Shelf,PGMCT,Fucus serratus,2022,number of occurrences,GAM,3,1.0219714062345702
6,Celtic-Biscay Shelf,PGMCT,Fucus serratus,2023,number of occurrences,GAM,3,1.0219714062345702
6,Celtic-Biscay Shelf,PGMCT,Fucus serratus,2024,number of occurrences,GAM,3,1.0219714062345702
6,Celtic-Biscay Shelf,PGMCT,Fucus serratus,2022,number of grid cells (10x10km),GAM,3,1.0305727510982423
6,Celtic-Biscay Shelf,PGMCT,Fucus serratus,2023,number of grid cells (10x10km),GAM,3,1.0305727510982423
6,Celtic-Biscay Shelf,PGMCT,Fucus serratus,2024,number of grid cells (10x10km),GAM,3,1.0305727510982423
6,Celtic-Biscay Shelf,PKB9M,Grateloupia subpectinata,2022,number of occurrences,GAM,1,0.7477111998689757
6,Celtic-Biscay Shelf,PKB9M,Grateloupia subpectinata,2023,number of occurrences,GAM,1,0.7477111998689757
6,Celtic-Biscay Shelf,PKB9M,Grateloupia subpectinata,2024,number of occurrences,GAM,1,0.7477111998689757
6,Celtic-Biscay Shelf,PKB9M,Grateloupia subpectinata,2022,number of grid cells (10x10km),GAM,1,0.836064675145469
6,Celtic-Biscay Shelf,PKB9M,Grateloupia subpectinata,2023,number of grid cells (10x10km),GAM,1,0.836064675145469
6,Celtic-Biscay Shelf,PKB9M,Grateloupia subpectinata,2024,number of grid cells (10x10km),GAM,1,0.836064675145469
6,Celtic-Biscay Shelf,6KZCH,Haliotis tuberculata,2022,number of occurrences,GAM,3,1.1692210940895482
6,Celtic-Biscay Shelf,6KZCH,Haliotis tuberculata,2023,number of occurrences,GAM,3,1.1692210940895482
6,Celtic-Biscay Shelf,6KZCH,Haliotis tuberculata,2024,number of occurrences,GAM,3,1.1692210940895482
6,Celtic-Biscay Shelf,6KZCH,Haliotis tuberculata,2022,number of grid cells (10x10km),GAM,3,1.129520006940687
6,Celtic-Biscay Shelf,6KZCH,Haliotis tuberculata,2023,number of grid cells (10x10km),GAM,3,1.129520006940687
6,Celtic-Biscay Shelf,6KZCH,Haliotis tuberculata,2024,number of grid cells (10x10km),GAM,3,1.129520006940687
6,Celtic-Biscay Shelf,7VBK3,Halisarca dujardinii,2022,number of occurrences,GAM,0,0.5299127094994507
6,Celtic-Biscay Shelf,7VBK3,Halisarca dujardinii,2023,number of occurrences,GAM,0,0.5299127094994507
6,Celtic-Biscay Shelf,7VBK3,Halisarca dujardinii,2024,number of occurrences,GAM,0,0.5299127094994507
6,Celtic-Biscay Shelf,7VBK3,Halisarca dujardinii,2022,number of grid cells (10x10km),GAM,0,0.6942198638999306
6,Celtic-Biscay Shelf,7VBK3,Halisarca dujardinii,2023,number of grid cells (10x10km),GAM,0,0.6942198638999306
6,Celtic-Biscay Shelf,7VBK3,Halisarca dujardinii,2024,number of grid cells (10x10km),GAM,0,0.6942198638999306
6,Celtic-Biscay Shelf,L26KD,Hemigrapsus sanguineus,2022,number of occurrences,GAM,3,1.2314038639891087
6,Celtic-Biscay Shelf,L26KD,Hemigrapsus sanguineus,2023,number of occurrences,GAM,3,1.2314038639891087
6,Celtic-Biscay Shelf,L26KD,Hemigrapsus sanguineus,2024,number of occurrences,GAM,3,1.2314038639891087
6,Celtic-Biscay Shelf,L26KD,Hemigrapsus sanguineus,2022,number of grid cells (10x10km),GAM,3,1.1172684354557612
6,Celtic-Biscay Shelf,L26KD,Hemigrapsus sanguineus,2023,number of grid cells (10x10km),GAM,3,1.1172684354557612
6,Celtic-Biscay Shelf,L26KD,Hemigrapsus sanguineus,2024,number of grid cells (10x10km),GAM,3,1.1172684354557612
6,Celtic-Biscay Shelf,3NHYZ,Hymeniacidon perlevis,2022,number of occurrences,GAM,1,0.8318811711095627
6,Celtic-Biscay Shelf,3NHYZ,Hymeniacidon perlevis,2023,number of occurrences,GAM,1,0.8318811711095627
6,Celtic-Biscay Shelf,3NHYZ,Hymeniacidon perlevis,2024,number of occurrences,GAM,1,0.8318811711095627
6,Celtic-Biscay Shelf,3NHYZ,Hymeniacidon perlevis,2022,number of grid cells (10x10km),GAM,1,0.9583453222536507
6,Celtic-Biscay Shelf,3NHYZ,Hymeniacidon perlevis,2023,number of grid cells (10x10km),GAM,1,0.9583453222536507
6,Celtic-Biscay Shelf,3NHYZ,Hymeniacidon perlevis,2024,number of grid cells (10x10km),GAM,1,0.9583453222536507
6,Celtic-Biscay Shelf,3T7JW,Lepadogaster candolii,2022,number of occurrences,GAM,3,1.0821246819086763
6,Celtic-Biscay Shelf,3T7JW,Lepadogaster candolii,2023,number of occurrences,GAM,3,1.0821246819086763
6,Celtic-Biscay Shelf,3T7JW,Lepadogaster candolii,2024,number of occurrences,GAM,3,1.0821246819086763
6,Celtic-Biscay Shelf,3T7JW,Lepadogaster candolii,2022,number of grid cells (10x10km),GAM,3,1.0169841886069022
6,Celtic-Biscay Shelf,3T7JW,Lepadogaster candolii,2023,number of grid cells (10x10km),GAM,1,1.0169841886069022
6,Celtic-Biscay Shelf,3T7JW,Lepadogaster candolii,2024,number of grid cells (10x10km),GAM,1,1.0169841886069022
6,Celtic-Biscay Shelf,3VNQM,Littorina obtusata,2022,number of occurrences,GAM,1,0.9097210583801584
6,Celtic-Biscay Shelf,3VNQM,Littorina obtusata,2023,number of occurrences,GAM,1,0.9097210583801584
6,Celtic-Biscay Shelf,3VNQM,Littorina obtusata,2024,number of occurrences,GAM,1,0.9097210583801584
6,Celtic-Biscay Shelf,3VNQM,Littorina obtusata,2022,number of grid cells (10x10km),GAM,1,0.9893392341166729
6,Celtic-Biscay Shelf,3VNQM,Littorina obtusata,2023,number of grid cells (10x10km),GAM,1,0.9893392341166729
6,Celtic-Biscay Shelf,3VNQM,Littorina obtusata,2024,number of grid cells (10x10km),GAM,1,0.9893392341166729
6,Celtic-Biscay Shelf,VL8MP,Melanothamnus harveyi,2022,number of occurrences,GAM,1,0.7262762678873904
6,Celtic-Biscay Shelf,VL8MP,Melanothamnus harveyi,2023,number of occurrences,GAM,1,0.7262762678873904
6,Celtic-Biscay Shelf,VL8MP,Melanothamnus harveyi,2024,number of occurrences,GAM,1,0.7262762678873904
6,Celtic-Biscay Shelf,VL8MP,Melanothamnus harveyi,2022,number of grid cells (10x10km),GAM,1,0.929043680882204
6,Celtic-Biscay Shelf,VL8MP,Melanothamnus harveyi,2023,number of grid cells (10x10km),GAM,1,0.929043680882204
6,Celtic-Biscay Shelf,VL8MP,Melanothamnus harveyi,2024,number of grid cells (10x10km),GAM,1,0.929043680882204
6,Celtic-Biscay Shelf,3ZTFD,Mercenaria mercenaria,2022,number of occurrences,decision rules,3,
6,Celtic-Biscay Shelf,3ZTFD,Mercenaria mercenaria,2023,number of occurrences,decision rules,2,
6,Celtic-Biscay Shelf,3ZTFD,Mercenaria mercenaria,2024,number of occurrences,decision rules,2,
6,Celtic-Biscay Shelf,3ZTFD,Mercenaria mercenaria,2022,number of grid cells (10x10km),GAM,3,1.0664206896784403
6,Celtic-Biscay Shelf,3ZTFD,Mercenaria mercenaria,2023,number of grid cells (10x10km),GAM,3,1.0664206896784403
6,Celtic-Biscay Shelf,3ZTFD,Mercenaria mercenaria,2024,number of grid cells (10x10km),GAM,3,1.0664206896784403
6,Celtic-Biscay Shelf,42Z4T,Micromesistius poutassou,2022,number of occurrences,GAM,1,0.9058394584600595
6,Celtic-Biscay Shelf,42Z4T,Micromesistius poutassou,2023,number of occurrences,GAM,1,0.9058394584600595
6,Celtic-Biscay Shelf,42Z4T,Micromesistius poutassou,2024,number of occurrences,GAM,1,0.9058394584600595
6,Celtic-Biscay Shelf,42Z4T,Micromesistius poutassou,2022,number of grid cells (10x10km),GAM,1,0.9940062681354872
6,Celtic-Biscay Shelf,42Z4T,Micromesistius poutassou,2023,number of grid cells (10x10km),GAM,1,0.9940062681354872
6,Celtic-Biscay Shelf,42Z4T,Micromesistius poutassou,2024,number of grid cells (10x10km),GAM,1,0.9940062681354872
6,Celtic-Biscay Shelf,44RHY,Mya arenaria,2022,number of occurrences,GAM,1,0.9479094540672269
6,Celtic-Biscay Shelf,44RHY,Mya arenaria,2023,number of occurrences,GAM,1,0.9479094540672269
6,Celtic-Biscay Shelf,44RHY,Mya arenaria,2024,number of occurrences,GAM,1,0.9479094540672269
6,Celtic-Biscay Shelf,44RHY,Mya arenaria,2022,number of grid cells (10x10km),GAM,3,1.0529195548645809
6,Celtic-Biscay Shelf,44RHY,Mya arenaria,2023,number of grid cells (10x10km),GAM,3,1.0529195548645809
6,Celtic-Biscay Shelf,44RHY,Mya arenaria,2024,number of grid cells (10x10km),GAM,3,1.0529195548645809
6,Celtic-Biscay Shelf,9GQWD,Palaemon elegans,2022,number of occurrences,GAM,3,1.0824530108210324
6,Celtic-Biscay Shelf,9GQWD,Palaemon elegans,2023,number of occurrences,GAM,3,1.0824530108210324
6,Celtic-Biscay Shelf,9GQWD,Palaemon elegans,2024,number of occurrences,GAM,3,1.0824530108210324
6,Celtic-Biscay Shelf,9GQWD,Palaemon elegans,2022,number of grid cells (10x10km),GAM,3,1.0741509757288488
6,Celtic-Biscay Shelf,9GQWD,Palaemon elegans,2023,number of grid cells (10x10km),GAM,3,1.0741509757288488
6,Celtic-Biscay Shelf,9GQWD,Palaemon elegans,2024,number of grid cells (10x10km),GAM,3,1.0741509757288488
6,Celtic-Biscay Shelf,RCDCN,Perforatus perforatus,2022,number of occurrences,GAM,1,1.0008839055638203
6,Celtic-Biscay Shelf,RCDCN,Perforatus perforatus,2023,number of occurrences,GAM,1,1.0008839055638203
6,Celtic-Biscay Shelf,RCDCN,Perforatus perforatus,2024,number of occurrences,GAM,1,1.0008839055638203
6,Celtic-Biscay Shelf,RCDCN,Perforatus perforatus,2022,number of grid cells (10x10km),GAM,3,1.0410515298483265
6,Celtic-Biscay Shelf,RCDCN,Perforatus perforatus,2023,number of grid cells (10x10km),GAM,3,1.0410515298483265
6,Celtic-Biscay Shelf,RCDCN,Perforatus perforatus,2024,number of grid cells (10x10km),GAM,3,1.0410515298483265
6,Celtic-Biscay Shelf,4FDSH,Petricolaria pholadiformis,2022,number of occurrences,GAM,3,1.0575082147467199
6,Celtic-Biscay Shelf,4FDSH,Petricolaria pholadiformis,2023,number of occurrences,GAM,3,1.0575082147467199
6,Celtic-Biscay Shelf,4FDSH,Petricolaria pholadiformis,2024,number of occurrences,GAM,3,1.0575082147467199
6,Celtic-Biscay Shelf,4FDSH,Petricolaria pholadiformis,2022,number of grid cells (10x10km),GAM,3,1.1315644328725951
6,Celtic-Biscay Shelf,4FDSH,Petricolaria pholadiformis,2023,number of grid cells (10x10km),GAM,3,1.1315644328725951
6,Celtic-Biscay Shelf,4FDSH,Petricolaria pholadiformis,2024,number of grid cells (10x10km),GAM,3,1.1315644328725951
6,Celtic-Biscay Shelf,4FS5C,Phallusia mammillata,2022,number of occurrences,GAM,1,0.9968746285238486
6,Celtic-Biscay Shelf,4FS5C,Phallusia mammillata,2023,number of occurrences,GAM,1,0.9968746285238486
6,Celtic-Biscay Shelf,4FS5C,Phallusia mammillata,2024,number of occurrences,GAM,1,0.9968746285238486
6,Celtic-Biscay Shelf,4FS5C,Phallusia mammillata,2022,number of grid cells (10x10km),GAM,0,0.8612327031603725
6,Celtic-Biscay Shelf,4FS5C,Phallusia mammillata,2023,number of grid cells (10x10km),GAM,0,0.8612327031603725
6,Celtic-Biscay Shelf,4FS5C,Phallusia mammillata,2024,number of grid cells (10x10km),GAM,0,0.8612327031603725
6,Celtic-Biscay Shelf,4GRZN,Phoronis hippocrepia,2022,number of occurrences,GAM,1,0.8830092629230092
6,Celtic-Biscay Shelf,4GRZN,Phoronis hippocrepia,2023,number of occurrences,GAM,1,0.8830092629230092
6,Celtic-Biscay Shelf,4GRZN,Phoronis hippocrepia,2024,number of occurrences,GAM,1,0.8830092629230092
6,Celtic-Biscay Shelf,4GRZN,Phoronis hippocrepia,2022,number of grid cells (10x10km),GAM,0,0.8656959371449109
6,Celtic-Biscay Shelf,4GRZN,Phoronis hippocrepia,2023,number of grid cells (10x10km),GAM,0,0.8656959371449109
6,Celtic-Biscay Shelf,4GRZN,Phoronis hippocrepia,2024,number of grid cells (10x10km),GAM,0,0.8656959371449109
6,Celtic-Biscay Shelf,4HVTW,Pilumnus hirtellus,2022,number of occurrences,GAM,0,0.8762431400456002
6,Celtic-Biscay Shelf,4HVTW,Pilumnus hirtellus,2023,number of occurrences,GAM,0,0.8762431400456002
6,Celtic-Biscay Shelf,4HVTW,Pilumnus hirtellus,2024,number of occurrences,GAM,0,0.8762431400456002
6,Celtic-Biscay Shelf,4HVTW,Pilumnus hirtellus,2022,number of grid cells (10x10km),GAM,1,0.9367055740768998
6,Celtic-Biscay Shelf,4HVTW,Pilumnus hirtellus,2023,number of grid cells (10x10km),GAM,1,0.9367055740768998
6,Celtic-Biscay Shelf,4HVTW,Pilumnus hirtellus,2024,number of grid cells (10x10km),GAM,0,0.9367055740768998
6,Celtic-Biscay Shelf,4L63D,Polydora cornuta,2022,number of occurrences,GAM,0,0.6251287140773845
6,Celtic-Biscay Shelf,4L63D,Polydora cornuta,2023,number of occurrences,GAM,0,0.6251287140773845
6,Celtic-Biscay Shelf,4L63D,Polydora cornuta,2024,number of occurrences,GAM,0,0.6251287140773845
6,Celtic-Biscay Shelf,4L63D,Polydora cornuta,2022,number of grid cells (10x10km),GAM,0,0.6881581732747862
6,Celtic-Biscay Shelf,4L63D,Polydora cornuta,2023,number of grid cells (10x10km),GAM,0,0.6881581732747862
6,Celtic-Biscay Shelf,4L63D,Polydora cornuta,2024,number of grid cells (10x10km),GAM,0,0.6881581732747862
6,Celtic-Biscay Shelf,RZPNM,Porphyra umbilicalis,2022,number of occurrences,GAM,0,0.6814342007950652
6,Celtic-Biscay Shelf,RZPNM,Porphyra umbilicalis,2023,number of occurrences,GAM,0,0.6814342007950652
6,Celtic-Biscay Shelf,RZPNM,Porphyra umbilicalis,2024,number of occurrences,GAM,0,0.6814342007950652
6,Celtic-Biscay Shelf,RZPNM,Porphyra umbilicalis,2022,number of grid cells (10x10km),GAM,0,0.7166957564109934
6,Celtic-Biscay Shelf,RZPNM,Porphyra umbilicalis,2023,number of grid cells (10x10km),GAM,0,0.7166957564109934
6,Celtic-Biscay Shelf,RZPNM,Porphyra umbilicalis,2024,number of grid cells (10x10km),GAM,0,0.7166957564109934
6,Celtic-Biscay Shelf,7WLRT,Procambarus clarkii,2022,number of occurrences,GAM,1,0.8559057147012525
6,Celtic-Biscay Shelf,7WLRT,Procambarus clarkii,2023,number of occurrences,GAM,1,0.8559057147012525
6,Celtic-Biscay Shelf,7WLRT,Procambarus clarkii,2024,number of occurrences,GAM,1,0.8559057147012525
6,Celtic-Biscay Shelf,7WLRT,Procambarus clarkii,2022,number of grid cells (10x10km),GAM,1,0.8177302540835293
6,Celtic-Biscay Shelf,7WLRT,Procambarus clarkii,2023,number of grid cells (10x10km),GAM,1,0.8177302540835293
6,Celtic-Biscay Shelf,7WLRT,Procambarus clarkii,2024,number of grid cells (10x10km),GAM,1,0.8177302540835293
6,Celtic-Biscay Shelf,7935Q,Rana dalmatina,2022,number of occurrences,GAM,3,1.0651031097059958
6,Celtic-Biscay Shelf,7935Q,Rana dalmatina,2023,number of occurrences,GAM,3,1.0651031097059958
6,Celtic-Biscay Shelf,7935Q,Rana dalmatina,2024,number of occurrences,GAM,3,1.0651031097059958
6,Celtic-Biscay Shelf,7935Q,Rana dalmatina,2022,number of grid cells (10x10km),GAM,3,1.0214024576813667
6,Celtic-Biscay Shelf,7935Q,Rana dalmatina,2023,number of grid cells (10x10km),GAM,3,1.0214024576813667
6,Celtic-Biscay Shelf,7935Q,Rana dalmatina,2024,number of grid cells (10x10km),GAM,3,1.0214024576813667
6,Celtic-Biscay Shelf,4RF6D,Rangia cuneata,2022,number of occurrences,GAM,3,1.3689919910339277
6,Celtic-Biscay Shelf,4RF6D,Rangia cuneata,2023,number of occurrences,GAM,3,1.3689919910339277
6,Celtic-Biscay Shelf,4RF6D,Rangia cuneata,2024,number of occurrences,GAM,3,1.3689919910339277
6,Celtic-Biscay Shelf,4RF6D,Rangia cuneata,2022,number of grid cells (10x10km),decision rules,1,
6,Celtic-Biscay Shelf,4RF6D,Rangia cuneata,2023,number of grid cells (10x10km),decision rules,1,
6,Celtic-Biscay Shelf,4RF6D,Rangia cuneata,2024,number of grid cells (10x10km),decision rules,1,
6,Celtic-Biscay Shelf,4RSPZ,Reptadeonella violacea,2022,number of occurrences,GAM,0,0.5174773742000562
6,Celtic-Biscay Shelf,4RSPZ,Reptadeonella violacea,2023,number of occurrences,GAM,0,0.5174773742000562
6,Celtic-Biscay Shelf,4RSPZ,Reptadeonella violacea,2024,number of occurrences,GAM,0,0.5174773742000562
6,Celtic-Biscay Shelf,4RSPZ,Reptadeonella violacea,2022,number of grid cells (10x10km),GAM,0,0.6554733590476737
6,Celtic-Biscay Shelf,4RSPZ,Reptadeonella violacea,2023,number of grid cells (10x10km),GAM,0,0.6554733590476737
6,Celtic-Biscay Shelf,4RSPZ,Reptadeonella violacea,2024,number of grid cells (10x10km),GAM,0,0.6554733590476737
6,Celtic-Biscay Shelf,SHPG2,Rhizosolenia styliformis,2022,number of occurrences,GAM,0,0.5873882593626096
6,Celtic-Biscay Shelf,SHPG2,Rhizosolenia styliformis,2023,number of occurrences,GAM,0,0.5873882593626096
6,Celtic-Biscay Shelf,SHPG2,Rhizosolenia styliformis,2024,number of occurrences,GAM,0,0.5873882593626096
6,Celtic-Biscay Shelf,SHPG2,Rhizosolenia styliformis,2022,number of grid cells (10x10km),GAM,0,0.639294412256285
6,Celtic-Biscay Shelf,SHPG2,Rhizosolenia styliformis,2023,number of grid cells (10x10km),GAM,0,0.639294412256285
6,Celtic-Biscay Shelf,SHPG2,Rhizosolenia styliformis,2024,number of grid cells (10x10km),GAM,0,0.639294412256285
6,Celtic-Biscay Shelf,6WYS2,Sabella spallanzanii,2022,number of occurrences,GAM,0,0.9718405494859399
6,Celtic-Biscay Shelf,6WYS2,Sabella spallanzanii,2023,number of occurrences,GAM,0,0.9718405494859399
6,Celtic-Biscay Shelf,6WYS2,Sabella spallanzanii,2024,number of occurrences,GAM,0,0.9718405494859399
6,Celtic-Biscay Shelf,6WYS2,Sabella spallanzanii,2022,number of grid cells (10x10km),GAM,0,0.9171872354724672
6,Celtic-Biscay Shelf,6WYS2,Sabella spallanzanii,2023,number of grid cells (10x10km),GAM,0,0.9171872354724672
6,Celtic-Biscay Shelf,6WYS2,Sabella spallanzanii,2024,number of grid cells (10x10km),GAM,0,0.9171872354724672
6,Celtic-Biscay Shelf,4TV6Q,Sabellaria spinulosa,2022,number of occurrences,GAM,0,0.5746742014344721
6,Celtic-Biscay Shelf,4TV6Q,Sabellaria spinulosa,2023,number of occurrences,GAM,0,0.5746742014344721
6,Celtic-Biscay Shelf,4TV6Q,Sabellaria spinulosa,2024,number of occurrences,GAM,0,0.5746742014344721
6,Celtic-Biscay Shelf,4TV6Q,Sabellaria spinulosa,2022,number of grid cells (10x10km),GAM,0,0.6750761899642784
6,Celtic-Biscay Shelf,4TV6Q,Sabellaria spinulosa,2023,number of grid cells (10x10km),GAM,0,0.6750761899642784
6,Celtic-Biscay Shelf,4TV6Q,Sabellaria spinulosa,2024,number of grid cells (10x10km),GAM,0,0.6750761899642784
6,Celtic-Biscay Shelf,79WZK,Schizoporella japonica,2022,number of occurrences,decision rules,1,
6,Celtic-Biscay Shelf,79WZK,Schizoporella japonica,2023,number of occurrences,decision rules,3,
6,Celtic-Biscay Shelf,79WZK,Schizoporella japonica,2024,number of occurrences,decision rules,1,
6,Celtic-Biscay Shelf,79WZK,Schizoporella japonica,2022,number of grid cells (10x10km),decision rules,1,
6,Celtic-Biscay Shelf,79WZK,Schizoporella japonica,2023,number of grid cells (10x10km),decision rules,3,
6,Celtic-Biscay Shelf,79WZK,Schizoporella japonica,2024,number of grid cells (10x10km),decision rules,1,
6,Celtic-Biscay Shelf,4VRNP,Scolelepis bonnieri,2022,number of occurrences,GAM,0,0.7671950504884972
6,Celtic-Biscay Shelf,4VRNP,Scolelepis bonnieri,2023,number of occurrences,GAM,0,0.7671950504884972
6,Celtic-Biscay Shelf,4VRNP,Scolelepis bonnieri,2024,number of occurrences,GAM,0,0.7671950504884972
6,Celtic-Biscay Shelf,4VRNP,Scolelepis bonnieri,2022,number of grid cells (10x10km),GAM,0,0.7015417411667461
6,Celtic-Biscay Shelf,4VRNP,Scolelepis bonnieri,2023,number of grid cells (10x10km),GAM,0,0.7015417411667461
6,Celtic-Biscay Shelf,4VRNP,Scolelepis bonnieri,2024,number of grid cells (10x10km),GAM,0,0.7015417411667461
6,Celtic-Biscay Shelf,4VRP9,Scolelepis korsuni,2022,number of occurrences,GAM,2,0.8067916823142536
6,Celtic-Biscay Shelf,4VRP9,Scolelepis korsuni,2023,number of occurrences,GAM,2,0.8067916823142536
6,Celtic-Biscay Shelf,4VRP9,Scolelepis korsuni,2024,number of occurrences,GAM,2,0.8067916823142536
6,Celtic-Biscay Shelf,4VRP9,Scolelepis korsuni,2022,number of grid cells (10x10km),GAM,2,0.7192514827797347
6,Celtic-Biscay Shelf,4VRP9,Scolelepis korsuni,2023,number of grid cells (10x10km),GAM,2,0.7192514827797347
6,Celtic-Biscay Shelf,4VRP9,Scolelepis korsuni,2024,number of grid cells (10x10km),GAM,2,0.7192514827797347
6,Celtic-Biscay Shelf,6Z55C,Solea senegalensis,2022,number of occurrences,GAM,1,0.8755520782054018
6,Celtic-Biscay Shelf,6Z55C,Solea senegalensis,2023,number of occurrences,GAM,1,0.8755520782054018
6,Celtic-Biscay Shelf,6Z55C,Solea senegalensis,2024,number of occurrences,GAM,1,0.8755520782054018
6,Celtic-Biscay Shelf,6Z55C,Solea senegalensis,2022,number of grid cells (10x10km),GAM,1,0.8669097428870495
6,Celtic-Biscay Shelf,6Z55C,Solea senegalensis,2023,number of grid cells (10x10km),GAM,1,0.8669097428870495
6,Celtic-Biscay Shelf,6Z55C,Solea senegalensis,2024,number of grid cells (10x10km),GAM,0,0.8669097428870495
6,Celtic-Biscay Shelf,SSBTH,Solieria chordalis,2022,number of occurrences,GAM,0,0.7522691008760706
6,Celtic-Biscay Shelf,SSBTH,Solieria chordalis,2023,number of occurrences,GAM,0,0.7522691008760706
6,Celtic-Biscay Shelf,SSBTH,Solieria chordalis,2024,number of occurrences,GAM,0,0.7522691008760706
6,Celtic-Biscay Shelf,SSBTH,Solieria chordalis,2022,number of grid cells (10x10km),GAM,0,0.8023107539329128
6,Celtic-Biscay Shelf,SSBTH,Solieria chordalis,2023,number of grid cells (10x10km),GAM,0,0.8023107539329128
6,Celtic-Biscay Shelf,SSBTH,Solieria chordalis,2024,number of grid cells (10x10km),GAM,0,0.8023107539329128
6,Celtic-Biscay Shelf,4YF8Y,Sparus aurata,2022,number of occurrences,GAM,1,0.7963613094796279
6,Celtic-Biscay Shelf,4YF8Y,Sparus aurata,2023,number of occurrences,GAM,1,0.7963613094796279
6,Celtic-Biscay Shelf,4YF8Y,Sparus aurata,2024,number of occurrences,GAM,1,0.7963613094796279
6,Celtic-Biscay Shelf,4YF8Y,Sparus aurata,2022,number of grid cells (10x10km),GAM,1,0.9762378078705828
6,Celtic-Biscay Shelf,4YF8Y,Sparus aurata,2023,number of grid cells (10x10km),GAM,1,0.9762378078705828
6,Celtic-Biscay Shelf,4YF8Y,Sparus aurata,2024,number of grid cells (10x10km),GAM,1,0.9762378078705828
6,Celtic-Biscay Shelf,5387D,Styela clava,2022,number of occurrences,GAM,1,0.9174985365728153
6,Celtic-Biscay Shelf,5387D,Styela clava,2023,number of occurrences,GAM,1,0.9174985365728153
6,Celtic-Biscay Shelf,5387D,Styela clava,2024,number of occurrences,GAM,1,0.9174985365728153
6,Celtic-Biscay Shelf,5387D,Styela clava,2022,number of grid cells (10x10km),GAM,0,0.910038068632614
6,Celtic-Biscay Shelf,5387D,Styela clava,2023,number of grid cells (10x10km),GAM,0,0.910038068632614
6,Celtic-Biscay Shelf,5387D,Styela clava,2024,number of grid cells (10x10km),GAM,0,0.910038068632614
6,Celtic-Biscay Shelf,T8WJW,Thalassiosira nordenskioeldii,2022,number of occurrences,GAM,0,0.7299566807806489
6,Celtic-Biscay Shelf,T8WJW,Thalassiosira nordenskioeldii,2023,number of occurrences,GAM,0,0.7299566807806489
6,Celtic-Biscay Shelf,T8WJW,Thalassiosira nordenskioeldii,2024,number of occurrences,GAM,0,0.7299566807806489
6,Celtic-Biscay Shelf,T8WJW,Thalassiosira nordenskioeldii,2022,number of grid cells (10x10km),GAM,0,0.83109730429112
6,Celtic-Biscay Shelf,T8WJW,Thalassiosira nordenskioeldii,2023,number of grid cells (10x10km),GAM,0,0.83109730429112
6,Celtic-Biscay Shelf,T8WJW,Thalassiosira nordenskioeldii,2024,number of grid cells (10x10km),GAM,0,0.83109730429112
6,Celtic-Biscay Shelf,59435,Tritia neritea,2022,number of occurrences,GAM,1,0.9541770564494946
6,Celtic-Biscay Shelf,59435,Tritia neritea,2023,number of occurrences,GAM,1,0.9541770564494946
6,Celtic-Biscay Shelf,59435,Tritia neritea,2024,number of occurrences,GAM,1,0.9541770564494946
6,Celtic-Biscay Shelf,59435,Tritia neritea,2022,number of grid cells (10x10km),GAM,1,0.9705930557578627
6,Celtic-Biscay Shelf,59435,Tritia neritea,2023,number of grid cells (10x10km),GAM,1,0.9705930557578627
6,Celtic-Biscay Shelf,59435,Tritia neritea,2024,number of grid cells (10x10km),GAM,1,0.9705930557578627
6,Celtic-Biscay Shelf,7CWT9,Truncatella subcylindrica,2022,number of occurrences,GAM,1,0.9695939280649926
6,Celtic-Biscay Shelf,7CWT9,Truncatella subcylindrica,2023,number of occurrences,GAM,1,0.9695939280649926
6,Celtic-Biscay Shelf,7CWT9,Truncatella subcylindrica,2024,number of occurrences,GAM,1,0.9695939280649926
6,Celtic-Biscay Shelf,7CWT9,Truncatella subcylindrica,2022,number of grid cells (10x10km),GAM,1,0.9340746272538215
6,Celtic-Biscay Shelf,7CWT9,Truncatella subcylindrica,2023,number of grid cells (10x10km),GAM,1,0.9340746272538215
6,Celtic-Biscay Shelf,7CWT9,Truncatella subcylindrica,2024,number of grid cells (10x10km),GAM,1,0.9340746272538215
6,Celtic-Biscay Shelf,7CXK2,Tubificoides benedii,2022,number of occurrences,GAM,0,0.6893653784719519
6,Celtic-Biscay Shelf,7CXK2,Tubificoides benedii,2023,number of occurrences,GAM,0,0.6893653784719519
6,Celtic-Biscay Shelf,7CXK2,Tubificoides benedii,2024,number of occurrences,GAM,0,0.6893653784719519
6,Celtic-Biscay Shelf,7CXK2,Tubificoides benedii,2022,number of grid cells (10x10km),GAM,0,0.7308403926932706
6,Celtic-Biscay Shelf,7CXK2,Tubificoides benedii,2023,number of grid cells (10x10km),GAM,0,0.7308403926932706
6,Celtic-Biscay Shelf,7CXK2,Tubificoides benedii,2024,number of grid cells (10x10km),GAM,0,0.7308403926932706
6,Celtic-Biscay Shelf,7D9J2,Tubificoides pseudogaster,2022,number of occurrences,GAM,0,0.6385170099578067
6,Celtic-Biscay Shelf,7D9J2,Tubificoides pseudogaster,2023,number of occurrences,GAM,0,0.6385170099578067
6,Celtic-Biscay Shelf,7D9J2,Tubificoides pseudogaster,2024,number of occurrences,GAM,0,0.6385170099578067
6,Celtic-Biscay Shelf,7D9J2,Tubificoides pseudogaster,2022,number of grid cells (10x10km),GAM,0,0.7045048388582378
6,Celtic-Biscay Shelf,7D9J2,Tubificoides pseudogaster,2023,number of grid cells (10x10km),GAM,0,0.7045048388582378
6,Celtic-Biscay Shelf,7D9J2,Tubificoides pseudogaster,2024,number of grid cells (10x10km),GAM,0,0.7045048388582378
6,Celtic-Biscay Shelf,59K2N,Tubularia indivisa,2022,number of occurrences,GAM,0,0.5480843689385595
6,Celtic-Biscay Shelf,59K2N,Tubularia indivisa,2023,number of occurrences,GAM,0,0.5480843689385595
6,Celtic-Biscay Shelf,59K2N,Tubularia indivisa,2024,number of occurrences,GAM,0,0.5480843689385595
6,Celtic-Biscay Shelf,59K2N,Tubularia indivisa,2022,number of grid cells (10x10km),GAM,0,0.63637196628263
6,Celtic-Biscay Shelf,59K2N,Tubularia indivisa,2023,number of grid cells (10x10km),GAM,0,0.63637196628263
6,Celtic-Biscay Shelf,59K2N,Tubularia indivisa,2024,number of grid cells (10x10km),GAM,0,0.63637196628263
6,Celtic-Biscay Shelf,TRJJ4,Undaria pinnatifida,2022,number of occurrences,GAM,0,0.6656664946965444
6,Celtic-Biscay Shelf,TRJJ4,Undaria pinnatifida,2023,number of occurrences,GAM,0,0.6656664946965444
6,Celtic-Biscay Shelf,TRJJ4,Undaria pinnatifida,2024,number of occurrences,GAM,0,0.6656664946965444
6,Celtic-Biscay Shelf,TRJJ4,Undaria pinnatifida,2022,number of grid cells (10x10km),GAM,0,0.808803192696502
6,Celtic-Biscay Shelf,TRJJ4,Undaria pinnatifida,2023,number of grid cells (10x10km),GAM,0,0.808803192696502
6,Celtic-Biscay Shelf,TRJJ4,Undaria pinnatifida,2024,number of grid cells (10x10km),GAM,0,0.808803192696502
6,Celtic-Biscay Shelf,5CS3F,Yoldia limatula,2022,number of occurrences,decision rules,1,
6,Celtic-Biscay Shelf,5CS3F,Yoldia limatula,2023,number of occurrences,decision rules,1,
6,Celtic-Biscay Shelf,5CS3F,Yoldia limatula,2024,number of occurrences,decision rules,1,
6,Celtic-Biscay Shelf,5CS3F,Yoldia limatula,2022,number of grid cells (10x10km),decision rules,1,
6,Celtic-Biscay Shelf,5CS3F,Yoldia limatula,2023,number of grid cells (10x10km),decision rules,1,
6,Celtic-Biscay Shelf,5CS3F,Yoldia limatula,2024,number of grid cells (10x10km),decision rules,1,
6,Celtic-Biscay Shelf,MPNZ,Botrylloides violaceus,2022,number of occurrences,GAM,3,1.035548201790591
6,Celtic-Biscay Shelf,MPNZ,Botrylloides violaceus,2023,number of occurrences,GAM,3,1.035548201790591
6,Celtic-Biscay Shelf,MPNZ,Botrylloides violaceus,2024,number of occurrences,GAM,3,1.035548201790591
6,Celtic-Biscay Shelf,MPNZ,Botrylloides violaceus,2022,number of grid cells (10x10km),GAM,3,1.1918326625392814
6,Celtic-Biscay Shelf,MPNZ,Botrylloides violaceus,2023,number of grid cells (10x10km),GAM,3,1.1918326625392814
6,Celtic-Biscay Shelf,MPNZ,Botrylloides violaceus,2024,number of grid cells (10x10km),GAM,3,1.1918326625392814
6,Celtic-Biscay Shelf,NPRJ,Bugula neritina,2022,number of occurrences,GAM,2,0.9366668545449082
6,Celtic-Biscay Shelf,NPRJ,Bugula neritina,2023,number of occurrences,GAM,2,0.9366668545449082
6,Celtic-Biscay Shelf,NPRJ,Bugula neritina,2024,number of occurrences,GAM,2,0.9366668545449082
6,Celtic-Biscay Shelf,NPRJ,Bugula neritina,2022,number of grid cells (10x10km),GAM,1,0.9402926341980805
6,Celtic-Biscay Shelf,NPRJ,Bugula neritina,2023,number of grid cells (10x10km),GAM,1,0.9402926341980805
6,Celtic-Biscay Shelf,NPRJ,Bugula neritina,2024,number of grid cells (10x10km),GAM,1,0.9402926341980805
6,Celtic-Biscay Shelf,3HRQS,Gymnodinium catenatum,2022,number of occurrences,GAM,3,1.1279102777246046
6,Celtic-Biscay Shelf,3HRQS,Gymnodinium catenatum,2023,number of occurrences,GAM,3,1.1279102777246046
6,Celtic-Biscay Shelf,3HRQS,Gymnodinium catenatum,2024,number of occurrences,GAM,3,1.1279102777246046
6,Celtic-Biscay Shelf,3HRQS,Gymnodinium catenatum,2022,number of grid cells (10x10km),GAM,3,1.1085359758608992
6,Celtic-Biscay Shelf,3HRQS,Gymnodinium catenatum,2023,number of grid cells (10x10km),GAM,3,1.1085359758608992
6,Celtic-Biscay Shelf,3HRQS,Gymnodinium catenatum,2024,number of grid cells (10x10km),GAM,3,1.1085359758608992
6,Celtic-Biscay Shelf,Q9BCD,Karenia mikimotoi,2022,number of occurrences,GAM,0,0.772132410799701
6,Celtic-Biscay Shelf,Q9BCD,Karenia mikimotoi,2023,number of occurrences,GAM,0,0.772132410799701
6,Celtic-Biscay Shelf,Q9BCD,Karenia mikimotoi,2024,number of occurrences,GAM,0,0.772132410799701
6,Celtic-Biscay Shelf,Q9BCD,Karenia mikimotoi,2022,number of grid cells (10x10km),GAM,0,0.8951974622180232
6,Celtic-Biscay Shelf,Q9BCD,Karenia mikimotoi,2023,number of grid cells (10x10km),GAM,1,0.8951974622180232
6,Celtic-Biscay Shelf,Q9BCD,Karenia mikimotoi,2024,number of grid cells (10x10km),GAM,1,0.8951974622180232
6,Celtic-Biscay Shelf,43VGP,Molgula manhattensis,2022,number of occurrences,GAM,0,0.810982346010778
6,Celtic-Biscay Shelf,43VGP,Molgula manhattensis,2023,number of occurrences,GAM,0,0.810982346010778
6,Celtic-Biscay Shelf,43VGP,Molgula manhattensis,2024,number of occurrences,GAM,0,0.810982346010778
6,Celtic-Biscay Shelf,43VGP,Molgula manhattensis,2022,number of grid cells (10x10km),GAM,0,0.8314218189584092
6,Celtic-Biscay Shelf,43VGP,Molgula manhattensis,2023,number of grid cells (10x10km),GAM,0,0.8314218189584092
6,Celtic-Biscay Shelf,43VGP,Molgula manhattensis,2024,number of grid cells (10x10km),GAM,0,0.8314218189584092
6,Celtic-Biscay Shelf,73P2T,Monocorophium sextonae,2022,number of occurrences,GAM,0,0.7327288357390549
6,Celtic-Biscay Shelf,73P2T,Monocorophium sextonae,2023,number of occurrences,GAM,0,0.7327288357390549
6,Celtic-Biscay Shelf,73P2T,Monocorophium sextonae,2024,number of occurrences,GAM,0,0.7327288357390549
6,Celtic-Biscay Shelf,73P2T,Monocorophium sextonae,2022,number of grid cells (10x10km),GAM,0,0.7714414815891564
6,Celtic-Biscay Shelf,73P2T,Monocorophium sextonae,2023,number of grid cells (10x10km),GAM,0,0.7714414815891564
6,Celtic-Biscay Shelf,73P2T,Monocorophium sextonae,2024,number of grid cells (10x10km),GAM,0,0.7714414815891564
6,Celtic-Biscay Shelf,6RVDM,Necora puber,2022,number of occurrences,GAM,0,0.8247623672878055
6,Celtic-Biscay Shelf,6RVDM,Necora puber,2023,number of occurrences,GAM,0,0.8247623672878055
6,Celtic-Biscay Shelf,6RVDM,Necora puber,2024,number of occurrences,GAM,0,0.8247623672878055
6,Celtic-Biscay Shelf,6RVDM,Necora puber,2022,number of grid cells (10x10km),GAM,1,0.8653124601461549
6,Celtic-Biscay Shelf,6RVDM,Necora puber,2023,number of grid cells (10x10km),GAM,1,0.8653124601461549
6,Celtic-Biscay Shelf,6RVDM,Necora puber,2024,number of grid cells (10x10km),GAM,1,0.8653124601461549
6,Celtic-Biscay Shelf,RWNKZ,Prorocentrum cordatum,2022,number of occurrences,GAM,0,0.4864576370185637
6,Celtic-Biscay Shelf,RWNKZ,Prorocentrum cordatum,2023,number of occurrences,GAM,0,0.4864576370185637
6,Celtic-Biscay Shelf,RWNKZ,Prorocentrum cordatum,2024,number of occurrences,GAM,0,0.4864576370185637
6,Celtic-Biscay Shelf,RWNKZ,Prorocentrum cordatum,2022,number of grid cells (10x10km),GAM,0,0.5889322676808679
6,Celtic-Biscay Shelf,RWNKZ,Prorocentrum cordatum,2023,number of grid cells (10x10km),GAM,0,0.5889322676808679
6,Celtic-Biscay Shelf,RWNKZ,Prorocentrum cordatum,2024,number of grid cells (10x10km),GAM,0,0.5889322676808679
6,Celtic-Biscay Shelf,SHPCB,Rhizosolenia setigera,2022,number of occurrences,GAM,0,0.7424944179376625
6,Celtic-Biscay Shelf,SHPCB,Rhizosolenia setigera,2023,number of occurrences,GAM,0,0.7424944179376625
6,Celtic-Biscay Shelf,SHPCB,Rhizosolenia setigera,2024,number of occurrences,GAM,0,0.7424944179376625
6,Celtic-Biscay Shelf,SHPCB,Rhizosolenia setigera,2022,number of grid cells (10x10km),GAM,1,0.9077402643396528
6,Celtic-Biscay Shelf,SHPCB,Rhizosolenia setigera,2023,number of grid cells (10x10km),GAM,1,0.9077402643396528
6,Celtic-Biscay Shelf,SHPCB,Rhizosolenia setigera,2024,number of grid cells (10x10km),GAM,1,0.9077402643396528
6,Celtic-Biscay Shelf,SXTX7,Sphaerococcus coronopifolius,2022,number of occurrences,GAM,1,0.9845575435222398
6,Celtic-Biscay Shelf,SXTX7,Sphaerococcus coronopifolius,2023,number of occurrences,GAM,1,0.9845575435222398
6,Celtic-Biscay Shelf,SXTX7,Sphaerococcus coronopifolius,2024,number of occurrences,GAM,1,0.9845575435222398
6,Celtic-Biscay Shelf,SXTX7,Sphaerococcus coronopifolius,2022,number of grid cells (10x10km),GAM,3,1.039863943433345
6,Celtic-Biscay Shelf,SXTX7,Sphaerococcus coronopifolius,2023,number of grid cells (10x10km),GAM,3,1.039863943433345
6,Celtic-Biscay Shelf,SXTX7,Sphaerococcus coronopifolius,2024,number of grid cells (10x10km),GAM,3,1.039863943433345
6,Celtic-Biscay Shelf,52F56,Sternaspis scutata,2022,number of occurrences,GAM,0,0.5188167759428037
6,Celtic-Biscay Shelf,52F56,Sternaspis scutata,2023,number of occurrences,GAM,0,0.5188167759428037
6,Celtic-Biscay Shelf,52F56,Sternaspis scutata,2024,number of occurrences,GAM,0,0.5188167759428037
6,Celtic-Biscay Shelf,52F56,Sternaspis scutata,2022,number of grid cells (10x10km),GAM,0,0.543965521482251
6,Celtic-Biscay Shelf,52F56,Sternaspis scutata,2023,number of grid cells (10x10km),GAM,0,0.543965521482251
6,Celtic-Biscay Shelf,52F56,Sternaspis scutata,2024,number of grid cells (10x10km),GAM,0,0.543965521482251
6,Celtic-Biscay Shelf,7C6PW,Thecacera pennigera,2022,number of occurrences,GAM,3,1.0830052536242067
6,Celtic-Biscay Shelf,7C6PW,Thecacera pennigera,2023,number of occurrences,GAM,3,1.0830052536242067
6,Celtic-Biscay Shelf,7C6PW,Thecacera pennigera,2024,number of occurrences,GAM,3,1.0830052536242067
6,Celtic-Biscay Shelf,7C6PW,Thecacera pennigera,2022,number of grid cells (10x10km),GAM,1,0.8890893940512327
6,Celtic-Biscay Shelf,7C6PW,Thecacera pennigera,2023,number of grid cells (10x10km),GAM,1,0.8890893940512327
6,Celtic-Biscay Shelf,7C6PW,Thecacera pennigera,2024,number of grid cells (10x10km),GAM,1,0.8890893940512327
6,Celtic-Biscay Shelf,BSQH5,Watersipora subatra,2022,number of occurrences,GAM,3,1.0754155314725047
6,Celtic-Biscay Shelf,BSQH5,Watersipora subatra,2023,number of occurrences,GAM,3,1.0754155314725047
6,Celtic-Biscay Shelf,BSQH5,Watersipora subatra,2024,number of occurrences,GAM,1,1.0754155314725047
6,Celtic-Biscay Shelf,BSQH5,Watersipora subatra,2022,number of grid cells (10x10km),GAM,2,1.0593548703333844
6,Celtic-Biscay Shelf,BSQH5,Watersipora subatra,2023,number of grid cells (10x10km),GAM,0,1.0593548703333844
6,Celtic-Biscay Shelf,BSQH5,Watersipora subatra,2024,number of grid cells (10x10km),GAM,0,1.0593548703333844
6,Celtic-Biscay Shelf,5BV6H,Watersipora subtorquata,2022,number of occurrences,GAM,0,0.48717625209961524
6,Celtic-Biscay Shelf,5BV6H,Watersipora subtorquata,2023,number of occurrences,GAM,0,0.48717625209961524
6,Celtic-Biscay Shelf,5BV6H,Watersipora subtorquata,2024,number of occurrences,GAM,0,0.48717625209961524
6,Celtic-Biscay Shelf,5BV6H,Watersipora subtorquata,2022,number of grid cells (10x10km),decision rules,3,
6,Celtic-Biscay Shelf,5BV6H,Watersipora subtorquata,2023,number of grid cells (10x10km),decision rules,1,
6,Celtic-Biscay Shelf,5BV6H,Watersipora subtorquata,2024,number of grid cells (10x10km),decision rules,2,
6,Celtic-Biscay Shelf,5D4CT,Zeuxo holdichi,2022,number of occurrences,decision rules,1,
6,Celtic-Biscay Shelf,5D4CT,Zeuxo holdichi,2023,number of occurrences,decision rules,1,
6,Celtic-Biscay Shelf,5D4CT,Zeuxo holdichi,2024,number of occurrences,decision rules,2,
6,Celtic-Biscay Shelf,5D4CT,Zeuxo holdichi,2022,number of grid cells (10x10km),decision rules,1,
6,Celtic-Biscay Shelf,5D4CT,Zeuxo holdichi,2023,number of grid cells (10x10km),decision rules,1,
6,Celtic-Biscay Shelf,5D4CT,Zeuxo holdichi,2024,number of grid cells (10x10km),decision rules,1,
6,Celtic-Biscay Shelf,3JBV8,Halichoerus grypus,2022,number of occurrences,GAM,0,0.5636501100501358
6,Celtic-Biscay Shelf,3JBV8,Halichoerus grypus,2023,number of occurrences,GAM,0,0.5636501100501358
6,Celtic-Biscay Shelf,3JBV8,Halichoerus grypus,2024,number of occurrences,GAM,0,0.5636501100501358
6,Celtic-Biscay Shelf,3JBV8,Halichoerus grypus,2022,number of grid cells (10x10km),GAM,0,0.8707420530510068
6,Celtic-Biscay Shelf,3JBV8,Halichoerus grypus,2023,number of grid cells (10x10km),GAM,0,0.8707420530510068
6,Celtic-Biscay Shelf,3JBV8,Halichoerus grypus,2024,number of grid cells (10x10km),GAM,0,0.8707420530510068
13,Mediterranean Sea,8L46,Ablennes hians,2022,number of occurrences,decision rules,1,
13,Mediterranean Sea,8L46,Ablennes hians,2023,number of occurrences,decision rules,1,
13,Mediterranean Sea,8L46,Ablennes hians,2024,number of occurrences,decision rules,3,
13,Mediterranean Sea,8L46,Ablennes hians,2022,number of grid cells (10x10km),decision rules,1,
13,Mediterranean Sea,8L46,Ablennes hians,2023,number of grid cells (10x10km),decision rules,1,
13,Mediterranean Sea,8L46,Ablennes hians,2024,number of grid cells (10x10km),decision rules,2,
13,Mediterranean Sea,8YV5,Acanthopagrus bifasciatus,2022,number of occurrences,decision rules,1,
13,Mediterranean Sea,8YV5,Acanthopagrus bifasciatus,2023,number of occurrences,decision rules,1,
13,Mediterranean Sea,8YV5,Acanthopagrus bifasciatus,2024,number of occurrences,decision rules,2,
13,Mediterranean Sea,8YV5,Acanthopagrus bifasciatus,2022,number of grid cells (10x10km),decision rules,1,
13,Mediterranean Sea,8YV5,Acanthopagrus bifasciatus,2023,number of grid cells (10x10km),decision rules,1,
13,Mediterranean Sea,8YV5,Acanthopagrus bifasciatus,2024,number of grid cells (10x10km),decision rules,2,
13,Mediterranean Sea,92PN,Acanthurus monroviae,2022,number of occurrences,GAM,1,0.8212998338200396
13,Mediterranean Sea,92PN,Acanthurus monroviae,2023,number of occurrences,GAM,1,0.8212998338200396
13,Mediterranean Sea,92PN,Acanthurus monroviae,2024,number of occurrences,GAM,1,0.8212998338200396
13,Mediterranean Sea,92PN,Acanthurus monroviae,2022,number of grid cells (10x10km),GAM,1,0.8614026844701531
13,Mediterranean Sea,92PN,Acanthurus monroviae,2023,number of grid cells (10x10km),GAM,1,0.8614026844701531
13,Mediterranean Sea,92PN,Acanthurus monroviae,2024,number of grid cells (10x10km),GAM,1,0.8614026844701531
13,Mediterranean Sea,92RN,Acanthurus xanthopterus,2022,number of occurrences,decision rules,1,
13,Mediterranean Sea,92RN,Acanthurus xanthopterus,2023,number of occurrences,decision rules,1,
13,Mediterranean Sea,92RN,Acanthurus xanthopterus,2024,number of occurrences,decision rules,3,
13,Mediterranean Sea,92RN,Acanthurus xanthopterus,2022,number of grid cells (10x10km),decision rules,1,
13,Mediterranean Sea,92RN,Acanthurus xanthopterus,2023,number of grid cells (10x10km),decision rules,1,
13,Mediterranean Sea,92RN,Acanthurus xanthopterus,2024,number of grid cells (10x10km),decision rules,3,
13,Mediterranean Sea,65RJW,Agetus flaccus,2022,number of occurrences,GAM,0,0.5555868449130673
13,Mediterranean Sea,65RJW,Agetus flaccus,2023,number of occurrences,GAM,0,0.5555868449130673
13,Mediterranean Sea,65RJW,Agetus flaccus,2024,number of occurrences,GAM,0,0.5555868449130673
13,Mediterranean Sea,65RJW,Agetus flaccus,2022,number of grid cells (10x10km),GAM,1,0.8009506145550693
13,Mediterranean Sea,65RJW,Agetus flaccus,2023,number of grid cells (10x10km),GAM,1,0.8009506145550693
13,Mediterranean Sea,65RJW,Agetus flaccus,2024,number of grid cells (10x10km),GAM,1,0.8009506145550693
13,Mediterranean Sea,663JW,Agetus typicus,2022,number of occurrences,GAM,1,0.9149300695748734
13,Mediterranean Sea,663JW,Agetus typicus,2023,number of occurrences,GAM,1,0.9149300695748734
13,Mediterranean Sea,663JW,Agetus typicus,2024,number of occurrences,GAM,1,0.9149300695748734
13,Mediterranean Sea,663JW,Agetus typicus,2022,number of grid cells (10x10km),GAM,1,0.820667105638785
13,Mediterranean Sea,663JW,Agetus typicus,2023,number of grid cells (10x10km),GAM,1,0.820667105638785
13,Mediterranean Sea,663JW,Agetus typicus,2024,number of grid cells (10x10km),GAM,1,0.820667105638785
13,Mediterranean Sea,BNXS,Alepes djedaba,2022,number of occurrences,GAM,1,0.6938497313761532
13,Mediterranean Sea,BNXS,Alepes djedaba,2023,number of occurrences,GAM,1,0.6938497313761532
13,Mediterranean Sea,BNXS,Alepes djedaba,2024,number of occurrences,GAM,1,0.6938497313761532
13,Mediterranean Sea,BNXS,Alepes djedaba,2022,number of grid cells (10x10km),GAM,1,0.7498710396929603
13,Mediterranean Sea,BNXS,Alepes djedaba,2023,number of grid cells (10x10km),GAM,1,0.7498710396929603
13,Mediterranean Sea,BNXS,Alepes djedaba,2024,number of grid cells (10x10km),GAM,1,0.7498710396929603
13,Mediterranean Sea,BSN6,Alitta succinea,2022,number of occurrences,decision rules,1,
13,Mediterranean Sea,BSN6,Alitta succinea,2023,number of occurrences,decision rules,1,
13,Mediterranean Sea,BSN6,Alitta succinea,2024,number of occurrences,decision rules,2,
13,Mediterranean Sea,BSN6,Alitta succinea,2022,number of grid cells (10x10km),decision rules,1,
13,Mediterranean Sea,BSN6,Alitta succinea,2023,number of grid cells (10x10km),decision rules,1,
13,Mediterranean Sea,BSN6,Alitta succinea,2024,number of grid cells (10x10km),decision rules,2,
13,Mediterranean Sea,LCHL9,Amphibalanus eburneus,2022,number of occurrences,GAM,3,1.3038787198282722
13,Mediterranean Sea,LCHL9,Amphibalanus eburneus,2023,number of occurrences,GAM,3,1.3038787198282722
13,Mediterranean Sea,LCHL9,Amphibalanus eburneus,2024,number of occurrences,GAM,3,1.3038787198282722
13,Mediterranean Sea,LCHL9,Amphibalanus eburneus,2022,number of grid cells (10x10km),GAM,3,1.246093209731503
13,Mediterranean Sea,LCHL9,Amphibalanus eburneus,2023,number of grid cells (10x10km),GAM,3,1.246093209731503
13,Mediterranean Sea,LCHL9,Amphibalanus eburneus,2024,number of grid cells (10x10km),GAM,3,1.246093209731503
13,Mediterranean Sea,DCJ6,Anadara transversa,2022,number of occurrences,GAM,3,1.4699700909647726
13,Mediterranean Sea,DCJ6,Anadara transversa,2023,number of occurrences,GAM,3,1.4699700909647726
13,Mediterranean Sea,DCJ6,Anadara transversa,2024,number of occurrences,GAM,3,1.4699700909647726
13,Mediterranean Sea,DCJ6,Anadara transversa,2022,number of grid cells (10x10km),GAM,3,1.4078754815897527
13,Mediterranean Sea,DCJ6,Anadara transversa,2023,number of grid cells (10x10km),GAM,3,1.4078754815897527
13,Mediterranean Sea,DCJ6,Anadara transversa,2024,number of grid cells (10x10km),GAM,3,1.4078754815897527
13,Mediterranean Sea,7Q5KP,Antiopella cristata,2022,number of occurrences,GAM,3,1.0778285484591739
13,Mediterranean Sea,7Q5KP,Antiopella cristata,2023,number of occurrences,GAM,3,1.0778285484591739
13,Mediterranean Sea,7Q5KP,Antiopella cristata,2024,number of occurrences,GAM,3,1.0778285484591739
13,Mediterranean Sea,7Q5KP,Antiopella cristata,2022,number of grid cells (10x10km),GAM,1,0.9974615156993197
13,Mediterranean Sea,7Q5KP,Antiopella cristata,2023,number of grid cells (10x10km),GAM,1,0.9974615156993197
13,Mediterranean Sea,7Q5KP,Antiopella cristata,2024,number of grid cells (10x10km),GAM,1,0.9974615156993197
13,Mediterranean Sea,FB5F,Aphanius fasciatus,2022,number of occurrences,GAM,1,0.7973121732110952
13,Mediterranean Sea,FB5F,Aphanius fasciatus,2023,number of occurrences,GAM,1,0.7973121732110952
13,Mediterranean Sea,FB5F,Aphanius fasciatus,2024,number of occurrences,GAM,1,0.7973121732110952
13,Mediterranean Sea,FB5F,Aphanius fasciatus,2022,number of grid cells (10x10km),GAM,1,0.8404253783006556
13,Mediterranean Sea,FB5F,Aphanius fasciatus,2023,number of grid cells (10x10km),GAM,1,0.8404253783006556
13,Mediterranean Sea,FB5F,Aphanius fasciatus,2024,number of grid cells (10x10km),GAM,1,0.8404253783006556
13,Mediterranean Sea,FNWY,Aplidium glabrum,2022,number of occurrences,decision rules,3,
13,Mediterranean Sea,FNWY,Aplidium glabrum,2023,number of occurrences,decision rules,1,
13,Mediterranean Sea,FNWY,Aplidium glabrum,2024,number of occurrences,decision rules,2,
13,Mediterranean Sea,FNWY,Aplidium glabrum,2022,number of grid cells (10x10km),decision rules,3,
13,Mediterranean Sea,FNWY,Aplidium glabrum,2023,number of grid cells (10x10km),decision rules,1,
13,Mediterranean Sea,FNWY,Aplidium glabrum,2024,number of grid cells (10x10km),decision rules,3,
13,Mediterranean Sea,FT9T,Apogonichthyoides pharaonis,2022,number of occurrences,GAM,0,0.6752740946282971
13,Mediterranean Sea,FT9T,Apogonichthyoides pharaonis,2023,number of occurrences,GAM,0,0.6752740946282971
13,Mediterranean Sea,FT9T,Apogonichthyoides pharaonis,2024,number of occurrences,GAM,0,0.6752740946282971
13,Mediterranean Sea,FT9T,Apogonichthyoides pharaonis,2022,number of grid cells (10x10km),GAM,0,0.7925599887412504
13,Mediterranean Sea,FT9T,Apogonichthyoides pharaonis,2023,number of grid cells (10x10km),GAM,0,0.7925599887412504
13,Mediterranean Sea,FT9T,Apogonichthyoides pharaonis,2024,number of grid cells (10x10km),GAM,0,0.7925599887412504
13,Mediterranean Sea,FZX4,Aquilonastra burtoni,2022,number of occurrences,GAM,1,0.6764104022749711
13,Mediterranean Sea,FZX4,Aquilonastra burtoni,2023,number of occurrences,GAM,1,0.6764104022749711
13,Mediterranean Sea,FZX4,Aquilonastra burtoni,2024,number of occurrences,GAM,1,0.6764104022749711
13,Mediterranean Sea,FZX4,Aquilonastra burtoni,2022,number of grid cells (10x10km),GAM,1,0.7476556168587569
13,Mediterranean Sea,FZX4,Aquilonastra burtoni,2023,number of grid cells (10x10km),GAM,1,0.7476556168587569
13,Mediterranean Sea,FZX4,Aquilonastra burtoni,2024,number of grid cells (10x10km),GAM,1,0.7476556168587569
13,Mediterranean Sea,LQ348,Asparagopsis armata,2022,number of occurrences,GAM,1,0.8315266008825731
13,Mediterranean Sea,LQ348,Asparagopsis armata,2023,number of occurrences,GAM,1,0.8315266008825731
13,Mediterranean Sea,LQ348,Asparagopsis armata,2024,number of occurrences,GAM,1,0.8315266008825731
13,Mediterranean Sea,LQ348,Asparagopsis armata,2022,number of grid cells (10x10km),GAM,3,1.058312525824775
13,Mediterranean Sea,LQ348,Asparagopsis armata,2023,number of grid cells (10x10km),GAM,3,1.058312525824775
13,Mediterranean Sea,LQ348,Asparagopsis armata,2024,number of grid cells (10x10km),GAM,3,1.058312525824775
13,Mediterranean Sea,J98K,Atergatis roseus,2022,number of occurrences,GAM,3,1.1306467207134585
13,Mediterranean Sea,J98K,Atergatis roseus,2023,number of occurrences,GAM,3,1.1306467207134585
13,Mediterranean Sea,J98K,Atergatis roseus,2024,number of occurrences,GAM,1,1.1306467207134585
13,Mediterranean Sea,J98K,Atergatis roseus,2022,number of grid cells (10x10km),GAM,3,1.1306467207134585
13,Mediterranean Sea,J98K,Atergatis roseus,2023,number of grid cells (10x10km),GAM,3,1.1306467207134585
13,Mediterranean Sea,J98K,Atergatis roseus,2024,number of grid cells (10x10km),GAM,1,1.1306467207134585
13,Mediterranean Sea,5VWXQ,Atherinomorus forskalii,2022,number of occurrences,GAM,3,1.1715438848335464
13,Mediterranean Sea,5VWXQ,Atherinomorus forskalii,2023,number of occurrences,GAM,3,1.1715438848335464
13,Mediterranean Sea,5VWXQ,Atherinomorus forskalii,2024,number of occurrences,GAM,3,1.1715438848335464
13,Mediterranean Sea,5VWXQ,Atherinomorus forskalii,2022,number of grid cells (10x10km),GAM,3,1.1291494629910779
13,Mediterranean Sea,5VWXQ,Atherinomorus forskalii,2023,number of grid cells (10x10km),GAM,3,1.1291494629910779
13,Mediterranean Sea,5VWXQ,Atherinomorus forskalii,2024,number of grid cells (10x10km),GAM,3,1.1291494629910779
13,Mediterranean Sea,MMNXQ,Balanus trigonus,2022,number of occurrences,decision rules,2,
13,Mediterranean Sea,MMNXQ,Balanus trigonus,2023,number of occurrences,decision rules,1,
13,Mediterranean Sea,MMNXQ,Balanus trigonus,2024,number of occurrences,decision rules,2,
13,Mediterranean Sea,MMNXQ,Balanus trigonus,2022,number of grid cells (10x10km),GAM,3,1.0589728683392838
13,Mediterranean Sea,MMNXQ,Balanus trigonus,2023,number of grid cells (10x10km),GAM,3,1.0589728683392838
13,Mediterranean Sea,MMNXQ,Balanus trigonus,2024,number of grid cells (10x10km),GAM,3,1.0589728683392838
13,Mediterranean Sea,5WJTR,Beroe ovata,2022,number of occurrences,GAM,3,1.1227586450490183
13,Mediterranean Sea,5WJTR,Beroe ovata,2023,number of occurrences,GAM,3,1.1227586450490183
13,Mediterranean Sea,5WJTR,Beroe ovata,2024,number of occurrences,GAM,3,1.1227586450490183
13,Mediterranean Sea,5WJTR,Beroe ovata,2022,number of grid cells (10x10km),GAM,3,1.0518023930185554
13,Mediterranean Sea,5WJTR,Beroe ovata,2023,number of grid cells (10x10km),GAM,3,1.0518023930185554
13,Mediterranean Sea,5WJTR,Beroe ovata,2024,number of grid cells (10x10km),GAM,1,1.0518023930185554
13,Mediterranean Sea,LY29,Biuve fulvipunctata,2022,number of occurrences,decision rules,1,
13,Mediterranean Sea,LY29,Biuve fulvipunctata,2023,number of occurrences,decision rules,1,
13,Mediterranean Sea,LY29,Biuve fulvipunctata,2024,number of occurrences,decision rules,3,
13,Mediterranean Sea,LY29,Biuve fulvipunctata,2022,number of grid cells (10x10km),decision rules,1,
13,Mediterranean Sea,LY29,Biuve fulvipunctata,2023,number of grid cells (10x10km),decision rules,1,
13,Mediterranean Sea,LY29,Biuve fulvipunctata,2024,number of grid cells (10x10km),decision rules,3,
13,Mediterranean Sea,LY3S,Bivetiella cancellata,2022,number of occurrences,GAM,3,1.0258284056352622
13,Mediterranean Sea,LY3S,Bivetiella cancellata,2023,number of occurrences,GAM,3,1.0258284056352622
13,Mediterranean Sea,LY3S,Bivetiella cancellata,2024,number of occurrences,GAM,3,1.0258284056352622
13,Mediterranean Sea,LY3S,Bivetiella cancellata,2022,number of grid cells (10x10km),GAM,3,1.0426286121554091
13,Mediterranean Sea,LY3S,Bivetiella cancellata,2023,number of grid cells (10x10km),GAM,3,1.0426286121554091
13,Mediterranean Sea,LY3S,Bivetiella cancellata,2024,number of grid cells (10x10km),GAM,3,1.0426286121554091
13,Mediterranean Sea,MPMK,Botrylloides diegensis,2022,number of occurrences,GAM,3,1.210446830781376
13,Mediterranean Sea,MPMK,Botrylloides diegensis,2023,number of occurrences,GAM,3,1.210446830781376
13,Mediterranean Sea,MPMK,Botrylloides diegensis,2024,number of occurrences,GAM,1,1.210446830781376
13,Mediterranean Sea,MPMK,Botrylloides diegensis,2022,number of grid cells (10x10km),GAM,3,1.173560633106431
13,Mediterranean Sea,MPMK,Botrylloides diegensis,2023,number of grid cells (10x10km),GAM,3,1.173560633106431
13,Mediterranean Sea,MPMK,Botrylloides diegensis,2024,number of grid cells (10x10km),GAM,1,1.173560633106431
13,Mediterranean Sea,MPMV,Botrylloides leachii,2022,number of occurrences,decision rules,2,
13,Mediterranean Sea,MPMV,Botrylloides leachii,2023,number of occurrences,decision rules,2,
13,Mediterranean Sea,MPMV,Botrylloides leachii,2024,number of occurrences,decision rules,2,
13,Mediterranean Sea,MPMV,Botrylloides leachii,2022,number of grid cells (10x10km),decision rules,2,
13,Mediterranean Sea,MPMV,Botrylloides leachii,2023,number of grid cells (10x10km),decision rules,2,
13,Mediterranean Sea,MPMV,Botrylloides leachii,2024,number of grid cells (10x10km),decision rules,3,
13,Mediterranean Sea,MSSL,Brachidontes pharaonis,2022,number of occurrences,GAM,3,1.0667570328175275
13,Mediterranean Sea,MSSL,Brachidontes pharaonis,2023,number of occurrences,GAM,3,1.0667570328175275
13,Mediterranean Sea,MSSL,Brachidontes pharaonis,2024,number of occurrences,GAM,3,1.0667570328175275
13,Mediterranean Sea,MSSL,Brachidontes pharaonis,2022,number of grid cells (10x10km),GAM,3,1.068397274102861
13,Mediterranean Sea,MSSL,Brachidontes pharaonis,2023,number of grid cells (10x10km),GAM,3,1.068397274102861
13,Mediterranean Sea,MSSL,Brachidontes pharaonis,2024,number of grid cells (10x10km),GAM,3,1.068397274102861
13,Mediterranean Sea,N6PH,Branchiomma luctuosum,2022,number of occurrences,GAM,3,1.342304672002094
13,Mediterranean Sea,N6PH,Branchiomma luctuosum,2023,number of occurrences,GAM,3,1.342304672002094
13,Mediterranean Sea,N6PH,Branchiomma luctuosum,2024,number of occurrences,GAM,3,1.342304672002094
13,Mediterranean Sea,N6PH,Branchiomma luctuosum,2022,number of grid cells (10x10km),GAM,3,1.1182681071599043
13,Mediterranean Sea,N6PH,Branchiomma luctuosum,2023,number of grid cells (10x10km),GAM,3,1.1182681071599043
13,Mediterranean Sea,N6PH,Branchiomma luctuosum,2024,number of grid cells (10x10km),GAM,3,1.1182681071599043
13,Mediterranean Sea,7QHBL,Bursatella leachii,2022,number of occurrences,GAM,1,0.9738623203066945
13,Mediterranean Sea,7QHBL,Bursatella leachii,2023,number of occurrences,GAM,1,0.9738623203066945
13,Mediterranean Sea,7QHBL,Bursatella leachii,2024,number of occurrences,GAM,1,0.9738623203066945
13,Mediterranean Sea,7QHBL,Bursatella leachii,2022,number of grid cells (10x10km),GAM,3,1.0110967174680487
13,Mediterranean Sea,7QHBL,Bursatella leachii,2023,number of grid cells (10x10km),GAM,1,1.0110967174680487
13,Mediterranean Sea,7QHBL,Bursatella leachii,2024,number of grid cells (10x10km),GAM,1,1.0110967174680487
13,Mediterranean Sea,PS2Z,Calliostoma zizyphinum,2022,number of occurrences,GAM,3,1.0739702942868405
13,Mediterranean Sea,PS2Z,Calliostoma zizyphinum,2023,number of occurrences,GAM,3,1.0739702942868405
13,Mediterranean Sea,PS2Z,Calliostoma zizyphinum,2024,number of occurrences,GAM,3,1.0739702942868405
13,Mediterranean Sea,PS2Z,Calliostoma zizyphinum,2022,number of grid cells (10x10km),GAM,3,1.075672354533224
13,Mediterranean Sea,PS2Z,Calliostoma zizyphinum,2023,number of grid cells (10x10km),GAM,3,1.075672354533224
13,Mediterranean Sea,PS2Z,Calliostoma zizyphinum,2024,number of grid cells (10x10km),GAM,3,1.075672354533224
13,Mediterranean Sea,CFJXC,Calocalanus pavo,2022,number of occurrences,decision rules,1,
13,Mediterranean Sea,CFJXC,Calocalanus pavo,2023,number of occurrences,decision rules,1,
13,Mediterranean Sea,CFJXC,Calocalanus pavo,2024,number of occurrences,decision rules,1,
13,Mediterranean Sea,CFJXC,Calocalanus pavo,2022,number of grid cells (10x10km),GAM,0,0.7243249595655068
13,Mediterranean Sea,CFJXC,Calocalanus pavo,2023,number of grid cells (10x10km),GAM,0,0.7243249595655068
13,Mediterranean Sea,CFJXC,Calocalanus pavo,2024,number of grid cells (10x10km),GAM,0,0.7243249595655068
13,Mediterranean Sea,5WVDL,Calocalanus pavoninus,2022,number of occurrences,GAM,1,0.9467719623551963
13,Mediterranean Sea,5WVDL,Calocalanus pavoninus,2023,number of occurrences,GAM,1,0.9467719623551963
13,Mediterranean Sea,5WVDL,Calocalanus pavoninus,2024,number of occurrences,GAM,1,0.9467719623551963
13,Mediterranean Sea,5WVDL,Calocalanus pavoninus,2022,number of grid cells (10x10km),decision rules,2,
13,Mediterranean Sea,5WVDL,Calocalanus pavoninus,2023,number of grid cells (10x10km),decision rules,1,
13,Mediterranean Sea,5WVDL,Calocalanus pavoninus,2024,number of grid cells (10x10km),decision rules,1,
13,Mediterranean Sea,PX2G,Calocalanus plumulosus,2022,number of occurrences,GAM,1,0.7850147883439318
13,Mediterranean Sea,PX2G,Calocalanus plumulosus,2023,number of occurrences,GAM,1,0.7850147883439318
13,Mediterranean Sea,PX2G,Calocalanus plumulosus,2024,number of occurrences,GAM,1,0.7850147883439318
13,Mediterranean Sea,PX2G,Calocalanus plumulosus,2022,number of grid cells (10x10km),GAM,1,0.8673639163387868
13,Mediterranean Sea,PX2G,Calocalanus plumulosus,2023,number of grid cells (10x10km),GAM,1,0.8673639163387868
13,Mediterranean Sea,PX2G,Calocalanus plumulosus,2024,number of grid cells (10x10km),GAM,1,0.8673639163387868
13,Mediterranean Sea,PX2R,Calocalanus tenuis,2022,number of occurrences,GAM,0,0.5722680967580293
13,Mediterranean Sea,PX2R,Calocalanus tenuis,2023,number of occurrences,GAM,0,0.5722680967580293
13,Mediterranean Sea,PX2R,Calocalanus tenuis,2024,number of occurrences,GAM,0,0.5722680967580293
13,Mediterranean Sea,PX2R,Calocalanus tenuis,2022,number of grid cells (10x10km),GAM,1,0.9287415337708622
13,Mediterranean Sea,PX2R,Calocalanus tenuis,2023,number of grid cells (10x10km),GAM,1,0.9287415337708622
13,Mediterranean Sea,PX2R,Calocalanus tenuis,2024,number of grid cells (10x10km),GAM,1,0.9287415337708622
13,Mediterranean Sea,Q76B,Calyptraea chinensis,2022,number of occurrences,GAM,1,0.9508869088816567
13,Mediterranean Sea,Q76B,Calyptraea chinensis,2023,number of occurrences,GAM,1,0.9508869088816567
13,Mediterranean Sea,Q76B,Calyptraea chinensis,2024,number of occurrences,GAM,1,0.9508869088816567
13,Mediterranean Sea,Q76B,Calyptraea chinensis,2022,number of grid cells (10x10km),GAM,1,0.9766615880780533
13,Mediterranean Sea,Q76B,Calyptraea chinensis,2023,number of grid cells (10x10km),GAM,1,0.9766615880780533
13,Mediterranean Sea,Q76B,Calyptraea chinensis,2024,number of grid cells (10x10km),GAM,1,0.9766615880780533
13,Mediterranean Sea,R2NP,Caranx crysos,2022,number of occurrences,GAM,3,1.1517764722324002
13,Mediterranean Sea,R2NP,Caranx crysos,2023,number of occurrences,GAM,3,1.1517764722324002
13,Mediterranean Sea,R2NP,Caranx crysos,2024,number of occurrences,GAM,3,1.1517764722324002
13,Mediterranean Sea,R2NP,Caranx crysos,2022,number of grid cells (10x10km),GAM,3,1.2213677293679421
13,Mediterranean Sea,R2NP,Caranx crysos,2023,number of grid cells (10x10km),GAM,3,1.2213677293679421
13,Mediterranean Sea,R2NP,Caranx crysos,2024,number of grid cells (10x10km),GAM,3,1.2213677293679421
13,Mediterranean Sea,R48N,Carcinus maenas,2022,number of occurrences,GAM,3,1.0921965898523098
13,Mediterranean Sea,R48N,Carcinus maenas,2023,number of occurrences,GAM,3,1.0921965898523098
13,Mediterranean Sea,R48N,Carcinus maenas,2024,number of occurrences,GAM,3,1.0921965898523098
13,Mediterranean Sea,R48N,Carcinus maenas,2022,number of grid cells (10x10km),GAM,3,1.0392654031391377
13,Mediterranean Sea,R48N,Carcinus maenas,2023,number of grid cells (10x10km),GAM,3,1.0392654031391377
13,Mediterranean Sea,R48N,Carcinus maenas,2024,number of grid cells (10x10km),GAM,3,1.0392654031391377
13,Mediterranean Sea,M9ZRK,Caulerpa prolifera,2022,number of occurrences,GAM,0,0.6224144160222198
13,Mediterranean Sea,M9ZRK,Caulerpa prolifera,2023,number of occurrences,GAM,0,0.6224144160222198
13,Mediterranean Sea,M9ZRK,Caulerpa prolifera,2024,number of occurrences,GAM,0,0.6224144160222198
13,Mediterranean Sea,M9ZRK,Caulerpa prolifera,2022,number of grid cells (10x10km),GAM,1,0.8592407439198847
13,Mediterranean Sea,M9ZRK,Caulerpa prolifera,2023,number of grid cells (10x10km),GAM,1,0.8592407439198847
13,Mediterranean Sea,M9ZRK,Caulerpa prolifera,2024,number of grid cells (10x10km),GAM,1,0.8592407439198847
13,Mediterranean Sea,MB27H,Caulerpa taxifolia,2022,number of occurrences,GAM,1,0.753763250536986
13,Mediterranean Sea,MB27H,Caulerpa taxifolia,2023,number of occurrences,GAM,1,0.753763250536986
13,Mediterranean Sea,MB27H,Caulerpa taxifolia,2024,number of occurrences,GAM,1,0.753763250536986
13,Mediterranean Sea,MB27H,Caulerpa taxifolia,2022,number of grid cells (10x10km),GAM,1,0.9349204884478682
13,Mediterranean Sea,MB27H,Caulerpa taxifolia,2023,number of grid cells (10x10km),GAM,1,0.9349204884478682
13,Mediterranean Sea,MB27H,Caulerpa taxifolia,2024,number of grid cells (10x10km),GAM,1,0.9349204884478682
13,Mediterranean Sea,SDPG,Cephalopholis taeniops,2022,number of occurrences,decision rules,1,
13,Mediterranean Sea,SDPG,Cephalopholis taeniops,2023,number of occurrences,decision rules,2,
13,Mediterranean Sea,SDPG,Cephalopholis taeniops,2024,number of occurrences,decision rules,2,
13,Mediterranean Sea,SDPG,Cephalopholis taeniops,2022,number of grid cells (10x10km),decision rules,1,
13,Mediterranean Sea,SDPG,Cephalopholis taeniops,2023,number of grid cells (10x10km),decision rules,2,
13,Mediterranean Sea,SDPG,Cephalopholis taeniops,2024,number of grid cells (10x10km),decision rules,2,
13,Mediterranean Sea,SXGX,Cereus pedunculatus,2022,number of occurrences,GAM,0,0.9300242028296135
13,Mediterranean Sea,SXGX,Cereus pedunculatus,2023,number of occurrences,GAM,0,0.9300242028296135
13,Mediterranean Sea,SXGX,Cereus pedunculatus,2024,number of occurrences,GAM,0,0.9300242028296135
13,Mediterranean Sea,SXGX,Cereus pedunculatus,2022,number of grid cells (10x10km),GAM,1,0.9999197475336592
13,Mediterranean Sea,SXGX,Cereus pedunculatus,2023,number of grid cells (10x10km),GAM,1,0.9999197475336592
13,Mediterranean Sea,SXGX,Cereus pedunculatus,2024,number of grid cells (10x10km),GAM,1,0.9999197475336592
13,Mediterranean Sea,SZDC,Cerithium scabridum,2022,number of occurrences,GAM,3,1.1365385152851624
13,Mediterranean Sea,SZDC,Cerithium scabridum,2023,number of occurrences,GAM,3,1.1365385152851624
13,Mediterranean Sea,SZDC,Cerithium scabridum,2024,number of occurrences,GAM,3,1.1365385152851624
13,Mediterranean Sea,SZDC,Cerithium scabridum,2022,number of grid cells (10x10km),GAM,3,1.1403632570918587
13,Mediterranean Sea,SZDC,Cerithium scabridum,2023,number of grid cells (10x10km),GAM,3,1.1403632570918587
13,Mediterranean Sea,SZDC,Cerithium scabridum,2024,number of grid cells (10x10km),GAM,3,1.1403632570918587
13,Mediterranean Sea,THS7,Chama pacifica,2022,number of occurrences,GAM,3,1.2379297359268147
13,Mediterranean Sea,THS7,Chama pacifica,2023,number of occurrences,GAM,3,1.2379297359268147
13,Mediterranean Sea,THS7,Chama pacifica,2024,number of occurrences,GAM,3,1.2379297359268147
13,Mediterranean Sea,THS7,Chama pacifica,2022,number of grid cells (10x10km),GAM,3,1.251224600424708
13,Mediterranean Sea,THS7,Chama pacifica,2023,number of grid cells (10x10km),GAM,3,1.251224600424708
13,Mediterranean Sea,THS7,Chama pacifica,2024,number of grid cells (10x10km),GAM,3,1.251224600424708
13,Mediterranean Sea,TPTB,Charybdis hellerii,2022,number of occurrences,GAM,3,1.6193882681358238
13,Mediterranean Sea,TPTB,Charybdis hellerii,2023,number of occurrences,GAM,3,1.6193882681358238
13,Mediterranean Sea,TPTB,Charybdis hellerii,2024,number of occurrences,GAM,3,1.6193882681358238
13,Mediterranean Sea,TPTB,Charybdis hellerii,2022,number of grid cells (10x10km),GAM,3,1.4548586587150654
13,Mediterranean Sea,TPTB,Charybdis hellerii,2023,number of grid cells (10x10km),GAM,3,1.4548586587150654
13,Mediterranean Sea,TPTB,Charybdis hellerii,2024,number of grid cells (10x10km),GAM,3,1.4548586587150654
13,Mediterranean Sea,TRZ5,Cheilodipterus novemstriatus,2022,number of occurrences,GAM,3,1.0584009921586504
13,Mediterranean Sea,TRZ5,Cheilodipterus novemstriatus,2023,number of occurrences,GAM,3,1.0584009921586504
13,Mediterranean Sea,TRZ5,Cheilodipterus novemstriatus,2024,number of occurrences,GAM,3,1.0584009921586504
13,Mediterranean Sea,TRZ5,Cheilodipterus novemstriatus,2022,number of grid cells (10x10km),GAM,3,1.08535325784375
13,Mediterranean Sea,TRZ5,Cheilodipterus novemstriatus,2023,number of grid cells (10x10km),GAM,3,1.08535325784375
13,Mediterranean Sea,TRZ5,Cheilodipterus novemstriatus,2024,number of grid cells (10x10km),GAM,3,1.08535325784375
13,Mediterranean Sea,TVBX,Chelon labrosus,2022,number of occurrences,GAM,3,1.0362550445344132
13,Mediterranean Sea,TVBX,Chelon labrosus,2023,number of occurrences,GAM,3,1.0362550445344132
13,Mediterranean Sea,TVBX,Chelon labrosus,2024,number of occurrences,GAM,3,1.0362550445344132
13,Mediterranean Sea,TVBX,Chelon labrosus,2022,number of grid cells (10x10km),GAM,3,1.1428224912813945
13,Mediterranean Sea,TVBX,Chelon labrosus,2023,number of grid cells (10x10km),GAM,3,1.1428224912813945
13,Mediterranean Sea,TVBX,Chelon labrosus,2024,number of grid cells (10x10km),GAM,3,1.1428224912813945
13,Mediterranean Sea,5YHDK,Chromogobius zebratus,2022,number of occurrences,GAM,1,0.9843551491678337
13,Mediterranean Sea,5YHDK,Chromogobius zebratus,2023,number of occurrences,GAM,1,0.9843551491678337
13,Mediterranean Sea,5YHDK,Chromogobius zebratus,2024,number of occurrences,GAM,1,0.9843551491678337
13,Mediterranean Sea,5YHDK,Chromogobius zebratus,2022,number of grid cells (10x10km),GAM,1,0.9682802655801754
13,Mediterranean Sea,5YHDK,Chromogobius zebratus,2023,number of grid cells (10x10km),GAM,1,0.9682802655801754
13,Mediterranean Sea,5YHDK,Chromogobius zebratus,2024,number of grid cells (10x10km),GAM,1,0.9682802655801754
13,Mediterranean Sea,84MWV,Chrysaora pseudoocellata,2022,number of occurrences,decision rules,1,
13,Mediterranean Sea,84MWV,Chrysaora pseudoocellata,2023,number of occurrences,decision rules,2,
13,Mediterranean Sea,84MWV,Chrysaora pseudoocellata,2024,number of occurrences,decision rules,1,
13,Mediterranean Sea,84MWV,Chrysaora pseudoocellata,2022,number of grid cells (10x10km),decision rules,1,
13,Mediterranean Sea,84MWV,Chrysaora pseudoocellata,2023,number of grid cells (10x10km),decision rules,2,
13,Mediterranean Sea,84MWV,Chrysaora pseudoocellata,2024,number of grid cells (10x10km),decision rules,1,
13,Mediterranean Sea,MVLMW,Chthamalus stellatus,2022,number of occurrences,GAM,3,1.4466892601934493
13,Mediterranean Sea,MVLMW,Chthamalus stellatus,2023,number of occurrences,GAM,3,1.4466892601934493
13,Mediterranean Sea,MVLMW,Chthamalus stellatus,2024,number of occurrences,GAM,3,1.4466892601934493
13,Mediterranean Sea,MVLMW,Chthamalus stellatus,2022,number of grid cells (10x10km),GAM,3,1.041784434451219
13,Mediterranean Sea,MVLMW,Chthamalus stellatus,2023,number of grid cells (10x10km),GAM,3,1.041784434451219
13,Mediterranean Sea,MVLMW,Chthamalus stellatus,2024,number of grid cells (10x10km),GAM,3,1.041784434451219
13,Mediterranean Sea,VV7H,Clavelina dellavallei,2022,number of occurrences,GAM,1,0.9578989767261886
13,Mediterranean Sea,VV7H,Clavelina dellavallei,2023,number of occurrences,GAM,1,0.9578989767261886
13,Mediterranean Sea,VV7H,Clavelina dellavallei,2024,number of occurrences,GAM,1,0.9578989767261886
13,Mediterranean Sea,VV7H,Clavelina dellavallei,2022,number of grid cells (10x10km),GAM,1,0.9722393861167935
13,Mediterranean Sea,VV7H,Clavelina dellavallei,2023,number of grid cells (10x10km),GAM,1,0.9722393861167935
13,Mediterranean Sea,VV7H,Clavelina dellavallei,2024,number of grid cells (10x10km),GAM,1,0.9722393861167935
13,Mediterranean Sea,N4VRP,Codium fragile,2022,number of occurrences,GAM,3,1.2034022855670925
13,Mediterranean Sea,N4VRP,Codium fragile,2023,number of occurrences,GAM,3,1.2034022855670925
13,Mediterranean Sea,N4VRP,Codium fragile,2024,number of occurrences,GAM,3,1.2034022855670925
13,Mediterranean Sea,N4VRP,Codium fragile,2022,number of grid cells (10x10km),GAM,0,0.8382260918782428
13,Mediterranean Sea,N4VRP,Codium fragile,2023,number of grid cells (10x10km),GAM,0,0.8382260918782428
13,Mediterranean Sea,N4VRP,Codium fragile,2024,number of grid cells (10x10km),GAM,0,0.8382260918782428
13,Mediterranean Sea,5ZLQH,Coleusia signata,2022,number of occurrences,GAM,1,0.8524437351355362
13,Mediterranean Sea,5ZLQH,Coleusia signata,2023,number of occurrences,GAM,1,0.8524437351355362
13,Mediterranean Sea,5ZLQH,Coleusia signata,2024,number of occurrences,GAM,1,0.8524437351355362
13,Mediterranean Sea,5ZLQH,Coleusia signata,2022,number of grid cells (10x10km),GAM,1,0.8536575026082603
13,Mediterranean Sea,5ZLQH,Coleusia signata,2023,number of grid cells (10x10km),GAM,1,0.8536575026082603
13,Mediterranean Sea,5ZLQH,Coleusia signata,2024,number of grid cells (10x10km),GAM,1,0.8536575026082603
13,Mediterranean Sea,XRF9,Conomurex persicus,2022,number of occurrences,GAM,1,0.9451607713067657
13,Mediterranean Sea,XRF9,Conomurex persicus,2023,number of occurrences,GAM,1,0.9451607713067657
13,Mediterranean Sea,XRF9,Conomurex persicus,2024,number of occurrences,GAM,1,0.9451607713067657
13,Mediterranean Sea,XRF9,Conomurex persicus,2022,number of grid cells (10x10km),GAM,3,1.0677242813896477
13,Mediterranean Sea,XRF9,Conomurex persicus,2023,number of grid cells (10x10km),GAM,3,1.0677242813896477
13,Mediterranean Sea,XRF9,Conomurex persicus,2024,number of grid cells (10x10km),GAM,3,1.0677242813896477
13,Mediterranean Sea,5ZYZX,Corbicula fluminalis,2022,number of occurrences,GAM,3,1.4573124706031675
13,Mediterranean Sea,5ZYZX,Corbicula fluminalis,2023,number of occurrences,GAM,3,1.4573124706031675
13,Mediterranean Sea,5ZYZX,Corbicula fluminalis,2024,number of occurrences,GAM,3,1.4573124706031675
13,Mediterranean Sea,5ZYZX,Corbicula fluminalis,2022,number of grid cells (10x10km),decision rules,3,
13,Mediterranean Sea,5ZYZX,Corbicula fluminalis,2023,number of grid cells (10x10km),decision rules,2,
13,Mediterranean Sea,5ZYZX,Corbicula fluminalis,2024,number of grid cells (10x10km),decision rules,2,
13,Mediterranean Sea,YNT5,Corycaeus clausi,2022,number of occurrences,GAM,0,0.8785701079336907
13,Mediterranean Sea,YNT5,Corycaeus clausi,2023,number of occurrences,GAM,0,0.8785701079336907
13,Mediterranean Sea,YNT5,Corycaeus clausi,2024,number of occurrences,GAM,0,0.8785701079336907
13,Mediterranean Sea,YNT5,Corycaeus clausi,2022,number of grid cells (10x10km),GAM,1,0.8591636831722833
13,Mediterranean Sea,YNT5,Corycaeus clausi,2023,number of grid cells (10x10km),GAM,1,0.8591636831722833
13,Mediterranean Sea,YNT5,Corycaeus clausi,2024,number of grid cells (10x10km),GAM,1,0.8591636831722833
13,Mediterranean Sea,YSDX,Coryphellina rubrolineata,2022,number of occurrences,decision rules,2,
13,Mediterranean Sea,YSDX,Coryphellina rubrolineata,2023,number of occurrences,decision rules,1,
13,Mediterranean Sea,YSDX,Coryphellina rubrolineata,2024,number of occurrences,decision rules,1,
13,Mediterranean Sea,YSDX,Coryphellina rubrolineata,2022,number of grid cells (10x10km),decision rules,2,
13,Mediterranean Sea,YSDX,Coryphellina rubrolineata,2023,number of grid cells (10x10km),decision rules,1,
13,Mediterranean Sea,YSDX,Coryphellina rubrolineata,2024,number of grid cells (10x10km),decision rules,1,
13,Mediterranean Sea,YSGX,Coryphoblennius galerita,2022,number of occurrences,GAM,3,1.2558839664071484
13,Mediterranean Sea,YSGX,Coryphoblennius galerita,2023,number of occurrences,GAM,3,1.2558839664071484
13,Mediterranean Sea,YSGX,Coryphoblennius galerita,2024,number of occurrences,GAM,3,1.2558839664071484
13,Mediterranean Sea,YSGX,Coryphoblennius galerita,2022,number of grid cells (10x10km),GAM,3,1.2257256620537975
13,Mediterranean Sea,YSGX,Coryphoblennius galerita,2023,number of grid cells (10x10km),GAM,3,1.2257256620537975
13,Mediterranean Sea,YSGX,Coryphoblennius galerita,2024,number of grid cells (10x10km),GAM,3,1.2257256620537975
13,Mediterranean Sea,YZCQ,Cotylorhiza erythraea,2022,number of occurrences,GAM,1,0.9361481308105424
13,Mediterranean Sea,YZCQ,Cotylorhiza erythraea,2023,number of occurrences,GAM,1,0.9361481308105424
13,Mediterranean Sea,YZCQ,Cotylorhiza erythraea,2024,number of occurrences,GAM,1,0.9361481308105424
13,Mediterranean Sea,YZCQ,Cotylorhiza erythraea,2022,number of grid cells (10x10km),GAM,1,0.9224211089465615
13,Mediterranean Sea,YZCQ,Cotylorhiza erythraea,2023,number of grid cells (10x10km),GAM,1,0.9224211089465615
13,Mediterranean Sea,YZCQ,Cotylorhiza erythraea,2024,number of grid cells (10x10km),GAM,1,0.9224211089465615
13,Mediterranean Sea,ZJCF,Crisularia plumosa,2022,number of occurrences,decision rules,1,
13,Mediterranean Sea,ZJCF,Crisularia plumosa,2023,number of occurrences,decision rules,2,
13,Mediterranean Sea,ZJCF,Crisularia plumosa,2024,number of occurrences,decision rules,1,
13,Mediterranean Sea,ZJCF,Crisularia plumosa,2022,number of grid cells (10x10km),decision rules,1,
13,Mediterranean Sea,ZJCF,Crisularia plumosa,2023,number of grid cells (10x10km),decision rules,2,
13,Mediterranean Sea,ZJCF,Crisularia plumosa,2024,number of grid cells (10x10km),decision rules,1,
13,Mediterranean Sea,3256V,Ctenocalanus vanus,2022,number of occurrences,GAM,0,0.9046915294408328
13,Mediterranean Sea,3256V,Ctenocalanus vanus,2023,number of occurrences,GAM,0,0.9046915294408328
13,Mediterranean Sea,3256V,Ctenocalanus vanus,2024,number of occurrences,GAM,0,0.9046915294408328
13,Mediterranean Sea,3256V,Ctenocalanus vanus,2022,number of grid cells (10x10km),GAM,0,0.8337665700702946
13,Mediterranean Sea,3256V,Ctenocalanus vanus,2023,number of grid cells (10x10km),GAM,0,0.8337665700702946
13,Mediterranean Sea,3256V,Ctenocalanus vanus,2024,number of grid cells (10x10km),GAM,0,0.8337665700702946
13,Mediterranean Sea,34D2F,Decapterus russelli,2022,number of occurrences,GAM,0,0.34923032850514785
13,Mediterranean Sea,34D2F,Decapterus russelli,2023,number of occurrences,GAM,0,0.34923032850514785
13,Mediterranean Sea,34D2F,Decapterus russelli,2024,number of occurrences,GAM,0,0.34923032850514785
13,Mediterranean Sea,34D2F,Decapterus russelli,2022,number of grid cells (10x10km),decision rules,1,
13,Mediterranean Sea,34D2F,Decapterus russelli,2023,number of grid cells (10x10km),decision rules,1,
13,Mediterranean Sea,34D2F,Decapterus russelli,2024,number of grid cells (10x10km),decision rules,1,
13,Mediterranean Sea,35864,Diadema setosum,2022,number of occurrences,GAM,3,1.4920507954046618
13,Mediterranean Sea,35864,Diadema setosum,2023,number of occurrences,GAM,3,1.4920507954046618
13,Mediterranean Sea,35864,Diadema setosum,2024,number of occurrences,GAM,3,1.4920507954046618
13,Mediterranean Sea,35864,Diadema setosum,2022,number of grid cells (10x10km),GAM,3,1.2884381542882084
13,Mediterranean Sea,35864,Diadema setosum,2023,number of grid cells (10x10km),GAM,3,1.2884381542882084
13,Mediterranean Sea,35864,Diadema setosum,2024,number of grid cells (10x10km),GAM,3,1.2884381542882084
13,Mediterranean Sea,358C6,Diadumene lineata,2022,number of occurrences,GAM,3,1.0325941218812633
13,Mediterranean Sea,358C6,Diadumene lineata,2023,number of occurrences,GAM,1,1.0325941218812633
13,Mediterranean Sea,358C6,Diadumene lineata,2024,number of occurrences,GAM,1,1.0325941218812633
13,Mediterranean Sea,358C6,Diadumene lineata,2022,number of grid cells (10x10km),decision rules,3,
13,Mediterranean Sea,358C6,Diadumene lineata,2023,number of grid cells (10x10km),decision rules,2,
13,Mediterranean Sea,358C6,Diadumene lineata,2024,number of grid cells (10x10km),decision rules,2,
13,Mediterranean Sea,N7ZH7,Dictyota cyanoloma,2022,number of occurrences,GAM,3,1.250407781281501
13,Mediterranean Sea,N7ZH7,Dictyota cyanoloma,2023,number of occurrences,GAM,3,1.250407781281501
13,Mediterranean Sea,N7ZH7,Dictyota cyanoloma,2024,number of occurrences,GAM,3,1.250407781281501
13,Mediterranean Sea,N7ZH7,Dictyota cyanoloma,2022,number of grid cells (10x10km),decision rules,2,
13,Mediterranean Sea,N7ZH7,Dictyota cyanoloma,2023,number of grid cells (10x10km),decision rules,2,
13,Mediterranean Sea,N7ZH7,Dictyota cyanoloma,2024,number of grid cells (10x10km),decision rules,2,
13,Mediterranean Sea,6D7D3,Diodora ruppellii,2022,number of occurrences,GAM,3,1.4018862511723642
13,Mediterranean Sea,6D7D3,Diodora ruppellii,2023,number of occurrences,GAM,3,1.4018862511723642
13,Mediterranean Sea,6D7D3,Diodora ruppellii,2024,number of occurrences,GAM,3,1.4018862511723642
13,Mediterranean Sea,6D7D3,Diodora ruppellii,2022,number of grid cells (10x10km),decision rules,1,
13,Mediterranean Sea,6D7D3,Diodora ruppellii,2023,number of grid cells (10x10km),decision rules,2,
13,Mediterranean Sea,6D7D3,Diodora ruppellii,2024,number of grid cells (10x10km),decision rules,3,
13,Mediterranean Sea,6CY2M,Diplodus vulgaris,2022,number of occurrences,GAM,3,1.1025856842703883
13,Mediterranean Sea,6CY2M,Diplodus vulgaris,2023,number of occurrences,GAM,3,1.1025856842703883
13,Mediterranean Sea,6CY2M,Diplodus vulgaris,2024,number of occurrences,GAM,3,1.1025856842703883
13,Mediterranean Sea,6CY2M,Diplodus vulgaris,2022,number of grid cells (10x10km),GAM,3,1.1166360528657389
13,Mediterranean Sea,6CY2M,Diplodus vulgaris,2023,number of grid cells (10x10km),GAM,3,1.1166360528657389
13,Mediterranean Sea,6CY2M,Diplodus vulgaris,2024,number of grid cells (10x10km),GAM,3,1.1166360528657389
13,Mediterranean Sea,36WJ4,Distaplia bermudensis,2022,number of occurrences,GAM,3,1.345163431355642
13,Mediterranean Sea,36WJ4,Distaplia bermudensis,2023,number of occurrences,GAM,3,1.345163431355642
13,Mediterranean Sea,36WJ4,Distaplia bermudensis,2024,number of occurrences,GAM,3,1.345163431355642
13,Mediterranean Sea,36WJ4,Distaplia bermudensis,2022,number of grid cells (10x10km),GAM,3,1.2989366690769248
13,Mediterranean Sea,36WJ4,Distaplia bermudensis,2023,number of grid cells (10x10km),GAM,3,1.2989366690769248
13,Mediterranean Sea,36WJ4,Distaplia bermudensis,2024,number of grid cells (10x10km),GAM,3,1.2989366690769248
13,Mediterranean Sea,6DHDK,Dorvillea similis,2022,number of occurrences,GAM,1,0.8611479890685588
13,Mediterranean Sea,6DHDK,Dorvillea similis,2023,number of occurrences,GAM,1,0.8611479890685588
13,Mediterranean Sea,6DHDK,Dorvillea similis,2024,number of occurrences,GAM,1,0.8611479890685588
13,Mediterranean Sea,6DHDK,Dorvillea similis,2022,number of grid cells (10x10km),GAM,1,0.7493425796812229
13,Mediterranean Sea,6DHDK,Dorvillea similis,2023,number of grid cells (10x10km),GAM,1,0.7493425796812229
13,Mediterranean Sea,6DHDK,Dorvillea similis,2024,number of grid cells (10x10km),GAM,1,0.7493425796812229
13,Mediterranean Sea,6F5ZX,Elysia ornata,2022,number of occurrences,GAM,0,0.5622832755087146
13,Mediterranean Sea,6F5ZX,Elysia ornata,2023,number of occurrences,GAM,0,0.5622832755087146
13,Mediterranean Sea,6F5ZX,Elysia ornata,2024,number of occurrences,GAM,0,0.5622832755087146
13,Mediterranean Sea,6F5ZX,Elysia ornata,2022,number of grid cells (10x10km),GAM,0,0.807927718649619
13,Mediterranean Sea,6F5ZX,Elysia ornata,2023,number of grid cells (10x10km),GAM,0,0.807927718649619
13,Mediterranean Sea,6F5ZX,Elysia ornata,2024,number of grid cells (10x10km),GAM,0,0.807927718649619
13,Mediterranean Sea,39NJT,Enchelycore anatina,2022,number of occurrences,GAM,1,0.9942759794325102
13,Mediterranean Sea,39NJT,Enchelycore anatina,2023,number of occurrences,GAM,1,0.9942759794325102
13,Mediterranean Sea,39NJT,Enchelycore anatina,2024,number of occurrences,GAM,1,0.9942759794325102
13,Mediterranean Sea,39NJT,Enchelycore anatina,2022,number of grid cells (10x10km),GAM,1,1.0049375164498313
13,Mediterranean Sea,39NJT,Enchelycore anatina,2023,number of grid cells (10x10km),GAM,1,1.0049375164498313
13,Mediterranean Sea,39NJT,Enchelycore anatina,2024,number of grid cells (10x10km),GAM,1,1.0049375164498313
13,Mediterranean Sea,6G5LM,Epinephelus caninus,2022,number of occurrences,GAM,1,0.9769538200535599
13,Mediterranean Sea,6G5LM,Epinephelus caninus,2023,number of occurrences,GAM,1,0.9769538200535599
13,Mediterranean Sea,6G5LM,Epinephelus caninus,2024,number of occurrences,GAM,1,0.9769538200535599
13,Mediterranean Sea,6G5LM,Epinephelus caninus,2022,number of grid cells (10x10km),GAM,1,0.8766081037675879
13,Mediterranean Sea,6G5LM,Epinephelus caninus,2023,number of grid cells (10x10km),GAM,1,0.8766081037675879
13,Mediterranean Sea,6G5LM,Epinephelus caninus,2024,number of grid cells (10x10km),GAM,1,0.8766081037675879
13,Mediterranean Sea,6G5MZ,Epinephelus coioides,2022,number of occurrences,GAM,3,1.1489194837098962
13,Mediterranean Sea,6G5MZ,Epinephelus coioides,2023,number of occurrences,GAM,3,1.1489194837098962
13,Mediterranean Sea,6G5MZ,Epinephelus coioides,2024,number of occurrences,GAM,3,1.1489194837098962
13,Mediterranean Sea,6G5MZ,Epinephelus coioides,2022,number of grid cells (10x10km),GAM,3,1.1489194837098962
13,Mediterranean Sea,6G5MZ,Epinephelus coioides,2023,number of grid cells (10x10km),GAM,3,1.1489194837098962
13,Mediterranean Sea,6G5MZ,Epinephelus coioides,2024,number of grid cells (10x10km),GAM,3,1.1489194837098962
13,Mediterranean Sea,6GHWY,Ergalatax junionae,2022,number of occurrences,GAM,3,1.524013170012155
13,Mediterranean Sea,6GHWY,Ergalatax junionae,2023,number of occurrences,GAM,3,1.524013170012155
13,Mediterranean Sea,6GHWY,Ergalatax junionae,2024,number of occurrences,GAM,3,1.524013170012155
13,Mediterranean Sea,6GHWY,Ergalatax junionae,2022,number of grid cells (10x10km),GAM,3,1.4640109868929987
13,Mediterranean Sea,6GHWY,Ergalatax junionae,2023,number of grid cells (10x10km),GAM,3,1.4640109868929987
13,Mediterranean Sea,6GHWY,Ergalatax junionae,2024,number of grid cells (10x10km),GAM,3,1.4640109868929987
13,Mediterranean Sea,3DJK6,Exaiptasia diaphana,2022,number of occurrences,GAM,0,0.6443034872967863
13,Mediterranean Sea,3DJK6,Exaiptasia diaphana,2023,number of occurrences,GAM,0,0.6443034872967863
13,Mediterranean Sea,3DJK6,Exaiptasia diaphana,2024,number of occurrences,GAM,0,0.6443034872967863
13,Mediterranean Sea,3DJK6,Exaiptasia diaphana,2022,number of grid cells (10x10km),GAM,0,0.8317218570477761
13,Mediterranean Sea,3DJK6,Exaiptasia diaphana,2023,number of grid cells (10x10km),GAM,0,0.8317218570477761
13,Mediterranean Sea,3DJK6,Exaiptasia diaphana,2024,number of grid cells (10x10km),GAM,0,0.8317218570477761
13,Mediterranean Sea,6HVS2,Ficopomatus enigmaticus,2022,number of occurrences,GAM,1,0.9986038747460958
13,Mediterranean Sea,6HVS2,Ficopomatus enigmaticus,2023,number of occurrences,GAM,1,0.9986038747460958
13,Mediterranean Sea,6HVS2,Ficopomatus enigmaticus,2024,number of occurrences,GAM,1,0.9986038747460958
13,Mediterranean Sea,6HVS2,Ficopomatus enigmaticus,2022,number of grid cells (10x10km),GAM,3,1.0702729019548967
13,Mediterranean Sea,6HVS2,Ficopomatus enigmaticus,2023,number of grid cells (10x10km),GAM,3,1.0702729019548967
13,Mediterranean Sea,6HVS2,Ficopomatus enigmaticus,2024,number of grid cells (10x10km),GAM,3,1.0702729019548967
13,Mediterranean Sea,6J77G,Fistularia commersonii,2022,number of occurrences,GAM,1,0.9973513212911126
13,Mediterranean Sea,6J77G,Fistularia commersonii,2023,number of occurrences,GAM,1,0.9973513212911126
13,Mediterranean Sea,6J77G,Fistularia commersonii,2024,number of occurrences,GAM,1,0.9973513212911126
13,Mediterranean Sea,6J77G,Fistularia commersonii,2022,number of grid cells (10x10km),GAM,1,0.9414021672542574
13,Mediterranean Sea,6J77G,Fistularia commersonii,2023,number of grid cells (10x10km),GAM,1,0.9414021672542574
13,Mediterranean Sea,6J77G,Fistularia commersonii,2024,number of grid cells (10x10km),GAM,1,0.9414021672542574
13,Mediterranean Sea,6J6V6,Fistularia petimba,2022,number of occurrences,GAM,0,0.39617868871479217
13,Mediterranean Sea,6J6V6,Fistularia petimba,2023,number of occurrences,GAM,0,0.39617868871479217
13,Mediterranean Sea,6J6V6,Fistularia petimba,2024,number of occurrences,GAM,0,0.39617868871479217
13,Mediterranean Sea,6J6V6,Fistularia petimba,2022,number of grid cells (10x10km),GAM,0,0.4223161020849637
13,Mediterranean Sea,6J6V6,Fistularia petimba,2023,number of grid cells (10x10km),GAM,0,0.4223161020849637
13,Mediterranean Sea,6J6V6,Fistularia petimba,2024,number of grid cells (10x10km),GAM,0,0.4223161020849637
13,Mediterranean Sea,6K3WF,Fulvia fragilis,2022,number of occurrences,GAM,0,0.7606742499886268
13,Mediterranean Sea,6K3WF,Fulvia fragilis,2023,number of occurrences,GAM,0,0.7606742499886268
13,Mediterranean Sea,6K3WF,Fulvia fragilis,2024,number of occurrences,GAM,0,0.7606742499886268
13,Mediterranean Sea,6K3WF,Fulvia fragilis,2022,number of grid cells (10x10km),GAM,1,0.958266390601924
13,Mediterranean Sea,6K3WF,Fulvia fragilis,2023,number of grid cells (10x10km),GAM,1,0.958266390601924
13,Mediterranean Sea,6K3WF,Fulvia fragilis,2024,number of grid cells (10x10km),GAM,1,0.958266390601924
13,Mediterranean Sea,6JWF2,Gafrarium savignyi,2022,number of occurrences,GAM,3,1.4531431705681945
13,Mediterranean Sea,6JWF2,Gafrarium savignyi,2023,number of occurrences,GAM,3,1.4531431705681945
13,Mediterranean Sea,6JWF2,Gafrarium savignyi,2024,number of occurrences,GAM,3,1.4531431705681945
13,Mediterranean Sea,6JWF2,Gafrarium savignyi,2022,number of grid cells (10x10km),GAM,3,1.4531431705681945
13,Mediterranean Sea,6JWF2,Gafrarium savignyi,2023,number of grid cells (10x10km),GAM,3,1.4531431705681945
13,Mediterranean Sea,6JWF2,Gafrarium savignyi,2024,number of grid cells (10x10km),GAM,3,1.4531431705681945
13,Mediterranean Sea,3F8NP,Gammogobius steinitzi,2022,number of occurrences,decision rules,1,
13,Mediterranean Sea,3F8NP,Gammogobius steinitzi,2023,number of occurrences,decision rules,1,
13,Mediterranean Sea,3F8NP,Gammogobius steinitzi,2024,number of occurrences,decision rules,1,
13,Mediterranean Sea,3F8NP,Gammogobius steinitzi,2022,number of grid cells (10x10km),decision rules,2,
13,Mediterranean Sea,3F8NP,Gammogobius steinitzi,2023,number of grid cells (10x10km),decision rules,1,
13,Mediterranean Sea,3F8NP,Gammogobius steinitzi,2024,number of grid cells (10x10km),decision rules,1,
13,Mediterranean Sea,3FZJF,Gibbula ardens,2022,number of occurrences,GAM,3,1.077671577046286
13,Mediterranean Sea,3FZJF,Gibbula ardens,2023,number of occurrences,GAM,3,1.077671577046286
13,Mediterranean Sea,3FZJF,Gibbula ardens,2024,number of occurrences,GAM,3,1.077671577046286
13,Mediterranean Sea,3FZJF,Gibbula ardens,2022,number of grid cells (10x10km),GAM,3,1.1951230883397783
13,Mediterranean Sea,3FZJF,Gibbula ardens,2023,number of grid cells (10x10km),GAM,3,1.1951230883397783
13,Mediterranean Sea,3FZJF,Gibbula ardens,2024,number of grid cells (10x10km),GAM,3,1.1951230883397783
13,Mediterranean Sea,3GQ9Z,Gobius xanthocephalus,2022,number of occurrences,GAM,0,0.9277306738544855
13,Mediterranean Sea,3GQ9Z,Gobius xanthocephalus,2023,number of occurrences,GAM,0,0.9277306738544855
13,Mediterranean Sea,3GQ9Z,Gobius xanthocephalus,2024,number of occurrences,GAM,0,0.9277306738544855
13,Mediterranean Sea,3GQ9Z,Gobius xanthocephalus,2022,number of grid cells (10x10km),GAM,0,0.9372925849486085
13,Mediterranean Sea,3GQ9Z,Gobius xanthocephalus,2023,number of grid cells (10x10km),GAM,0,0.9372925849486085
13,Mediterranean Sea,3GQ9Z,Gobius xanthocephalus,2024,number of grid cells (10x10km),GAM,0,0.9372925849486085
13,Mediterranean Sea,3GW52,Goniobranchus annulatus,2022,number of occurrences,GAM,1,0.9577314871018306
13,Mediterranean Sea,3GW52,Goniobranchus annulatus,2023,number of occurrences,GAM,1,0.9577314871018306
13,Mediterranean Sea,3GW52,Goniobranchus annulatus,2024,number of occurrences,GAM,1,0.9577314871018306
13,Mediterranean Sea,3GW52,Goniobranchus annulatus,2022,number of grid cells (10x10km),GAM,1,0.992238374934939
13,Mediterranean Sea,3GW52,Goniobranchus annulatus,2023,number of grid cells (10x10km),GAM,1,0.992238374934939
13,Mediterranean Sea,3GW52,Goniobranchus annulatus,2024,number of grid cells (10x10km),GAM,1,0.992238374934939
13,Mediterranean Sea,3GW5Z,Goniobranchus obsoletus,2022,number of occurrences,decision rules,1,
13,Mediterranean Sea,3GW5Z,Goniobranchus obsoletus,2023,number of occurrences,decision rules,1,
13,Mediterranean Sea,3GW5Z,Goniobranchus obsoletus,2024,number of occurrences,decision rules,1,
13,Mediterranean Sea,3GW5Z,Goniobranchus obsoletus,2022,number of grid cells (10x10km),decision rules,1,
13,Mediterranean Sea,3GW5Z,Goniobranchus obsoletus,2023,number of grid cells (10x10km),decision rules,1,
13,Mediterranean Sea,3GW5Z,Goniobranchus obsoletus,2024,number of grid cells (10x10km),decision rules,2,
13,Mediterranean Sea,6L2HF,Gonioinfradens giardi,2022,number of occurrences,decision rules,1,
13,Mediterranean Sea,6L2HF,Gonioinfradens giardi,2023,number of occurrences,decision rules,3,
13,Mediterranean Sea,6L2HF,Gonioinfradens giardi,2024,number of occurrences,decision rules,3,
13,Mediterranean Sea,6L2HF,Gonioinfradens giardi,2022,number of grid cells (10x10km),decision rules,1,
13,Mediterranean Sea,6L2HF,Gonioinfradens giardi,2023,number of grid cells (10x10km),decision rules,3,
13,Mediterranean Sea,6L2HF,Gonioinfradens giardi,2024,number of grid cells (10x10km),decision rules,3,
13,Mediterranean Sea,6KZCH,Haliotis tuberculata,2022,number of occurrences,GAM,3,1.2337726974446845
13,Mediterranean Sea,6KZCH,Haliotis tuberculata,2023,number of occurrences,GAM,3,1.2337726974446845
13,Mediterranean Sea,6KZCH,Haliotis tuberculata,2024,number of occurrences,GAM,3,1.2337726974446845
13,Mediterranean Sea,6KZCH,Haliotis tuberculata,2022,number of grid cells (10x10km),GAM,3,1.1789286191830206
13,Mediterranean Sea,6KZCH,Haliotis tuberculata,2023,number of grid cells (10x10km),GAM,3,1.1789286191830206
13,Mediterranean Sea,6KZCH,Haliotis tuberculata,2024,number of grid cells (10x10km),GAM,3,1.1789286191830206
13,Mediterranean Sea,3JFLP,Halophila stipulacea,2022,number of occurrences,GAM,1,0.9648482794695229
13,Mediterranean Sea,3JFLP,Halophila stipulacea,2023,number of occurrences,GAM,1,0.9648482794695229
13,Mediterranean Sea,3JFLP,Halophila stipulacea,2024,number of occurrences,GAM,1,0.9648482794695229
13,Mediterranean Sea,3JFLP,Halophila stipulacea,2022,number of grid cells (10x10km),GAM,1,0.9768041626484176
13,Mediterranean Sea,3JFLP,Halophila stipulacea,2023,number of grid cells (10x10km),GAM,1,0.9768041626484176
13,Mediterranean Sea,3JFLP,Halophila stipulacea,2024,number of grid cells (10x10km),GAM,1,0.9768041626484176
13,Mediterranean Sea,3KV39,Heniochus intermedius,2022,number of occurrences,decision rules,2,
13,Mediterranean Sea,3KV39,Heniochus intermedius,2023,number of occurrences,decision rules,2,
13,Mediterranean Sea,3KV39,Heniochus intermedius,2024,number of occurrences,decision rules,2,
13,Mediterranean Sea,3KV39,Heniochus intermedius,2022,number of grid cells (10x10km),decision rules,2,
13,Mediterranean Sea,3KV39,Heniochus intermedius,2023,number of grid cells (10x10km),decision rules,2,
13,Mediterranean Sea,3KV39,Heniochus intermedius,2024,number of grid cells (10x10km),decision rules,2,
13,Mediterranean Sea,3KYK3,Herdmania momus,2022,number of occurrences,GAM,0,0.5985987522290448
13,Mediterranean Sea,3KYK3,Herdmania momus,2023,number of occurrences,GAM,0,0.5985987522290448
13,Mediterranean Sea,3KYK3,Herdmania momus,2024,number of occurrences,GAM,0,0.5985987522290448
13,Mediterranean Sea,3KYK3,Herdmania momus,2022,number of grid cells (10x10km),GAM,0,0.6338559754204579
13,Mediterranean Sea,3KYK3,Herdmania momus,2023,number of grid cells (10x10km),GAM,0,0.6338559754204579
13,Mediterranean Sea,3KYK3,Herdmania momus,2024,number of grid cells (10x10km),GAM,0,0.6338559754204579
13,Mediterranean Sea,3KZ74,Herklotsichthys punctatus,2022,number of occurrences,GAM,3,1.0431126056817355
13,Mediterranean Sea,3KZ74,Herklotsichthys punctatus,2023,number of occurrences,GAM,3,1.0431126056817355
13,Mediterranean Sea,3KZ74,Herklotsichthys punctatus,2024,number of occurrences,GAM,3,1.0431126056817355
13,Mediterranean Sea,3KZ74,Herklotsichthys punctatus,2022,number of grid cells (10x10km),GAM,1,0.9142221219468606
13,Mediterranean Sea,3KZ74,Herklotsichthys punctatus,2023,number of grid cells (10x10km),GAM,1,0.9142221219468606
13,Mediterranean Sea,3KZ74,Herklotsichthys punctatus,2024,number of grid cells (10x10km),GAM,1,0.9142221219468606
13,Mediterranean Sea,3LY4N,Himantura uarnak,2022,number of occurrences,GAM,3,1.1209639254338553
13,Mediterranean Sea,3LY4N,Himantura uarnak,2023,number of occurrences,GAM,3,1.1209639254338553
13,Mediterranean Sea,3LY4N,Himantura uarnak,2024,number of occurrences,GAM,3,1.1209639254338553
13,Mediterranean Sea,3LY4N,Himantura uarnak,2022,number of grid cells (10x10km),GAM,3,1.1054817079937305
13,Mediterranean Sea,3LY4N,Himantura uarnak,2023,number of grid cells (10x10km),GAM,3,1.1054817079937305
13,Mediterranean Sea,3LY4N,Himantura uarnak,2024,number of grid cells (10x10km),GAM,3,1.1054817079937305
13,Mediterranean Sea,3NHYZ,Hymeniacidon perlevis,2022,number of occurrences,GAM,0,0.5789467141180202
13,Mediterranean Sea,3NHYZ,Hymeniacidon perlevis,2023,number of occurrences,GAM,0,0.5789467141180202
13,Mediterranean Sea,3NHYZ,Hymeniacidon perlevis,2024,number of occurrences,GAM,0,0.5789467141180202
13,Mediterranean Sea,3NHYZ,Hymeniacidon perlevis,2022,number of grid cells (10x10km),GAM,1,0.8096598979799937
13,Mediterranean Sea,3NHYZ,Hymeniacidon perlevis,2023,number of grid cells (10x10km),GAM,1,0.8096598979799937
13,Mediterranean Sea,3NHYZ,Hymeniacidon perlevis,2024,number of grid cells (10x10km),GAM,1,0.8096598979799937
13,Mediterranean Sea,3P33V,Hypselodoris infucata,2022,number of occurrences,GAM,1,1.000755794597954
13,Mediterranean Sea,3P33V,Hypselodoris infucata,2023,number of occurrences,GAM,1,1.000755794597954
13,Mediterranean Sea,3P33V,Hypselodoris infucata,2024,number of occurrences,GAM,1,1.000755794597954
13,Mediterranean Sea,3P33V,Hypselodoris infucata,2022,number of grid cells (10x10km),GAM,1,0.9303465833343021
13,Mediterranean Sea,3P33V,Hypselodoris infucata,2023,number of grid cells (10x10km),GAM,1,0.9303465833343021
13,Mediterranean Sea,3P33V,Hypselodoris infucata,2024,number of grid cells (10x10km),GAM,1,0.9303465833343021
13,Mediterranean Sea,6NBLQ,Istiblennius meleagris,2022,number of occurrences,GAM,1,0.9781455652711047
13,Mediterranean Sea,6NBLQ,Istiblennius meleagris,2023,number of occurrences,GAM,1,0.9781455652711047
13,Mediterranean Sea,6NBLQ,Istiblennius meleagris,2024,number of occurrences,GAM,1,0.9781455652711047
13,Mediterranean Sea,6NBLQ,Istiblennius meleagris,2022,number of grid cells (10x10km),decision rules,1,
13,Mediterranean Sea,6NBLQ,Istiblennius meleagris,2023,number of grid cells (10x10km),decision rules,2,
13,Mediterranean Sea,6NBLQ,Istiblennius meleagris,2024,number of grid cells (10x10km),decision rules,3,
13,Mediterranean Sea,3R8JQ,Kirkegaardia dorsobranchialis,2022,number of occurrences,decision rules,2,
13,Mediterranean Sea,3R8JQ,Kirkegaardia dorsobranchialis,2023,number of occurrences,decision rules,2,
13,Mediterranean Sea,3R8JQ,Kirkegaardia dorsobranchialis,2024,number of occurrences,decision rules,2,
13,Mediterranean Sea,3R8JQ,Kirkegaardia dorsobranchialis,2022,number of grid cells (10x10km),GAM,3,1.0577974191353696
13,Mediterranean Sea,3R8JQ,Kirkegaardia dorsobranchialis,2023,number of grid cells (10x10km),GAM,3,1.0577974191353696
13,Mediterranean Sea,3R8JQ,Kirkegaardia dorsobranchialis,2024,number of grid cells (10x10km),GAM,3,1.0577974191353696
13,Mediterranean Sea,3RX8X,Lagocephalus sceleratus,2022,number of occurrences,GAM,0,0.7184173628092517
13,Mediterranean Sea,3RX8X,Lagocephalus sceleratus,2023,number of occurrences,GAM,0,0.7184173628092517
13,Mediterranean Sea,3RX8X,Lagocephalus sceleratus,2024,number of occurrences,GAM,1,0.7184173628092517
13,Mediterranean Sea,3RX8X,Lagocephalus sceleratus,2022,number of grid cells (10x10km),GAM,1,0.7964256410228339
13,Mediterranean Sea,3RX8X,Lagocephalus sceleratus,2023,number of grid cells (10x10km),GAM,1,0.7964256410228339
13,Mediterranean Sea,3RX8X,Lagocephalus sceleratus,2024,number of grid cells (10x10km),GAM,1,0.7964256410228339
13,Mediterranean Sea,3RX94,Lagocephalus suezensis,2022,number of occurrences,GAM,1,0.8828571753812657
13,Mediterranean Sea,3RX94,Lagocephalus suezensis,2023,number of occurrences,GAM,1,0.8828571753812657
13,Mediterranean Sea,3RX94,Lagocephalus suezensis,2024,number of occurrences,GAM,1,0.8828571753812657
13,Mediterranean Sea,3RX94,Lagocephalus suezensis,2022,number of grid cells (10x10km),GAM,1,0.9067279621089946
13,Mediterranean Sea,3RX94,Lagocephalus suezensis,2023,number of grid cells (10x10km),GAM,1,0.9067279621089946
13,Mediterranean Sea,3RX94,Lagocephalus suezensis,2024,number of grid cells (10x10km),GAM,1,0.9067279621089946
13,Mediterranean Sea,7RTD2,Lamprohaminoea ovalis,2022,number of occurrences,GAM,3,2.1355112109641397
13,Mediterranean Sea,7RTD2,Lamprohaminoea ovalis,2023,number of occurrences,GAM,3,2.1355112109641397
13,Mediterranean Sea,7RTD2,Lamprohaminoea ovalis,2024,number of occurrences,GAM,3,2.1355112109641397
13,Mediterranean Sea,7RTD2,Lamprohaminoea ovalis,2022,number of grid cells (10x10km),GAM,3,1.8425619012756906
13,Mediterranean Sea,7RTD2,Lamprohaminoea ovalis,2023,number of grid cells (10x10km),GAM,3,1.8425619012756906
13,Mediterranean Sea,7RTD2,Lamprohaminoea ovalis,2024,number of grid cells (10x10km),GAM,3,1.8425619012756906
13,Mediterranean Sea,3T7JW,Lepadogaster candolii,2022,number of occurrences,GAM,3,1.219581463750485
13,Mediterranean Sea,3T7JW,Lepadogaster candolii,2023,number of occurrences,GAM,3,1.219581463750485
13,Mediterranean Sea,3T7JW,Lepadogaster candolii,2024,number of occurrences,GAM,3,1.219581463750485
13,Mediterranean Sea,3T7JW,Lepadogaster candolii,2022,number of grid cells (10x10km),GAM,3,1.191851029202946
13,Mediterranean Sea,3T7JW,Lepadogaster candolii,2023,number of grid cells (10x10km),GAM,3,1.191851029202946
13,Mediterranean Sea,3T7JW,Lepadogaster candolii,2024,number of grid cells (10x10km),GAM,3,1.191851029202946
13,Mediterranean Sea,725YR,Leucos aula,2022,number of occurrences,decision rules,1,
13,Mediterranean Sea,725YR,Leucos aula,2023,number of occurrences,decision rules,1,
13,Mediterranean Sea,725YR,Leucos aula,2024,number of occurrences,decision rules,2,
13,Mediterranean Sea,725YR,Leucos aula,2022,number of grid cells (10x10km),decision rules,1,
13,Mediterranean Sea,725YR,Leucos aula,2023,number of grid cells (10x10km),decision rules,1,
13,Mediterranean Sea,725YR,Leucos aula,2024,number of grid cells (10x10km),decision rules,2,
13,Mediterranean Sea,72PX9,Lumbrineris perkinsi,2022,number of occurrences,GAM,3,1.2376929730989845
13,Mediterranean Sea,72PX9,Lumbrineris perkinsi,2023,number of occurrences,GAM,3,1.2376929730989845
13,Mediterranean Sea,72PX9,Lumbrineris perkinsi,2024,number of occurrences,GAM,3,1.2376929730989845
13,Mediterranean Sea,72PX9,Lumbrineris perkinsi,2022,number of grid cells (10x10km),GAM,3,1.182069372365031
13,Mediterranean Sea,72PX9,Lumbrineris perkinsi,2023,number of grid cells (10x10km),GAM,3,1.182069372365031
13,Mediterranean Sea,72PX9,Lumbrineris perkinsi,2024,number of grid cells (10x10km),GAM,3,1.182069372365031
13,Mediterranean Sea,3X99P,Macrorhynchia philippina,2022,number of occurrences,GAM,0,0.4357173712212392
13,Mediterranean Sea,3X99P,Macrorhynchia philippina,2023,number of occurrences,GAM,0,0.4357173712212392
13,Mediterranean Sea,3X99P,Macrorhynchia philippina,2024,number of occurrences,GAM,0,0.4357173712212392
13,Mediterranean Sea,3X99P,Macrorhynchia philippina,2022,number of grid cells (10x10km),decision rules,1,
13,Mediterranean Sea,3X99P,Macrorhynchia philippina,2023,number of grid cells (10x10km),decision rules,1,
13,Mediterranean Sea,3X99P,Macrorhynchia philippina,2024,number of grid cells (10x10km),decision rules,1,
13,Mediterranean Sea,3XNGV,Malleus regula,2022,number of occurrences,decision rules,1,
13,Mediterranean Sea,3XNGV,Malleus regula,2023,number of occurrences,decision rules,1,
13,Mediterranean Sea,3XNGV,Malleus regula,2024,number of occurrences,decision rules,3,
13,Mediterranean Sea,3XNGV,Malleus regula,2022,number of grid cells (10x10km),decision rules,1,
13,Mediterranean Sea,3XNGV,Malleus regula,2023,number of grid cells (10x10km),decision rules,1,
13,Mediterranean Sea,3XNGV,Malleus regula,2024,number of grid cells (10x10km),decision rules,2,
13,Mediterranean Sea,3Y7LV,Marivagia stellata,2022,number of occurrences,GAM,0,0.5810750460775184
13,Mediterranean Sea,3Y7LV,Marivagia stellata,2023,number of occurrences,GAM,0,0.5810750460775184
13,Mediterranean Sea,3Y7LV,Marivagia stellata,2024,number of occurrences,GAM,0,0.5810750460775184
13,Mediterranean Sea,3Y7LV,Marivagia stellata,2022,number of grid cells (10x10km),GAM,0,0.6211472179226786
13,Mediterranean Sea,3Y7LV,Marivagia stellata,2023,number of grid cells (10x10km),GAM,0,0.6211472179226786
13,Mediterranean Sea,3Y7LV,Marivagia stellata,2024,number of grid cells (10x10km),GAM,0,0.6211472179226786
13,Mediterranean Sea,3YFLW,Matuta victor,2022,number of occurrences,GAM,3,1.048535412294175
13,Mediterranean Sea,3YFLW,Matuta victor,2023,number of occurrences,GAM,1,1.048535412294175
13,Mediterranean Sea,3YFLW,Matuta victor,2024,number of occurrences,GAM,1,1.048535412294175
13,Mediterranean Sea,3YFLW,Matuta victor,2022,number of grid cells (10x10km),decision rules,3,
13,Mediterranean Sea,3YFLW,Matuta victor,2023,number of grid cells (10x10km),decision rules,2,
13,Mediterranean Sea,3YFLW,Matuta victor,2024,number of grid cells (10x10km),decision rules,2,
13,Mediterranean Sea,738Y7,Melibe viridis,2022,number of occurrences,GAM,3,1.083607725870252
13,Mediterranean Sea,738Y7,Melibe viridis,2023,number of occurrences,GAM,3,1.083607725870252
13,Mediterranean Sea,738Y7,Melibe viridis,2024,number of occurrences,GAM,3,1.083607725870252
13,Mediterranean Sea,738Y7,Melibe viridis,2022,number of grid cells (10x10km),GAM,3,1.1416934699278425
13,Mediterranean Sea,738Y7,Melibe viridis,2023,number of grid cells (10x10km),GAM,3,1.1416934699278425
13,Mediterranean Sea,738Y7,Melibe viridis,2024,number of grid cells (10x10km),GAM,3,1.1416934699278425
13,Mediterranean Sea,4224W,Mesochaetopterus rogeri,2022,number of occurrences,decision rules,1,
13,Mediterranean Sea,4224W,Mesochaetopterus rogeri,2023,number of occurrences,decision rules,2,
13,Mediterranean Sea,4224W,Mesochaetopterus rogeri,2024,number of occurrences,decision rules,1,
13,Mediterranean Sea,4224W,Mesochaetopterus rogeri,2022,number of grid cells (10x10km),decision rules,1,
13,Mediterranean Sea,4224W,Mesochaetopterus rogeri,2023,number of grid cells (10x10km),decision rules,1,
13,Mediterranean Sea,4224W,Mesochaetopterus rogeri,2024,number of grid cells (10x10km),decision rules,1,
13,Mediterranean Sea,QJZ24,Microeuraphia depressa,2022,number of occurrences,GAM,3,1.2167052773823381
13,Mediterranean Sea,QJZ24,Microeuraphia depressa,2023,number of occurrences,GAM,3,1.2167052773823381
13,Mediterranean Sea,QJZ24,Microeuraphia depressa,2024,number of occurrences,GAM,3,1.2167052773823381
13,Mediterranean Sea,QJZ24,Microeuraphia depressa,2022,number of grid cells (10x10km),GAM,3,1.1866885782895227
13,Mediterranean Sea,QJZ24,Microeuraphia depressa,2023,number of grid cells (10x10km),GAM,3,1.1866885782895227
13,Mediterranean Sea,QJZ24,Microeuraphia depressa,2024,number of grid cells (10x10km),GAM,3,1.1866885782895227
13,Mediterranean Sea,42Z4T,Micromesistius poutassou,2022,number of occurrences,GAM,3,1.172996367772221
13,Mediterranean Sea,42Z4T,Micromesistius poutassou,2023,number of occurrences,GAM,3,1.172996367772221
13,Mediterranean Sea,42Z4T,Micromesistius poutassou,2024,number of occurrences,GAM,3,1.172996367772221
13,Mediterranean Sea,42Z4T,Micromesistius poutassou,2022,number of grid cells (10x10km),GAM,3,1.0664653758061184
13,Mediterranean Sea,42Z4T,Micromesistius poutassou,2023,number of grid cells (10x10km),GAM,3,1.0664653758061184
13,Mediterranean Sea,42Z4T,Micromesistius poutassou,2024,number of grid cells (10x10km),GAM,3,1.0664653758061184
13,Mediterranean Sea,6RMTQ,Mobula mobular,2022,number of occurrences,GAM,0,0.6213750858950562
13,Mediterranean Sea,6RMTQ,Mobula mobular,2023,number of occurrences,GAM,0,0.6213750858950562
13,Mediterranean Sea,6RMTQ,Mobula mobular,2024,number of occurrences,GAM,0,0.6213750858950562
13,Mediterranean Sea,6RMTQ,Mobula mobular,2022,number of grid cells (10x10km),GAM,0,0.6718853903944673
13,Mediterranean Sea,6RMTQ,Mobula mobular,2023,number of grid cells (10x10km),GAM,0,0.6718853903944673
13,Mediterranean Sea,6RMTQ,Mobula mobular,2024,number of grid cells (10x10km),GAM,0,0.6718853903944673
13,Mediterranean Sea,446DR,Monocorophium insidiosum,2022,number of occurrences,GAM,2,0.9240522813383226
13,Mediterranean Sea,446DR,Monocorophium insidiosum,2023,number of occurrences,GAM,2,0.9240522813383226
13,Mediterranean Sea,446DR,Monocorophium insidiosum,2024,number of occurrences,GAM,2,0.9240522813383226
13,Mediterranean Sea,446DR,Monocorophium insidiosum,2022,number of grid cells (10x10km),GAM,3,1.0631787512521549
13,Mediterranean Sea,446DR,Monocorophium insidiosum,2023,number of grid cells (10x10km),GAM,3,1.0631787512521549
13,Mediterranean Sea,446DR,Monocorophium insidiosum,2024,number of grid cells (10x10km),GAM,3,1.0631787512521549
13,Mediterranean Sea,44M44,Murex forskoehlii,2022,number of occurrences,GAM,1,0.8456932399423984
13,Mediterranean Sea,44M44,Murex forskoehlii,2023,number of occurrences,GAM,1,0.8456932399423984
13,Mediterranean Sea,44M44,Murex forskoehlii,2024,number of occurrences,GAM,1,0.8456932399423984
13,Mediterranean Sea,44M44,Murex forskoehlii,2022,number of grid cells (10x10km),GAM,3,1.047827165857153
13,Mediterranean Sea,44M44,Murex forskoehlii,2023,number of grid cells (10x10km),GAM,3,1.047827165857153
13,Mediterranean Sea,44M44,Murex forskoehlii,2024,number of grid cells (10x10km),GAM,3,1.047827165857153
13,Mediterranean Sea,44RHY,Mya arenaria,2022,number of occurrences,GAM,3,1.139958538253948
13,Mediterranean Sea,44RHY,Mya arenaria,2023,number of occurrences,GAM,3,1.139958538253948
13,Mediterranean Sea,44RHY,Mya arenaria,2024,number of occurrences,GAM,3,1.139958538253948
13,Mediterranean Sea,44RHY,Mya arenaria,2022,number of grid cells (10x10km),GAM,3,1.1729831340901167
13,Mediterranean Sea,44RHY,Mya arenaria,2023,number of grid cells (10x10km),GAM,3,1.1729831340901167
13,Mediterranean Sea,44RHY,Mya arenaria,2024,number of grid cells (10x10km),GAM,3,1.1729831340901167
13,Mediterranean Sea,456PK,Myra subgranulata,2022,number of occurrences,decision rules,2,
13,Mediterranean Sea,456PK,Myra subgranulata,2023,number of occurrences,decision rules,1,
13,Mediterranean Sea,456PK,Myra subgranulata,2024,number of occurrences,decision rules,1,
13,Mediterranean Sea,456PK,Myra subgranulata,2022,number of grid cells (10x10km),decision rules,1,
13,Mediterranean Sea,456PK,Myra subgranulata,2023,number of grid cells (10x10km),decision rules,1,
13,Mediterranean Sea,456PK,Myra subgranulata,2024,number of grid cells (10x10km),decision rules,1,
13,Mediterranean Sea,46829,Nemipterus randalli,2022,number of occurrences,GAM,0,0.46905249590219183
13,Mediterranean Sea,46829,Nemipterus randalli,2023,number of occurrences,GAM,0,0.46905249590219183
13,Mediterranean Sea,46829,Nemipterus randalli,2024,number of occurrences,GAM,0,0.46905249590219183
13,Mediterranean Sea,46829,Nemipterus randalli,2022,number of grid cells (10x10km),GAM,0,0.5803056929565023
13,Mediterranean Sea,46829,Nemipterus randalli,2023,number of grid cells (10x10km),GAM,0,0.5803056929565023
13,Mediterranean Sea,46829,Nemipterus randalli,2024,number of grid cells (10x10km),GAM,0,0.5803056929565023
13,Mediterranean Sea,48SD8,Odonus niger,2022,number of occurrences,decision rules,1,
13,Mediterranean Sea,48SD8,Odonus niger,2023,number of occurrences,decision rules,1,
13,Mediterranean Sea,48SD8,Odonus niger,2024,number of occurrences,decision rules,3,
13,Mediterranean Sea,48SD8,Odonus niger,2022,number of grid cells (10x10km),decision rules,1,
13,Mediterranean Sea,48SD8,Odonus niger,2023,number of grid cells (10x10km),decision rules,1,
13,Mediterranean Sea,48SD8,Odonus niger,2024,number of grid cells (10x10km),decision rules,3,
13,Mediterranean Sea,4925M,Oithona plumifera,2022,number of occurrences,GAM,0,0.7807092704907925
13,Mediterranean Sea,4925M,Oithona plumifera,2023,number of occurrences,GAM,0,0.7807092704907925
13,Mediterranean Sea,4925M,Oithona plumifera,2024,number of occurrences,GAM,0,0.7807092704907925
13,Mediterranean Sea,4925M,Oithona plumifera,2022,number of grid cells (10x10km),GAM,1,0.8832824226434912
13,Mediterranean Sea,4925M,Oithona plumifera,2023,number of grid cells (10x10km),GAM,1,0.8832824226434912
13,Mediterranean Sea,4925M,Oithona plumifera,2024,number of grid cells (10x10km),GAM,1,0.8832824226434912
13,Mediterranean Sea,49FLG,Oncaea mediterranea,2022,number of occurrences,GAM,0,0.8468057350627064
13,Mediterranean Sea,49FLG,Oncaea mediterranea,2023,number of occurrences,GAM,0,0.8468057350627064
13,Mediterranean Sea,49FLG,Oncaea mediterranea,2024,number of occurrences,GAM,0,0.8468057350627064
13,Mediterranean Sea,49FLG,Oncaea mediterranea,2022,number of grid cells (10x10km),GAM,1,0.7128839486423602
13,Mediterranean Sea,49FLG,Oncaea mediterranea,2023,number of grid cells (10x10km),GAM,1,0.7128839486423602
13,Mediterranean Sea,49FLG,Oncaea mediterranea,2024,number of grid cells (10x10km),GAM,1,0.7128839486423602
13,Mediterranean Sea,6T3K7,Opuntia elatior,2022,number of occurrences,GAM,3,1.4063029898208228
13,Mediterranean Sea,6T3K7,Opuntia elatior,2023,number of occurrences,GAM,3,1.4063029898208228
13,Mediterranean Sea,6T3K7,Opuntia elatior,2024,number of occurrences,GAM,3,1.4063029898208228
13,Mediterranean Sea,6T3K7,Opuntia elatior,2022,number of grid cells (10x10km),GAM,3,1.2783067158847818
13,Mediterranean Sea,6T3K7,Opuntia elatior,2023,number of grid cells (10x10km),GAM,3,1.2783067158847818
13,Mediterranean Sea,6T3K7,Opuntia elatior,2024,number of grid cells (10x10km),GAM,3,1.2783067158847818
13,Mediterranean Sea,75CY5,Ostrea stentina,2022,number of occurrences,GAM,3,1.1209457126985525
13,Mediterranean Sea,75CY5,Ostrea stentina,2023,number of occurrences,GAM,3,1.1209457126985525
13,Mediterranean Sea,75CY5,Ostrea stentina,2024,number of occurrences,GAM,3,1.1209457126985525
13,Mediterranean Sea,75CY5,Ostrea stentina,2022,number of grid cells (10x10km),GAM,3,1.1081511542877918
13,Mediterranean Sea,75CY5,Ostrea stentina,2023,number of grid cells (10x10km),GAM,3,1.1081511542877918
13,Mediterranean Sea,75CY5,Ostrea stentina,2024,number of grid cells (10x10km),GAM,3,1.1081511542877918
13,Mediterranean Sea,4BZB9,Pagellus bellottii,2022,number of occurrences,GAM,3,1.1516302508363634
13,Mediterranean Sea,4BZB9,Pagellus bellottii,2023,number of occurrences,GAM,3,1.1516302508363634
13,Mediterranean Sea,4BZB9,Pagellus bellottii,2024,number of occurrences,GAM,3,1.1516302508363634
13,Mediterranean Sea,4BZB9,Pagellus bellottii,2022,number of grid cells (10x10km),GAM,3,1.1476842578271416
13,Mediterranean Sea,4BZB9,Pagellus bellottii,2023,number of grid cells (10x10km),GAM,3,1.1476842578271416
13,Mediterranean Sea,4BZB9,Pagellus bellottii,2024,number of grid cells (10x10km),GAM,3,1.1476842578271416
13,Mediterranean Sea,9GQWD,Palaemon elegans,2022,number of occurrences,GAM,3,1.0491427739441008
13,Mediterranean Sea,9GQWD,Palaemon elegans,2023,number of occurrences,GAM,3,1.0491427739441008
13,Mediterranean Sea,9GQWD,Palaemon elegans,2024,number of occurrences,GAM,1,1.0491427739441008
13,Mediterranean Sea,9GQWD,Palaemon elegans,2022,number of grid cells (10x10km),GAM,3,1.0444543507510142
13,Mediterranean Sea,9GQWD,Palaemon elegans,2023,number of grid cells (10x10km),GAM,3,1.0444543507510142
13,Mediterranean Sea,9GQWD,Palaemon elegans,2024,number of grid cells (10x10km),GAM,1,1.0444543507510142
13,Mediterranean Sea,4CMHV,Parablennius incognitus,2022,number of occurrences,GAM,3,1.3100702487362064
13,Mediterranean Sea,4CMHV,Parablennius incognitus,2023,number of occurrences,GAM,3,1.3100702487362064
13,Mediterranean Sea,4CMHV,Parablennius incognitus,2024,number of occurrences,GAM,3,1.3100702487362064
13,Mediterranean Sea,4CMHV,Parablennius incognitus,2022,number of grid cells (10x10km),GAM,3,1.1943943507677863
13,Mediterranean Sea,4CMHV,Parablennius incognitus,2023,number of grid cells (10x10km),GAM,3,1.1943943507677863
13,Mediterranean Sea,4CMHV,Parablennius incognitus,2024,number of grid cells (10x10km),GAM,3,1.1943943507677863
13,Mediterranean Sea,6TNVH,Paracalanus nanus,2022,number of occurrences,GAM,0,0.8586274527079221
13,Mediterranean Sea,6TNVH,Paracalanus nanus,2023,number of occurrences,GAM,0,0.8586274527079221
13,Mediterranean Sea,6TNVH,Paracalanus nanus,2024,number of occurrences,GAM,0,0.8586274527079221
13,Mediterranean Sea,6TNVH,Paracalanus nanus,2022,number of grid cells (10x10km),GAM,1,0.9377406218370309
13,Mediterranean Sea,6TNVH,Paracalanus nanus,2023,number of grid cells (10x10km),GAM,1,0.9377406218370309
13,Mediterranean Sea,6TNVH,Paracalanus nanus,2024,number of grid cells (10x10km),GAM,1,0.9377406218370309
13,Mediterranean Sea,4CP6R,Paracerceis sculpta,2022,number of occurrences,GAM,1,0.5870078899125841
13,Mediterranean Sea,4CP6R,Paracerceis sculpta,2023,number of occurrences,GAM,1,0.5870078899125841
13,Mediterranean Sea,4CP6R,Paracerceis sculpta,2024,number of occurrences,GAM,1,0.5870078899125841
13,Mediterranean Sea,4CP6R,Paracerceis sculpta,2022,number of grid cells (10x10km),GAM,1,0.6039306902937387
13,Mediterranean Sea,4CP6R,Paracerceis sculpta,2023,number of grid cells (10x10km),GAM,1,0.6039306902937387
13,Mediterranean Sea,4CP6R,Paracerceis sculpta,2024,number of grid cells (10x10km),GAM,1,0.6039306902937387
13,Mediterranean Sea,4D6PW,Paranthura japonica,2022,number of occurrences,GAM,1,0.7816510421860363
13,Mediterranean Sea,4D6PW,Paranthura japonica,2023,number of occurrences,GAM,1,0.7816510421860363
13,Mediterranean Sea,4D6PW,Paranthura japonica,2024,number of occurrences,GAM,1,0.7816510421860363
13,Mediterranean Sea,4D6PW,Paranthura japonica,2022,number of grid cells (10x10km),GAM,0,0.7207758900711538
13,Mediterranean Sea,4D6PW,Paranthura japonica,2023,number of grid cells (10x10km),GAM,0,0.7207758900711538
13,Mediterranean Sea,4D6PW,Paranthura japonica,2024,number of grid cells (10x10km),GAM,0,0.7207758900711538
13,Mediterranean Sea,75SSX,Parupeneus forsskali,2022,number of occurrences,GAM,2,1.0609119471155628
13,Mediterranean Sea,75SSX,Parupeneus forsskali,2023,number of occurrences,GAM,0,1.0609119471155628
13,Mediterranean Sea,75SSX,Parupeneus forsskali,2024,number of occurrences,GAM,0,1.0609119471155628
13,Mediterranean Sea,75SSX,Parupeneus forsskali,2022,number of grid cells (10x10km),GAM,0,0.9104315702373452
13,Mediterranean Sea,75SSX,Parupeneus forsskali,2023,number of grid cells (10x10km),GAM,0,0.9104315702373452
13,Mediterranean Sea,75SSX,Parupeneus forsskali,2024,number of grid cells (10x10km),GAM,0,0.9104315702373452
13,Mediterranean Sea,76G5K,Pempheris rhomboidea,2022,number of occurrences,GAM,3,1.1485418995929422
13,Mediterranean Sea,76G5K,Pempheris rhomboidea,2023,number of occurrences,GAM,3,1.1485418995929422
13,Mediterranean Sea,76G5K,Pempheris rhomboidea,2024,number of occurrences,GAM,3,1.1485418995929422
13,Mediterranean Sea,76G5K,Pempheris rhomboidea,2022,number of grid cells (10x10km),GAM,3,1.1316003414050992
13,Mediterranean Sea,76G5K,Pempheris rhomboidea,2023,number of grid cells (10x10km),GAM,3,1.1316003414050992
13,Mediterranean Sea,76G5K,Pempheris rhomboidea,2024,number of grid cells (10x10km),GAM,3,1.1316003414050992
13,Mediterranean Sea,9XW52,Penaeus aztecus,2022,number of occurrences,decision rules,1,
13,Mediterranean Sea,9XW52,Penaeus aztecus,2023,number of occurrences,decision rules,2,
13,Mediterranean Sea,9XW52,Penaeus aztecus,2024,number of occurrences,decision rules,2,
13,Mediterranean Sea,9XW52,Penaeus aztecus,2022,number of grid cells (10x10km),decision rules,1,
13,Mediterranean Sea,9XW52,Penaeus aztecus,2023,number of grid cells (10x10km),decision rules,2,
13,Mediterranean Sea,9XW52,Penaeus aztecus,2024,number of grid cells (10x10km),decision rules,1,
13,Mediterranean Sea,9XW6F,Penaeus kerathurus,2022,number of occurrences,GAM,3,1.1157595177490798
13,Mediterranean Sea,9XW6F,Penaeus kerathurus,2023,number of occurrences,GAM,3,1.1157595177490798
13,Mediterranean Sea,9XW6F,Penaeus kerathurus,2024,number of occurrences,GAM,3,1.1157595177490798
13,Mediterranean Sea,9XW6F,Penaeus kerathurus,2022,number of grid cells (10x10km),GAM,3,1.1256675681286348
13,Mediterranean Sea,9XW6F,Penaeus kerathurus,2023,number of grid cells (10x10km),GAM,3,1.1256675681286348
13,Mediterranean Sea,9XW6F,Penaeus kerathurus,2024,number of grid cells (10x10km),GAM,3,1.1256675681286348
13,Mediterranean Sea,76JN9,Pennaria disticha,2022,number of occurrences,GAM,1,0.9321494831389042
13,Mediterranean Sea,76JN9,Pennaria disticha,2023,number of occurrences,GAM,1,0.9321494831389042
13,Mediterranean Sea,76JN9,Pennaria disticha,2024,number of occurrences,GAM,1,0.9321494831389042
13,Mediterranean Sea,76JN9,Pennaria disticha,2022,number of grid cells (10x10km),GAM,3,1.0444197281020915
13,Mediterranean Sea,76JN9,Pennaria disticha,2023,number of grid cells (10x10km),GAM,3,1.0444197281020915
13,Mediterranean Sea,76JN9,Pennaria disticha,2024,number of grid cells (10x10km),GAM,1,1.0444197281020915
13,Mediterranean Sea,773T8,Percnon gibbesi,2022,number of occurrences,GAM,1,0.9919667687003916
13,Mediterranean Sea,773T8,Percnon gibbesi,2023,number of occurrences,GAM,1,0.9919667687003916
13,Mediterranean Sea,773T8,Percnon gibbesi,2024,number of occurrences,GAM,1,0.9919667687003916
13,Mediterranean Sea,773T8,Percnon gibbesi,2022,number of grid cells (10x10km),GAM,3,1.046229248532961
13,Mediterranean Sea,773T8,Percnon gibbesi,2023,number of grid cells (10x10km),GAM,3,1.046229248532961
13,Mediterranean Sea,773T8,Percnon gibbesi,2024,number of grid cells (10x10km),GAM,3,1.046229248532961
13,Mediterranean Sea,RCDCN,Perforatus perforatus,2022,number of occurrences,GAM,3,1.3231864579489097
13,Mediterranean Sea,RCDCN,Perforatus perforatus,2023,number of occurrences,GAM,3,1.3231864579489097
13,Mediterranean Sea,RCDCN,Perforatus perforatus,2024,number of occurrences,GAM,3,1.3231864579489097
13,Mediterranean Sea,RCDCN,Perforatus perforatus,2022,number of grid cells (10x10km),GAM,3,1.2313298018314636
13,Mediterranean Sea,RCDCN,Perforatus perforatus,2023,number of grid cells (10x10km),GAM,3,1.2313298018314636
13,Mediterranean Sea,RCDCN,Perforatus perforatus,2024,number of grid cells (10x10km),GAM,3,1.2313298018314636
13,Mediterranean Sea,4FS5C,Phallusia mammillata,2022,number of occurrences,GAM,3,1.0523462891097275
13,Mediterranean Sea,4FS5C,Phallusia mammillata,2023,number of occurrences,GAM,3,1.0523462891097275
13,Mediterranean Sea,4FS5C,Phallusia mammillata,2024,number of occurrences,GAM,3,1.0523462891097275
13,Mediterranean Sea,4FS5C,Phallusia mammillata,2022,number of grid cells (10x10km),GAM,1,0.9894561831103992
13,Mediterranean Sea,4FS5C,Phallusia mammillata,2023,number of grid cells (10x10km),GAM,1,0.9894561831103992
13,Mediterranean Sea,4FS5C,Phallusia mammillata,2024,number of grid cells (10x10km),GAM,1,0.9894561831103992
13,Mediterranean Sea,4FS5J,Phallusia nigra,2022,number of occurrences,GAM,3,1.1154787840178266
13,Mediterranean Sea,4FS5J,Phallusia nigra,2023,number of occurrences,GAM,3,1.1154787840178266
13,Mediterranean Sea,4FS5J,Phallusia nigra,2024,number of occurrences,GAM,3,1.1154787840178266
13,Mediterranean Sea,4FS5J,Phallusia nigra,2022,number of grid cells (10x10km),GAM,3,1.0895154435512628
13,Mediterranean Sea,4FS5J,Phallusia nigra,2023,number of grid cells (10x10km),GAM,3,1.0895154435512628
13,Mediterranean Sea,4FS5J,Phallusia nigra,2024,number of grid cells (10x10km),GAM,3,1.0895154435512628
13,Mediterranean Sea,4GRZN,Phoronis hippocrepia,2022,number of occurrences,GAM,0,0.7464071316876177
13,Mediterranean Sea,4GRZN,Phoronis hippocrepia,2023,number of occurrences,GAM,0,0.7464071316876177
13,Mediterranean Sea,4GRZN,Phoronis hippocrepia,2024,number of occurrences,GAM,0,0.7464071316876177
13,Mediterranean Sea,4GRZN,Phoronis hippocrepia,2022,number of grid cells (10x10km),GAM,0,0.6745034683896322
13,Mediterranean Sea,4GRZN,Phoronis hippocrepia,2023,number of grid cells (10x10km),GAM,0,0.6745034683896322
13,Mediterranean Sea,4GRZN,Phoronis hippocrepia,2024,number of grid cells (10x10km),GAM,0,0.6745034683896322
13,Mediterranean Sea,77FKP,Phyllorhiza punctata,2022,number of occurrences,GAM,1,0.9315132283878927
13,Mediterranean Sea,77FKP,Phyllorhiza punctata,2023,number of occurrences,GAM,1,0.9315132283878927
13,Mediterranean Sea,77FKP,Phyllorhiza punctata,2024,number of occurrences,GAM,1,0.9315132283878927
13,Mediterranean Sea,77FKP,Phyllorhiza punctata,2022,number of grid cells (10x10km),GAM,1,0.9368663927941745
13,Mediterranean Sea,77FKP,Phyllorhiza punctata,2023,number of grid cells (10x10km),GAM,1,0.9368663927941745
13,Mediterranean Sea,77FKP,Phyllorhiza punctata,2024,number of grid cells (10x10km),GAM,1,0.9368663927941745
13,Mediterranean Sea,4HVTW,Pilumnus hirtellus,2022,number of occurrences,GAM,3,1.1094701643981915
13,Mediterranean Sea,4HVTW,Pilumnus hirtellus,2023,number of occurrences,GAM,3,1.1094701643981915
13,Mediterranean Sea,4HVTW,Pilumnus hirtellus,2024,number of occurrences,GAM,3,1.1094701643981915
13,Mediterranean Sea,4HVTW,Pilumnus hirtellus,2022,number of grid cells (10x10km),GAM,1,0.8621973215381615
13,Mediterranean Sea,4HVTW,Pilumnus hirtellus,2023,number of grid cells (10x10km),GAM,1,0.8621973215381615
13,Mediterranean Sea,4HVTW,Pilumnus hirtellus,2024,number of grid cells (10x10km),GAM,1,0.8621973215381615
13,Mediterranean Sea,4JP4M,Platycephalus indicus,2022,number of occurrences,GAM,3,1.0514680186016263
13,Mediterranean Sea,4JP4M,Platycephalus indicus,2023,number of occurrences,GAM,3,1.0514680186016263
13,Mediterranean Sea,4JP4M,Platycephalus indicus,2024,number of occurrences,GAM,3,1.0514680186016263
13,Mediterranean Sea,4JP4M,Platycephalus indicus,2022,number of grid cells (10x10km),GAM,3,1.03118950943161
13,Mediterranean Sea,4JP4M,Platycephalus indicus,2023,number of grid cells (10x10km),GAM,3,1.03118950943161
13,Mediterranean Sea,4JP4M,Platycephalus indicus,2024,number of grid cells (10x10km),GAM,3,1.03118950943161
13,Mediterranean Sea,783MS,Plotosus lineatus,2022,number of occurrences,GAM,0,0.5751932348564595
13,Mediterranean Sea,783MS,Plotosus lineatus,2023,number of occurrences,GAM,0,0.5751932348564595
13,Mediterranean Sea,783MS,Plotosus lineatus,2024,number of occurrences,GAM,0,0.5751932348564595
13,Mediterranean Sea,783MS,Plotosus lineatus,2022,number of grid cells (10x10km),GAM,0,0.47610262170565576
13,Mediterranean Sea,783MS,Plotosus lineatus,2023,number of grid cells (10x10km),GAM,0,0.47610262170565576
13,Mediterranean Sea,783MS,Plotosus lineatus,2024,number of grid cells (10x10km),GAM,0,0.47610262170565576
13,Mediterranean Sea,4KZVJ,Polyandrocarpa zorritensis,2022,number of occurrences,GAM,3,1.069172874258402
13,Mediterranean Sea,4KZVJ,Polyandrocarpa zorritensis,2023,number of occurrences,GAM,1,1.069172874258402
13,Mediterranean Sea,4KZVJ,Polyandrocarpa zorritensis,2024,number of occurrences,GAM,1,1.069172874258402
13,Mediterranean Sea,4KZVJ,Polyandrocarpa zorritensis,2022,number of grid cells (10x10km),GAM,3,1.504518443684579
13,Mediterranean Sea,4KZVJ,Polyandrocarpa zorritensis,2023,number of grid cells (10x10km),GAM,3,1.504518443684579
13,Mediterranean Sea,4KZVJ,Polyandrocarpa zorritensis,2024,number of grid cells (10x10km),GAM,1,1.504518443684579
13,Mediterranean Sea,4L3W7,Polycerella emertoni,2022,number of occurrences,GAM,0,0.5114262005716267
13,Mediterranean Sea,4L3W7,Polycerella emertoni,2023,number of occurrences,GAM,0,0.5114262005716267
13,Mediterranean Sea,4L3W7,Polycerella emertoni,2024,number of occurrences,GAM,0,0.5114262005716267
13,Mediterranean Sea,4L3W7,Polycerella emertoni,2022,number of grid cells (10x10km),decision rules,2,
13,Mediterranean Sea,4L3W7,Polycerella emertoni,2023,number of grid cells (10x10km),decision rules,1,
13,Mediterranean Sea,4L3W7,Polycerella emertoni,2024,number of grid cells (10x10km),decision rules,1,
13,Mediterranean Sea,4L63Z,Polydora hoplura,2022,number of occurrences,decision rules,2,
13,Mediterranean Sea,4L63Z,Polydora hoplura,2023,number of occurrences,decision rules,1,
13,Mediterranean Sea,4L63Z,Polydora hoplura,2024,number of occurrences,decision rules,2,
13,Mediterranean Sea,4L63Z,Polydora hoplura,2022,number of grid cells (10x10km),decision rules,2,
13,Mediterranean Sea,4L63Z,Polydora hoplura,2023,number of grid cells (10x10km),decision rules,1,
13,Mediterranean Sea,4L63Z,Polydora hoplura,2024,number of grid cells (10x10km),decision rules,2,
13,Mediterranean Sea,4LCTF,Polyophthalmus pictus,2022,number of occurrences,GAM,1,0.9655290651126632
13,Mediterranean Sea,4LCTF,Polyophthalmus pictus,2023,number of occurrences,GAM,1,0.9655290651126632
13,Mediterranean Sea,4LCTF,Polyophthalmus pictus,2024,number of occurrences,GAM,1,0.9655290651126632
13,Mediterranean Sea,4LCTF,Polyophthalmus pictus,2022,number of grid cells (10x10km),GAM,1,0.9985900871818548
13,Mediterranean Sea,4LCTF,Polyophthalmus pictus,2023,number of grid cells (10x10km),GAM,1,0.9985900871818548
13,Mediterranean Sea,4LCTF,Polyophthalmus pictus,2024,number of grid cells (10x10km),GAM,1,0.9985900871818548
13,Mediterranean Sea,6W6JT,Pomadasys incisus,2022,number of occurrences,GAM,1,0.9622957946128825
13,Mediterranean Sea,6W6JT,Pomadasys incisus,2023,number of occurrences,GAM,1,0.9622957946128825
13,Mediterranean Sea,6W6JT,Pomadasys incisus,2024,number of occurrences,GAM,1,0.9622957946128825
13,Mediterranean Sea,6W6JT,Pomadasys incisus,2022,number of grid cells (10x10km),GAM,1,0.9215978510962285
13,Mediterranean Sea,6W6JT,Pomadasys incisus,2023,number of grid cells (10x10km),GAM,1,0.9215978510962285
13,Mediterranean Sea,6W6JT,Pomadasys incisus,2024,number of grid cells (10x10km),GAM,1,0.9215978510962285
13,Mediterranean Sea,4LQMJ,Pomadasys stridens,2022,number of occurrences,GAM,0,0.6352744608911609
13,Mediterranean Sea,4LQMJ,Pomadasys stridens,2023,number of occurrences,GAM,0,0.6352744608911609
13,Mediterranean Sea,4LQMJ,Pomadasys stridens,2024,number of occurrences,GAM,0,0.6352744608911609
13,Mediterranean Sea,4LQMJ,Pomadasys stridens,2022,number of grid cells (10x10km),GAM,0,0.6525474513922818
13,Mediterranean Sea,4LQMJ,Pomadasys stridens,2023,number of grid cells (10x10km),GAM,0,0.6525474513922818
13,Mediterranean Sea,4LQMJ,Pomadasys stridens,2024,number of grid cells (10x10km),GAM,0,0.6525474513922818
13,Mediterranean Sea,4LQXH,Pomatoschistus marmoratus,2022,number of occurrences,GAM,3,1.1498679816809048
13,Mediterranean Sea,4LQXH,Pomatoschistus marmoratus,2023,number of occurrences,GAM,3,1.1498679816809048
13,Mediterranean Sea,4LQXH,Pomatoschistus marmoratus,2024,number of occurrences,GAM,3,1.1498679816809048
13,Mediterranean Sea,4LQXH,Pomatoschistus marmoratus,2022,number of grid cells (10x10km),GAM,3,1.2187530516271963
13,Mediterranean Sea,4LQXH,Pomatoschistus marmoratus,2023,number of grid cells (10x10km),GAM,3,1.2187530516271963
13,Mediterranean Sea,4LQXH,Pomatoschistus marmoratus,2024,number of grid cells (10x10km),GAM,3,1.2187530516271963
13,Mediterranean Sea,4M2PP,Portunus segnis,2022,number of occurrences,GAM,3,1.2277100262903577
13,Mediterranean Sea,4M2PP,Portunus segnis,2023,number of occurrences,GAM,3,1.2277100262903577
13,Mediterranean Sea,4M2PP,Portunus segnis,2024,number of occurrences,GAM,3,1.2277100262903577
13,Mediterranean Sea,4M2PP,Portunus segnis,2022,number of grid cells (10x10km),GAM,3,1.1763570706680535
13,Mediterranean Sea,4M2PP,Portunus segnis,2023,number of grid cells (10x10km),GAM,3,1.1763570706680535
13,Mediterranean Sea,4M2PP,Portunus segnis,2024,number of grid cells (10x10km),GAM,3,1.1763570706680535
13,Mediterranean Sea,4M3CW,Potamilla torelli,2022,number of occurrences,decision rules,2,
13,Mediterranean Sea,4M3CW,Potamilla torelli,2023,number of occurrences,decision rules,2,
13,Mediterranean Sea,4M3CW,Potamilla torelli,2024,number of occurrences,decision rules,2,
13,Mediterranean Sea,4M3CW,Potamilla torelli,2022,number of grid cells (10x10km),GAM,3,1.164103436324755
13,Mediterranean Sea,4M3CW,Potamilla torelli,2023,number of grid cells (10x10km),GAM,3,1.164103436324755
13,Mediterranean Sea,4M3CW,Potamilla torelli,2024,number of grid cells (10x10km),GAM,3,1.164103436324755
13,Mediterranean Sea,7WLRT,Procambarus clarkii,2022,number of occurrences,GAM,0,0.764475913284103
13,Mediterranean Sea,7WLRT,Procambarus clarkii,2023,number of occurrences,GAM,0,0.764475913284103
13,Mediterranean Sea,7WLRT,Procambarus clarkii,2024,number of occurrences,GAM,0,0.764475913284103
13,Mediterranean Sea,7WLRT,Procambarus clarkii,2022,number of grid cells (10x10km),GAM,1,0.982910418437468
13,Mediterranean Sea,7WLRT,Procambarus clarkii,2023,number of grid cells (10x10km),GAM,1,0.982910418437468
13,Mediterranean Sea,7WLRT,Procambarus clarkii,2024,number of grid cells (10x10km),GAM,1,0.982910418437468
13,Mediterranean Sea,S6DTJ,Pseudo-nitzschia australis,2022,number of occurrences,GAM,2,1.0030495725021256
13,Mediterranean Sea,S6DTJ,Pseudo-nitzschia australis,2023,number of occurrences,GAM,3,1.0030495725021256
13,Mediterranean Sea,S6DTJ,Pseudo-nitzschia australis,2024,number of occurrences,GAM,3,1.0030495725021256
13,Mediterranean Sea,S6DTJ,Pseudo-nitzschia australis,2022,number of grid cells (10x10km),GAM,2,1.0030495725021256
13,Mediterranean Sea,S6DTJ,Pseudo-nitzschia australis,2023,number of grid cells (10x10km),GAM,3,1.0030495725021256
13,Mediterranean Sea,S6DTJ,Pseudo-nitzschia australis,2024,number of grid cells (10x10km),GAM,3,1.0030495725021256
13,Mediterranean Sea,4P4YV,Pseudonereis anomala,2022,number of occurrences,GAM,3,1.440256122604503
13,Mediterranean Sea,4P4YV,Pseudonereis anomala,2023,number of occurrences,GAM,3,1.440256122604503
13,Mediterranean Sea,4P4YV,Pseudonereis anomala,2024,number of occurrences,GAM,3,1.440256122604503
13,Mediterranean Sea,4P4YV,Pseudonereis anomala,2022,number of grid cells (10x10km),GAM,3,1.1892382230837868
13,Mediterranean Sea,4P4YV,Pseudonereis anomala,2023,number of grid cells (10x10km),GAM,3,1.1892382230837868
13,Mediterranean Sea,4P4YV,Pseudonereis anomala,2024,number of grid cells (10x10km),GAM,3,1.1892382230837868
13,Mediterranean Sea,4PFGR,Pseudupeneus prayensis,2022,number of occurrences,decision rules,1,
13,Mediterranean Sea,4PFGR,Pseudupeneus prayensis,2023,number of occurrences,decision rules,1,
13,Mediterranean Sea,4PFGR,Pseudupeneus prayensis,2024,number of occurrences,decision rules,2,
13,Mediterranean Sea,4PFGR,Pseudupeneus prayensis,2022,number of grid cells (10x10km),decision rules,1,
13,Mediterranean Sea,4PFGR,Pseudupeneus prayensis,2023,number of grid cells (10x10km),decision rules,1,
13,Mediterranean Sea,4PFGR,Pseudupeneus prayensis,2024,number of grid cells (10x10km),decision rules,2,
13,Mediterranean Sea,78LBQ,Pteragogus trispilus,2022,number of occurrences,GAM,3,1.0329020633083001
13,Mediterranean Sea,78LBQ,Pteragogus trispilus,2023,number of occurrences,GAM,3,1.0329020633083001
13,Mediterranean Sea,78LBQ,Pteragogus trispilus,2024,number of occurrences,GAM,1,1.0329020633083001
13,Mediterranean Sea,78LBQ,Pteragogus trispilus,2022,number of grid cells (10x10km),GAM,3,1.0507458250911443
13,Mediterranean Sea,78LBQ,Pteragogus trispilus,2023,number of grid cells (10x10km),GAM,3,1.0507458250911443
13,Mediterranean Sea,78LBQ,Pteragogus trispilus,2024,number of grid cells (10x10km),GAM,3,1.0507458250911443
13,Mediterranean Sea,4PWV4,Pterois miles,2022,number of occurrences,GAM,0,0.7143810538701295
13,Mediterranean Sea,4PWV4,Pterois miles,2023,number of occurrences,GAM,0,0.7143810538701295
13,Mediterranean Sea,4PWV4,Pterois miles,2024,number of occurrences,GAM,0,0.7143810538701295
13,Mediterranean Sea,4PWV4,Pterois miles,2022,number of grid cells (10x10km),GAM,0,0.7947701977743387
13,Mediterranean Sea,4PWV4,Pterois miles,2023,number of grid cells (10x10km),GAM,0,0.7947701977743387
13,Mediterranean Sea,4PWV4,Pterois miles,2024,number of grid cells (10x10km),GAM,0,0.7947701977743387
13,Mediterranean Sea,7935Q,Rana dalmatina,2022,number of occurrences,GAM,0,0.7910179460161391
13,Mediterranean Sea,7935Q,Rana dalmatina,2023,number of occurrences,GAM,0,0.7910179460161391
13,Mediterranean Sea,7935Q,Rana dalmatina,2024,number of occurrences,GAM,0,0.7910179460161391
13,Mediterranean Sea,7935Q,Rana dalmatina,2022,number of grid cells (10x10km),GAM,3,1.1691793203719252
13,Mediterranean Sea,7935Q,Rana dalmatina,2023,number of grid cells (10x10km),GAM,3,1.1691793203719252
13,Mediterranean Sea,7935Q,Rana dalmatina,2024,number of grid cells (10x10km),GAM,3,1.1691793203719252
13,Mediterranean Sea,4RSPZ,Reptadeonella violacea,2022,number of occurrences,GAM,3,1.039603374135622
13,Mediterranean Sea,4RSPZ,Reptadeonella violacea,2023,number of occurrences,GAM,3,1.039603374135622
13,Mediterranean Sea,4RSPZ,Reptadeonella violacea,2024,number of occurrences,GAM,3,1.039603374135622
13,Mediterranean Sea,4RSPZ,Reptadeonella violacea,2022,number of grid cells (10x10km),GAM,3,1.068552432288295
13,Mediterranean Sea,4RSPZ,Reptadeonella violacea,2023,number of grid cells (10x10km),GAM,3,1.068552432288295
13,Mediterranean Sea,4RSPZ,Reptadeonella violacea,2024,number of grid cells (10x10km),GAM,3,1.068552432288295
13,Mediterranean Sea,6WTNK,Rhinoclavis kochi,2022,number of occurrences,GAM,0,0.7251276238361064
13,Mediterranean Sea,6WTNK,Rhinoclavis kochi,2023,number of occurrences,GAM,0,0.7251276238361064
13,Mediterranean Sea,6WTNK,Rhinoclavis kochi,2024,number of occurrences,GAM,0,0.7251276238361064
13,Mediterranean Sea,6WTNK,Rhinoclavis kochi,2022,number of grid cells (10x10km),GAM,0,0.8222372436845151
13,Mediterranean Sea,6WTNK,Rhinoclavis kochi,2023,number of grid cells (10x10km),GAM,0,0.8222372436845151
13,Mediterranean Sea,6WTNK,Rhinoclavis kochi,2024,number of grid cells (10x10km),GAM,0,0.8222372436845151
13,Mediterranean Sea,6WVVY,Rhopilema nomadica,2022,number of occurrences,GAM,0,0.8239753624813315
13,Mediterranean Sea,6WVVY,Rhopilema nomadica,2023,number of occurrences,GAM,0,0.8239753624813315
13,Mediterranean Sea,6WVVY,Rhopilema nomadica,2024,number of occurrences,GAM,0,0.8239753624813315
13,Mediterranean Sea,6WVVY,Rhopilema nomadica,2022,number of grid cells (10x10km),GAM,0,0.9049404589349448
13,Mediterranean Sea,6WVVY,Rhopilema nomadica,2023,number of grid cells (10x10km),GAM,0,0.9049404589349448
13,Mediterranean Sea,6WVVY,Rhopilema nomadica,2024,number of grid cells (10x10km),GAM,0,0.9049404589349448
13,Mediterranean Sea,6WWSX,Rissoina bertholleti,2022,number of occurrences,GAM,1,0.7680271784402772
13,Mediterranean Sea,6WWSX,Rissoina bertholleti,2023,number of occurrences,GAM,1,0.7680271784402772
13,Mediterranean Sea,6WWSX,Rissoina bertholleti,2024,number of occurrences,GAM,1,0.7680271784402772
13,Mediterranean Sea,6WWSX,Rissoina bertholleti,2022,number of grid cells (10x10km),GAM,1,0.7964290271634605
13,Mediterranean Sea,6WWSX,Rissoina bertholleti,2023,number of grid cells (10x10km),GAM,1,0.7964290271634605
13,Mediterranean Sea,6WWSX,Rissoina bertholleti,2024,number of grid cells (10x10km),GAM,1,0.7964290271634605
13,Mediterranean Sea,6WYS2,Sabella spallanzanii,2022,number of occurrences,GAM,0,0.8965598912378583
13,Mediterranean Sea,6WYS2,Sabella spallanzanii,2023,number of occurrences,GAM,0,0.8965598912378583
13,Mediterranean Sea,6WYS2,Sabella spallanzanii,2024,number of occurrences,GAM,0,0.8965598912378583
13,Mediterranean Sea,6WYS2,Sabella spallanzanii,2022,number of grid cells (10x10km),GAM,1,0.9739196321369006
13,Mediterranean Sea,6WYS2,Sabella spallanzanii,2023,number of grid cells (10x10km),GAM,1,0.9739196321369006
13,Mediterranean Sea,6WYS2,Sabella spallanzanii,2024,number of grid cells (10x10km),GAM,1,0.9739196321369006
13,Mediterranean Sea,6XMPJ,Sargocentron rubrum,2022,number of occurrences,GAM,3,1.1507650590373424
13,Mediterranean Sea,6XMPJ,Sargocentron rubrum,2023,number of occurrences,GAM,3,1.1507650590373424
13,Mediterranean Sea,6XMPJ,Sargocentron rubrum,2024,number of occurrences,GAM,3,1.1507650590373424
13,Mediterranean Sea,6XMPJ,Sargocentron rubrum,2022,number of grid cells (10x10km),GAM,3,1.1285493632685095
13,Mediterranean Sea,6XMPJ,Sargocentron rubrum,2023,number of grid cells (10x10km),GAM,3,1.1285493632685095
13,Mediterranean Sea,6XMPJ,Sargocentron rubrum,2024,number of grid cells (10x10km),GAM,3,1.1285493632685095
13,Mediterranean Sea,8VC8J,Saron marmoratus,2022,number of occurrences,decision rules,1,
13,Mediterranean Sea,8VC8J,Saron marmoratus,2023,number of occurrences,decision rules,2,
13,Mediterranean Sea,8VC8J,Saron marmoratus,2024,number of occurrences,decision rules,2,
13,Mediterranean Sea,8VC8J,Saron marmoratus,2022,number of grid cells (10x10km),decision rules,1,
13,Mediterranean Sea,8VC8J,Saron marmoratus,2023,number of grid cells (10x10km),decision rules,2,
13,Mediterranean Sea,8VC8J,Saron marmoratus,2024,number of grid cells (10x10km),decision rules,2,
13,Mediterranean Sea,79PJZ,Sarpa salpa,2022,number of occurrences,GAM,3,1.0531828174522644
13,Mediterranean Sea,79PJZ,Sarpa salpa,2023,number of occurrences,GAM,3,1.0531828174522644
13,Mediterranean Sea,79PJZ,Sarpa salpa,2024,number of occurrences,GAM,1,1.0531828174522644
13,Mediterranean Sea,79PJZ,Sarpa salpa,2022,number of grid cells (10x10km),GAM,3,1.0968376516031402
13,Mediterranean Sea,79PJZ,Sarpa salpa,2023,number of grid cells (10x10km),GAM,3,1.0968376516031402
13,Mediterranean Sea,79PJZ,Sarpa salpa,2024,number of grid cells (10x10km),GAM,3,1.0968376516031402
13,Mediterranean Sea,6XPVZ,Saurida lessepsianus,2022,number of occurrences,GAM,3,1.1266377071681786
13,Mediterranean Sea,6XPVZ,Saurida lessepsianus,2023,number of occurrences,GAM,3,1.1266377071681786
13,Mediterranean Sea,6XPVZ,Saurida lessepsianus,2024,number of occurrences,GAM,3,1.1266377071681786
13,Mediterranean Sea,6XPVZ,Saurida lessepsianus,2022,number of grid cells (10x10km),GAM,3,1.0864585787346892
13,Mediterranean Sea,6XPVZ,Saurida lessepsianus,2023,number of grid cells (10x10km),GAM,3,1.0864585787346892
13,Mediterranean Sea,6XPVZ,Saurida lessepsianus,2024,number of grid cells (10x10km),GAM,3,1.0864585787346892
13,Mediterranean Sea,6Y7Y7,Scartella cristata,2022,number of occurrences,GAM,3,1.2780040113966809
13,Mediterranean Sea,6Y7Y7,Scartella cristata,2023,number of occurrences,GAM,3,1.2780040113966809
13,Mediterranean Sea,6Y7Y7,Scartella cristata,2024,number of occurrences,GAM,3,1.2780040113966809
13,Mediterranean Sea,6Y7Y7,Scartella cristata,2022,number of grid cells (10x10km),GAM,3,1.2961095421586015
13,Mediterranean Sea,6Y7Y7,Scartella cristata,2023,number of grid cells (10x10km),GAM,3,1.2961095421586015
13,Mediterranean Sea,6Y7Y7,Scartella cristata,2024,number of grid cells (10x10km),GAM,3,1.2961095421586015
13,Mediterranean Sea,79VXT,Scarus ghobban,2022,number of occurrences,GAM,3,1.0683316320904275
13,Mediterranean Sea,79VXT,Scarus ghobban,2023,number of occurrences,GAM,3,1.0683316320904275
13,Mediterranean Sea,79VXT,Scarus ghobban,2024,number of occurrences,GAM,3,1.0683316320904275
13,Mediterranean Sea,79VXT,Scarus ghobban,2022,number of grid cells (10x10km),GAM,3,1.0615695122073092
13,Mediterranean Sea,79VXT,Scarus ghobban,2023,number of grid cells (10x10km),GAM,3,1.0615695122073092
13,Mediterranean Sea,79VXT,Scarus ghobban,2024,number of grid cells (10x10km),GAM,3,1.0615695122073092
13,Mediterranean Sea,4VTWY,Scomberomorus commerson,2022,number of occurrences,GAM,1,0.983220786886571
13,Mediterranean Sea,4VTWY,Scomberomorus commerson,2023,number of occurrences,GAM,1,0.983220786886571
13,Mediterranean Sea,4VTWY,Scomberomorus commerson,2024,number of occurrences,GAM,1,0.983220786886571
13,Mediterranean Sea,4VTWY,Scomberomorus commerson,2022,number of grid cells (10x10km),GAM,1,0.9992930550005072
13,Mediterranean Sea,4VTWY,Scomberomorus commerson,2023,number of grid cells (10x10km),GAM,1,0.9992930550005072
13,Mediterranean Sea,4VTWY,Scomberomorus commerson,2024,number of grid cells (10x10km),GAM,1,0.9992930550005072
13,Mediterranean Sea,4WR9Q,Septifer cumingii,2022,number of occurrences,GAM,0,0.6811383540060064
13,Mediterranean Sea,4WR9Q,Septifer cumingii,2023,number of occurrences,GAM,0,0.6811383540060064
13,Mediterranean Sea,4WR9Q,Septifer cumingii,2024,number of occurrences,GAM,0,0.6811383540060064
13,Mediterranean Sea,4WR9Q,Septifer cumingii,2022,number of grid cells (10x10km),GAM,1,0.8701098466476138
13,Mediterranean Sea,4WR9Q,Septifer cumingii,2023,number of grid cells (10x10km),GAM,1,0.8701098466476138
13,Mediterranean Sea,4WR9Q,Septifer cumingii,2024,number of grid cells (10x10km),GAM,1,0.8701098466476138
13,Mediterranean Sea,6YJBJ,Seriola fasciata,2022,number of occurrences,GAM,1,1.005715391456194
13,Mediterranean Sea,6YJBJ,Seriola fasciata,2023,number of occurrences,GAM,1,1.005715391456194
13,Mediterranean Sea,6YJBJ,Seriola fasciata,2024,number of occurrences,GAM,1,1.005715391456194
13,Mediterranean Sea,6YJBJ,Seriola fasciata,2022,number of grid cells (10x10km),GAM,1,1.0023112752526773
13,Mediterranean Sea,6YJBJ,Seriola fasciata,2023,number of grid cells (10x10km),GAM,1,1.0023112752526773
13,Mediterranean Sea,6YJBJ,Seriola fasciata,2024,number of grid cells (10x10km),GAM,1,1.0023112752526773
13,Mediterranean Sea,6YMS7,Sigambra parva,2022,number of occurrences,GAM,1,0.6596863062777047
13,Mediterranean Sea,6YMS7,Sigambra parva,2023,number of occurrences,GAM,1,0.6596863062777047
13,Mediterranean Sea,6YMS7,Sigambra parva,2024,number of occurrences,GAM,1,0.6596863062777047
13,Mediterranean Sea,6YMS7,Sigambra parva,2022,number of grid cells (10x10km),GAM,0,0.5788366786820458
13,Mediterranean Sea,6YMS7,Sigambra parva,2023,number of grid cells (10x10km),GAM,0,0.5788366786820458
13,Mediterranean Sea,6YMS7,Sigambra parva,2024,number of grid cells (10x10km),GAM,0,0.5788366786820458
13,Mediterranean Sea,6YMVB,Siganus luridus,2022,number of occurrences,GAM,1,1.0026955630265846
13,Mediterranean Sea,6YMVB,Siganus luridus,2023,number of occurrences,GAM,1,1.0026955630265846
13,Mediterranean Sea,6YMVB,Siganus luridus,2024,number of occurrences,GAM,1,1.0026955630265846
13,Mediterranean Sea,6YMVB,Siganus luridus,2022,number of grid cells (10x10km),GAM,1,0.9789486458820511
13,Mediterranean Sea,6YMVB,Siganus luridus,2023,number of grid cells (10x10km),GAM,1,0.9789486458820511
13,Mediterranean Sea,6YMVB,Siganus luridus,2024,number of grid cells (10x10km),GAM,1,0.9789486458820511
13,Mediterranean Sea,6YN5N,Siganus rivulatus,2022,number of occurrences,GAM,0,0.6055726615811937
13,Mediterranean Sea,6YN5N,Siganus rivulatus,2023,number of occurrences,GAM,0,0.6055726615811937
13,Mediterranean Sea,6YN5N,Siganus rivulatus,2024,number of occurrences,GAM,0,0.6055726615811937
13,Mediterranean Sea,6YN5N,Siganus rivulatus,2022,number of grid cells (10x10km),GAM,3,1.0764905782243384
13,Mediterranean Sea,6YN5N,Siganus rivulatus,2023,number of grid cells (10x10km),GAM,3,1.0764905782243384
13,Mediterranean Sea,6YN5N,Siganus rivulatus,2024,number of grid cells (10x10km),GAM,3,1.0764905782243384
13,Mediterranean Sea,4XDQP,Sillago suezensis,2022,number of occurrences,GAM,1,0.761551747370599
13,Mediterranean Sea,4XDQP,Sillago suezensis,2023,number of occurrences,GAM,1,0.761551747370599
13,Mediterranean Sea,4XDQP,Sillago suezensis,2024,number of occurrences,GAM,1,0.761551747370599
13,Mediterranean Sea,4XDQP,Sillago suezensis,2022,number of grid cells (10x10km),GAM,1,0.7807572698591608
13,Mediterranean Sea,4XDQP,Sillago suezensis,2023,number of grid cells (10x10km),GAM,1,0.7807572698591608
13,Mediterranean Sea,4XDQP,Sillago suezensis,2024,number of grid cells (10x10km),GAM,1,0.7807572698591608
13,Mediterranean Sea,4XPGQ,Siphonaria pectinata,2022,number of occurrences,GAM,3,1.1299447135426843
13,Mediterranean Sea,4XPGQ,Siphonaria pectinata,2023,number of occurrences,GAM,3,1.1299447135426843
13,Mediterranean Sea,4XPGQ,Siphonaria pectinata,2024,number of occurrences,GAM,3,1.1299447135426843
13,Mediterranean Sea,4XPGQ,Siphonaria pectinata,2022,number of grid cells (10x10km),GAM,1,0.9606065080533326
13,Mediterranean Sea,4XPGQ,Siphonaria pectinata,2023,number of grid cells (10x10km),GAM,1,0.9606065080533326
13,Mediterranean Sea,4XPGQ,Siphonaria pectinata,2024,number of grid cells (10x10km),GAM,1,0.9606065080533326
13,Mediterranean Sea,6Z55C,Solea senegalensis,2022,number of occurrences,GAM,3,1.495423482342514
13,Mediterranean Sea,6Z55C,Solea senegalensis,2023,number of occurrences,GAM,3,1.495423482342514
13,Mediterranean Sea,6Z55C,Solea senegalensis,2024,number of occurrences,GAM,3,1.495423482342514
13,Mediterranean Sea,6Z55C,Solea senegalensis,2022,number of grid cells (10x10km),GAM,3,1.1850491839746908
13,Mediterranean Sea,6Z55C,Solea senegalensis,2023,number of grid cells (10x10km),GAM,3,1.1850491839746908
13,Mediterranean Sea,6Z55C,Solea senegalensis,2024,number of grid cells (10x10km),GAM,3,1.1850491839746908
13,Mediterranean Sea,6YVDG,Sparisoma cretense,2022,number of occurrences,GAM,3,1.216247730885867
13,Mediterranean Sea,6YVDG,Sparisoma cretense,2023,number of occurrences,GAM,3,1.216247730885867
13,Mediterranean Sea,6YVDG,Sparisoma cretense,2024,number of occurrences,GAM,3,1.216247730885867
13,Mediterranean Sea,6YVDG,Sparisoma cretense,2022,number of grid cells (10x10km),GAM,3,1.2578820963937252
13,Mediterranean Sea,6YVDG,Sparisoma cretense,2023,number of grid cells (10x10km),GAM,3,1.2578820963937252
13,Mediterranean Sea,6YVDG,Sparisoma cretense,2024,number of grid cells (10x10km),GAM,3,1.2578820963937252
13,Mediterranean Sea,4YF8Y,Sparus aurata,2022,number of occurrences,GAM,3,1.049121947481261
13,Mediterranean Sea,4YF8Y,Sparus aurata,2023,number of occurrences,GAM,3,1.049121947481261
13,Mediterranean Sea,4YF8Y,Sparus aurata,2024,number of occurrences,GAM,3,1.049121947481261
13,Mediterranean Sea,4YF8Y,Sparus aurata,2022,number of grid cells (10x10km),GAM,3,1.0962197212942468
13,Mediterranean Sea,4YF8Y,Sparus aurata,2023,number of grid cells (10x10km),GAM,3,1.0962197212942468
13,Mediterranean Sea,4YF8Y,Sparus aurata,2024,number of grid cells (10x10km),GAM,3,1.0962197212942468
13,Mediterranean Sea,4Z2LF,Sphyraena chrysotaenia,2022,number of occurrences,GAM,1,0.8814490664180902
13,Mediterranean Sea,4Z2LF,Sphyraena chrysotaenia,2023,number of occurrences,GAM,1,0.8814490664180902
13,Mediterranean Sea,4Z2LF,Sphyraena chrysotaenia,2024,number of occurrences,GAM,1,0.8814490664180902
13,Mediterranean Sea,4Z2LF,Sphyraena chrysotaenia,2022,number of grid cells (10x10km),GAM,1,0.9703987876740509
13,Mediterranean Sea,4Z2LF,Sphyraena chrysotaenia,2023,number of grid cells (10x10km),GAM,1,0.9703987876740509
13,Mediterranean Sea,4Z2LF,Sphyraena chrysotaenia,2024,number of grid cells (10x10km),GAM,1,0.9703987876740509
13,Mediterranean Sea,6ZBYD,Spondylus spinosus,2022,number of occurrences,GAM,3,1.2468406764753135
13,Mediterranean Sea,6ZBYD,Spondylus spinosus,2023,number of occurrences,GAM,3,1.2468406764753135
13,Mediterranean Sea,6ZBYD,Spondylus spinosus,2024,number of occurrences,GAM,3,1.2468406764753135
13,Mediterranean Sea,6ZBYD,Spondylus spinosus,2022,number of grid cells (10x10km),GAM,3,1.2468406764753135
13,Mediterranean Sea,6ZBYD,Spondylus spinosus,2023,number of grid cells (10x10km),GAM,3,1.2468406764753135
13,Mediterranean Sea,6ZBYD,Spondylus spinosus,2024,number of grid cells (10x10km),GAM,3,1.2468406764753135
13,Mediterranean Sea,6ZMPN,Stenothoe gallensis,2022,number of occurrences,decision rules,1,
13,Mediterranean Sea,6ZMPN,Stenothoe gallensis,2023,number of occurrences,decision rules,2,
13,Mediterranean Sea,6ZMPN,Stenothoe gallensis,2024,number of occurrences,decision rules,2,
13,Mediterranean Sea,6ZMPN,Stenothoe gallensis,2022,number of grid cells (10x10km),decision rules,1,
13,Mediterranean Sea,6ZMPN,Stenothoe gallensis,2023,number of grid cells (10x10km),decision rules,2,
13,Mediterranean Sea,6ZMPN,Stenothoe gallensis,2024,number of grid cells (10x10km),decision rules,2,
13,Mediterranean Sea,525XX,Stenothoe georgiana,2022,number of occurrences,decision rules,3,
13,Mediterranean Sea,525XX,Stenothoe georgiana,2023,number of occurrences,decision rules,2,
13,Mediterranean Sea,525XX,Stenothoe georgiana,2024,number of occurrences,decision rules,1,
13,Mediterranean Sea,525XX,Stenothoe georgiana,2022,number of grid cells (10x10km),decision rules,2,
13,Mediterranean Sea,525XX,Stenothoe georgiana,2023,number of grid cells (10x10km),decision rules,1,
13,Mediterranean Sea,525XX,Stenothoe georgiana,2024,number of grid cells (10x10km),decision rules,1,
13,Mediterranean Sea,52CCT,Stephanolepis diaspros,2022,number of occurrences,GAM,3,1.0217154985130188
13,Mediterranean Sea,52CCT,Stephanolepis diaspros,2023,number of occurrences,GAM,3,1.0217154985130188
13,Mediterranean Sea,52CCT,Stephanolepis diaspros,2024,number of occurrences,GAM,3,1.0217154985130188
13,Mediterranean Sea,52CCT,Stephanolepis diaspros,2022,number of grid cells (10x10km),GAM,3,1.0505394739227516
13,Mediterranean Sea,52CCT,Stephanolepis diaspros,2023,number of grid cells (10x10km),GAM,3,1.0505394739227516
13,Mediterranean Sea,52CCT,Stephanolepis diaspros,2024,number of grid cells (10x10km),GAM,3,1.0505394739227516
13,Mediterranean Sea,53873,Styela canopus,2022,number of occurrences,GAM,1,0.9207912617238108
13,Mediterranean Sea,53873,Styela canopus,2023,number of occurrences,GAM,1,0.9207912617238108
13,Mediterranean Sea,53873,Styela canopus,2024,number of occurrences,GAM,1,0.9207912617238108
13,Mediterranean Sea,53873,Styela canopus,2022,number of grid cells (10x10km),decision rules,2,
13,Mediterranean Sea,53873,Styela canopus,2023,number of grid cells (10x10km),decision rules,2,
13,Mediterranean Sea,53873,Styela canopus,2024,number of grid cells (10x10km),decision rules,2,
13,Mediterranean Sea,53D7D,Suberites massa,2022,number of occurrences,GAM,0,0.49039152843877515
13,Mediterranean Sea,53D7D,Suberites massa,2023,number of occurrences,GAM,0,0.49039152843877515
13,Mediterranean Sea,53D7D,Suberites massa,2024,number of occurrences,GAM,0,0.49039152843877515
13,Mediterranean Sea,53D7D,Suberites massa,2022,number of grid cells (10x10km),GAM,0,0.6181538913494927
13,Mediterranean Sea,53D7D,Suberites massa,2023,number of grid cells (10x10km),GAM,0,0.6181538913494927
13,Mediterranean Sea,53D7D,Suberites massa,2024,number of grid cells (10x10km),GAM,0,0.6181538913494927
13,Mediterranean Sea,53ML9,Syllidia armata,2022,number of occurrences,GAM,1,0.7920074951208734
13,Mediterranean Sea,53ML9,Syllidia armata,2023,number of occurrences,GAM,1,0.7920074951208734
13,Mediterranean Sea,53ML9,Syllidia armata,2024,number of occurrences,GAM,1,0.7920074951208734
13,Mediterranean Sea,53ML9,Syllidia armata,2022,number of grid cells (10x10km),GAM,0,0.7493971866547027
13,Mediterranean Sea,53ML9,Syllidia armata,2023,number of grid cells (10x10km),GAM,0,0.7493971866547027
13,Mediterranean Sea,53ML9,Syllidia armata,2024,number of grid cells (10x10km),GAM,0,0.7493971866547027
13,Mediterranean Sea,53R5D,Symplegma brakenhielmi,2022,number of occurrences,GAM,3,1.3567198903732276
13,Mediterranean Sea,53R5D,Symplegma brakenhielmi,2023,number of occurrences,GAM,1,1.3567198903732276
13,Mediterranean Sea,53R5D,Symplegma brakenhielmi,2024,number of occurrences,GAM,1,1.3567198903732276
13,Mediterranean Sea,53R5D,Symplegma brakenhielmi,2022,number of grid cells (10x10km),GAM,3,1.4026655834005066
13,Mediterranean Sea,53R5D,Symplegma brakenhielmi,2023,number of grid cells (10x10km),GAM,3,1.4026655834005066
13,Mediterranean Sea,53R5D,Symplegma brakenhielmi,2024,number of grid cells (10x10km),GAM,3,1.4026655834005066
13,Mediterranean Sea,7B7ZG,Synaptula reciprocans,2022,number of occurrences,GAM,3,1.1152888950593005
13,Mediterranean Sea,7B7ZG,Synaptula reciprocans,2023,number of occurrences,GAM,3,1.1152888950593005
13,Mediterranean Sea,7B7ZG,Synaptula reciprocans,2024,number of occurrences,GAM,3,1.1152888950593005
13,Mediterranean Sea,7B7ZG,Synaptula reciprocans,2022,number of grid cells (10x10km),GAM,3,1.1065008198753579
13,Mediterranean Sea,7B7ZG,Synaptula reciprocans,2023,number of grid cells (10x10km),GAM,3,1.1065008198753579
13,Mediterranean Sea,7B7ZG,Synaptula reciprocans,2024,number of grid cells (10x10km),GAM,3,1.1065008198753579
13,Mediterranean Sea,53WJY,Syngnathus abaster,2022,number of occurrences,GAM,0,0.7550606940863764
13,Mediterranean Sea,53WJY,Syngnathus abaster,2023,number of occurrences,GAM,0,0.7550606940863764
13,Mediterranean Sea,53WJY,Syngnathus abaster,2024,number of occurrences,GAM,0,0.7550606940863764
13,Mediterranean Sea,53WJY,Syngnathus abaster,2022,number of grid cells (10x10km),GAM,1,0.8591938596486938
13,Mediterranean Sea,53WJY,Syngnathus abaster,2023,number of grid cells (10x10km),GAM,1,0.8591938596486938
13,Mediterranean Sea,53WJY,Syngnathus abaster,2024,number of grid cells (10x10km),GAM,1,0.8591938596486938
13,Mediterranean Sea,57GHQ,Torquigener flavimaculosus,2022,number of occurrences,GAM,1,0.9765946133544869
13,Mediterranean Sea,57GHQ,Torquigener flavimaculosus,2023,number of occurrences,GAM,1,0.9765946133544869
13,Mediterranean Sea,57GHQ,Torquigener flavimaculosus,2024,number of occurrences,GAM,1,0.9765946133544869
13,Mediterranean Sea,57GHQ,Torquigener flavimaculosus,2022,number of grid cells (10x10km),GAM,0,0.9448779490061726
13,Mediterranean Sea,57GHQ,Torquigener flavimaculosus,2023,number of grid cells (10x10km),GAM,0,0.9448779490061726
13,Mediterranean Sea,57GHQ,Torquigener flavimaculosus,2024,number of grid cells (10x10km),GAM,0,0.9448779490061726
13,Mediterranean Sea,7CP97,Triacanthus biaculeatus,2022,number of occurrences,decision rules,1,
13,Mediterranean Sea,7CP97,Triacanthus biaculeatus,2023,number of occurrences,decision rules,1,
13,Mediterranean Sea,7CP97,Triacanthus biaculeatus,2024,number of occurrences,decision rules,3,
13,Mediterranean Sea,7CP97,Triacanthus biaculeatus,2022,number of grid cells (10x10km),decision rules,1,
13,Mediterranean Sea,7CP97,Triacanthus biaculeatus,2023,number of grid cells (10x10km),decision rules,1,
13,Mediterranean Sea,7CP97,Triacanthus biaculeatus,2024,number of grid cells (10x10km),decision rules,3,
13,Mediterranean Sea,58MZR,Triconia dentipes,2022,number of occurrences,GAM,0,0.5830017945990901
13,Mediterranean Sea,58MZR,Triconia dentipes,2023,number of occurrences,GAM,0,0.5830017945990901
13,Mediterranean Sea,58MZR,Triconia dentipes,2024,number of occurrences,GAM,0,0.5830017945990901
13,Mediterranean Sea,58MZR,Triconia dentipes,2022,number of grid cells (10x10km),GAM,1,0.7441918673040033
13,Mediterranean Sea,58MZR,Triconia dentipes,2023,number of grid cells (10x10km),GAM,1,0.7441918673040033
13,Mediterranean Sea,58MZR,Triconia dentipes,2024,number of grid cells (10x10km),GAM,1,0.7441918673040033
13,Mediterranean Sea,58N2C,Triconia umerus,2022,number of occurrences,decision rules,1,
13,Mediterranean Sea,58N2C,Triconia umerus,2023,number of occurrences,decision rules,1,
13,Mediterranean Sea,58N2C,Triconia umerus,2024,number of occurrences,decision rules,2,
13,Mediterranean Sea,58N2C,Triconia umerus,2022,number of grid cells (10x10km),decision rules,1,
13,Mediterranean Sea,58N2C,Triconia umerus,2023,number of grid cells (10x10km),decision rules,1,
13,Mediterranean Sea,58N2C,Triconia umerus,2024,number of grid cells (10x10km),decision rules,1,
13,Mediterranean Sea,59435,Tritia neritea,2022,number of occurrences,GAM,3,1.1001869990209965
13,Mediterranean Sea,59435,Tritia neritea,2023,number of occurrences,GAM,3,1.1001869990209965
13,Mediterranean Sea,59435,Tritia neritea,2024,number of occurrences,GAM,3,1.1001869990209965
13,Mediterranean Sea,59435,Tritia neritea,2022,number of grid cells (10x10km),GAM,3,1.2705315473035201
13,Mediterranean Sea,59435,Tritia neritea,2023,number of grid cells (10x10km),GAM,3,1.2705315473035201
13,Mediterranean Sea,59435,Tritia neritea,2024,number of grid cells (10x10km),GAM,3,1.2705315473035201
13,Mediterranean Sea,7CWT9,Truncatella subcylindrica,2022,number of occurrences,GAM,3,1.265413101784953
13,Mediterranean Sea,7CWT9,Truncatella subcylindrica,2023,number of occurrences,GAM,3,1.265413101784953
13,Mediterranean Sea,7CWT9,Truncatella subcylindrica,2024,number of occurrences,GAM,3,1.265413101784953
13,Mediterranean Sea,7CWT9,Truncatella subcylindrica,2022,number of grid cells (10x10km),GAM,3,1.200016428385855
13,Mediterranean Sea,7CWT9,Truncatella subcylindrica,2023,number of grid cells (10x10km),GAM,3,1.200016428385855
13,Mediterranean Sea,7CWT9,Truncatella subcylindrica,2024,number of grid cells (10x10km),GAM,3,1.200016428385855
13,Mediterranean Sea,TRJJ4,Undaria pinnatifida,2022,number of occurrences,GAM,3,1.0448891380500778
13,Mediterranean Sea,TRJJ4,Undaria pinnatifida,2023,number of occurrences,GAM,3,1.0448891380500778
13,Mediterranean Sea,TRJJ4,Undaria pinnatifida,2024,number of occurrences,GAM,1,1.0448891380500778
13,Mediterranean Sea,TRJJ4,Undaria pinnatifida,2022,number of grid cells (10x10km),GAM,1,0.937175820366848
13,Mediterranean Sea,TRJJ4,Undaria pinnatifida,2023,number of grid cells (10x10km),GAM,1,0.937175820366848
13,Mediterranean Sea,TRJJ4,Undaria pinnatifida,2024,number of grid cells (10x10km),GAM,1,0.937175820366848
13,Mediterranean Sea,7DLS5,Upeneus moluccensis,2022,number of occurrences,GAM,1,0.8033354978292805
13,Mediterranean Sea,7DLS5,Upeneus moluccensis,2023,number of occurrences,GAM,1,0.8033354978292805
13,Mediterranean Sea,7DLS5,Upeneus moluccensis,2024,number of occurrences,GAM,1,0.8033354978292805
13,Mediterranean Sea,7DLS5,Upeneus moluccensis,2022,number of grid cells (10x10km),GAM,1,0.9082601763238323
13,Mediterranean Sea,7DLS5,Upeneus moluccensis,2023,number of grid cells (10x10km),GAM,1,0.9082601763238323
13,Mediterranean Sea,7DLS5,Upeneus moluccensis,2024,number of grid cells (10x10km),GAM,1,0.9082601763238323
13,Mediterranean Sea,7DM4K,Upeneus pori,2022,number of occurrences,GAM,0,0.48483448122633865
13,Mediterranean Sea,7DM4K,Upeneus pori,2023,number of occurrences,GAM,0,0.48483448122633865
13,Mediterranean Sea,7DM4K,Upeneus pori,2024,number of occurrences,GAM,0,0.48483448122633865
13,Mediterranean Sea,7DM4K,Upeneus pori,2022,number of grid cells (10x10km),GAM,1,0.9315019267952078
13,Mediterranean Sea,7DM4K,Upeneus pori,2023,number of grid cells (10x10km),GAM,1,0.9315019267952078
13,Mediterranean Sea,7DM4K,Upeneus pori,2024,number of grid cells (10x10km),GAM,1,0.9315019267952078
13,Mediterranean Sea,7DTG3,Urocorycaeus furcifer,2022,number of occurrences,GAM,0,0.6185019728475449
13,Mediterranean Sea,7DTG3,Urocorycaeus furcifer,2023,number of occurrences,GAM,0,0.6185019728475449
13,Mediterranean Sea,7DTG3,Urocorycaeus furcifer,2024,number of occurrences,GAM,0,0.6185019728475449
13,Mediterranean Sea,7DTG3,Urocorycaeus furcifer,2022,number of grid cells (10x10km),GAM,1,0.7401281214729676
13,Mediterranean Sea,7DTG3,Urocorycaeus furcifer,2023,number of grid cells (10x10km),GAM,1,0.7401281214729676
13,Mediterranean Sea,7DTG3,Urocorycaeus furcifer,2024,number of grid cells (10x10km),GAM,1,0.7401281214729676
13,Mediterranean Sea,7FFDN,Vanderhorstia mertensi,2022,number of occurrences,decision rules,1,
13,Mediterranean Sea,7FFDN,Vanderhorstia mertensi,2023,number of occurrences,decision rules,2,
13,Mediterranean Sea,7FFDN,Vanderhorstia mertensi,2024,number of occurrences,decision rules,2,
13,Mediterranean Sea,7FFDN,Vanderhorstia mertensi,2022,number of grid cells (10x10km),decision rules,1,
13,Mediterranean Sea,7FFDN,Vanderhorstia mertensi,2023,number of grid cells (10x10km),decision rules,2,
13,Mediterranean Sea,7FFDN,Vanderhorstia mertensi,2024,number of grid cells (10x10km),decision rules,2,
13,Mediterranean Sea,7FFK2,Vanellus spinosus,2022,number of occurrences,GAM,3,1.2751075758300863
13,Mediterranean Sea,7FFK2,Vanellus spinosus,2023,number of occurrences,GAM,3,1.2751075758300863
13,Mediterranean Sea,7FFK2,Vanellus spinosus,2024,number of occurrences,GAM,3,1.2751075758300863
13,Mediterranean Sea,7FFK2,Vanellus spinosus,2022,number of grid cells (10x10km),GAM,3,1.0928515088846757
13,Mediterranean Sea,7FFK2,Vanellus spinosus,2023,number of grid cells (10x10km),GAM,3,1.0928515088846757
13,Mediterranean Sea,7FFK2,Vanellus spinosus,2024,number of grid cells (10x10km),GAM,3,1.0928515088846757
13,Mediterranean Sea,5BV6C,Watersipora cucullata,2022,number of occurrences,GAM,3,1.3152257440757769
13,Mediterranean Sea,5BV6C,Watersipora cucullata,2023,number of occurrences,GAM,3,1.3152257440757769
13,Mediterranean Sea,5BV6C,Watersipora cucullata,2024,number of occurrences,GAM,3,1.3152257440757769
13,Mediterranean Sea,5BV6C,Watersipora cucullata,2022,number of grid cells (10x10km),GAM,3,1.0761457776665526
13,Mediterranean Sea,5BV6C,Watersipora cucullata,2023,number of grid cells (10x10km),GAM,3,1.0761457776665526
13,Mediterranean Sea,5BV6C,Watersipora cucullata,2024,number of grid cells (10x10km),GAM,3,1.0761457776665526
13,Mediterranean Sea,7GD2B,Zebrus zebrus,2022,number of occurrences,GAM,3,1.0847973650886806
13,Mediterranean Sea,7GD2B,Zebrus zebrus,2023,number of occurrences,GAM,3,1.0847973650886806
13,Mediterranean Sea,7GD2B,Zebrus zebrus,2024,number of occurrences,GAM,3,1.0847973650886806
13,Mediterranean Sea,7GD2B,Zebrus zebrus,2022,number of grid cells (10x10km),GAM,3,1.0711507911251554
13,Mediterranean Sea,7GD2B,Zebrus zebrus,2023,number of grid cells (10x10km),GAM,3,1.0711507911251554
13,Mediterranean Sea,7GD2B,Zebrus zebrus,2024,number of grid cells (10x10km),GAM,3,1.0711507911251554
13,Mediterranean Sea,D626,Amphistegina lobifera,2022,number of occurrences,GAM,1,0.7977321704919549
13,Mediterranean Sea,D626,Amphistegina lobifera,2023,number of occurrences,GAM,1,0.7977321704919549
13,Mediterranean Sea,D626,Amphistegina lobifera,2024,number of occurrences,GAM,1,0.7977321704919549
13,Mediterranean Sea,D626,Amphistegina lobifera,2022,number of grid cells (10x10km),GAM,1,0.7951892915430977
13,Mediterranean Sea,D626,Amphistegina lobifera,2023,number of grid cells (10x10km),GAM,1,0.7951892915430977
13,Mediterranean Sea,D626,Amphistegina lobifera,2024,number of grid cells (10x10km),GAM,1,0.7951892915430977
13,Mediterranean Sea,688WN,Atherina boyeri,2022,number of occurrences,GAM,3,1.0955570820824474
13,Mediterranean Sea,688WN,Atherina boyeri,2023,number of occurrences,GAM,3,1.0955570820824474
13,Mediterranean Sea,688WN,Atherina boyeri,2024,number of occurrences,GAM,3,1.0955570820824474
13,Mediterranean Sea,688WN,Atherina boyeri,2022,number of grid cells (10x10km),GAM,3,1.0834631713165523
13,Mediterranean Sea,688WN,Atherina boyeri,2023,number of grid cells (10x10km),GAM,3,1.0834631713165523
13,Mediterranean Sea,688WN,Atherina boyeri,2024,number of grid cells (10x10km),GAM,3,1.0834631713165523
13,Mediterranean Sea,MPNZ,Botrylloides violaceus,2022,number of occurrences,GAM,2,1.9450731644718697
13,Mediterranean Sea,MPNZ,Botrylloides violaceus,2023,number of occurrences,GAM,0,1.9450731644718697
13,Mediterranean Sea,MPNZ,Botrylloides violaceus,2024,number of occurrences,GAM,0,1.9450731644718697
13,Mediterranean Sea,MPNZ,Botrylloides violaceus,2022,number of grid cells (10x10km),GAM,3,1.4837640834135988
13,Mediterranean Sea,MPNZ,Botrylloides violaceus,2023,number of grid cells (10x10km),GAM,3,1.4837640834135988
13,Mediterranean Sea,MPNZ,Botrylloides violaceus,2024,number of grid cells (10x10km),GAM,1,1.4837640834135988
13,Mediterranean Sea,NPRJ,Bugula neritina,2022,number of occurrences,GAM,0,0.8587355947165585
13,Mediterranean Sea,NPRJ,Bugula neritina,2023,number of occurrences,GAM,0,0.8587355947165585
13,Mediterranean Sea,NPRJ,Bugula neritina,2024,number of occurrences,GAM,0,0.8587355947165585
13,Mediterranean Sea,NPRJ,Bugula neritina,2022,number of grid cells (10x10km),GAM,0,0.8329382923412244
13,Mediterranean Sea,NPRJ,Bugula neritina,2023,number of grid cells (10x10km),GAM,0,0.8329382923412244
13,Mediterranean Sea,NPRJ,Bugula neritina,2024,number of grid cells (10x10km),GAM,0,0.8329382923412244
13,Mediterranean Sea,VFD7,Ciona robusta,2022,number of occurrences,GAM,3,1.2286453512046025
13,Mediterranean Sea,VFD7,Ciona robusta,2023,number of occurrences,GAM,3,1.2286453512046025
13,Mediterranean Sea,VFD7,Ciona robusta,2024,number of occurrences,GAM,3,1.2286453512046025
13,Mediterranean Sea,VFD7,Ciona robusta,2022,number of grid cells (10x10km),GAM,3,1.0473176774997657
13,Mediterranean Sea,VFD7,Ciona robusta,2023,number of grid cells (10x10km),GAM,3,1.0473176774997657
13,Mediterranean Sea,VFD7,Ciona robusta,2024,number of grid cells (10x10km),GAM,1,1.0473176774997657
13,Mediterranean Sea,Z4FP,Crambe crambe,2022,number of occurrences,GAM,0,0.9144249336986553
13,Mediterranean Sea,Z4FP,Crambe crambe,2023,number of occurrences,GAM,0,0.9144249336986553
13,Mediterranean Sea,Z4FP,Crambe crambe,2024,number of occurrences,GAM,0,0.9144249336986553
13,Mediterranean Sea,Z4FP,Crambe crambe,2022,number of grid cells (10x10km),GAM,1,0.9614660630689584
13,Mediterranean Sea,Z4FP,Crambe crambe,2023,number of grid cells (10x10km),GAM,1,0.9614660630689584
13,Mediterranean Sea,Z4FP,Crambe crambe,2024,number of grid cells (10x10km),GAM,1,0.9614660630689584
13,Mediterranean Sea,38PCQ,Ecteinascidia turbinata,2022,number of occurrences,GAM,3,1.2748051475183475
13,Mediterranean Sea,38PCQ,Ecteinascidia turbinata,2023,number of occurrences,GAM,3,1.2748051475183475
13,Mediterranean Sea,38PCQ,Ecteinascidia turbinata,2024,number of occurrences,GAM,3,1.2748051475183475
13,Mediterranean Sea,38PCQ,Ecteinascidia turbinata,2022,number of grid cells (10x10km),GAM,3,1.2129128650705667
13,Mediterranean Sea,38PCQ,Ecteinascidia turbinata,2023,number of grid cells (10x10km),GAM,3,1.2129128650705667
13,Mediterranean Sea,38PCQ,Ecteinascidia turbinata,2024,number of grid cells (10x10km),GAM,3,1.2129128650705667
13,Mediterranean Sea,3HRQS,Gymnodinium catenatum,2022,number of occurrences,GAM,0,0.45181853649691095
13,Mediterranean Sea,3HRQS,Gymnodinium catenatum,2023,number of occurrences,GAM,0,0.45181853649691095
13,Mediterranean Sea,3HRQS,Gymnodinium catenatum,2024,number of occurrences,GAM,0,0.45181853649691095
13,Mediterranean Sea,3HRQS,Gymnodinium catenatum,2022,number of grid cells (10x10km),GAM,0,0.6317992651241533
13,Mediterranean Sea,3HRQS,Gymnodinium catenatum,2023,number of grid cells (10x10km),GAM,0,0.6317992651241533
13,Mediterranean Sea,3HRQS,Gymnodinium catenatum,2024,number of grid cells (10x10km),GAM,0,0.6317992651241533
13,Mediterranean Sea,6MJMF,Hydroides dirampha,2022,number of occurrences,GAM,3,1.212299921319643
13,Mediterranean Sea,6MJMF,Hydroides dirampha,2023,number of occurrences,GAM,3,1.212299921319643
13,Mediterranean Sea,6MJMF,Hydroides dirampha,2024,number of occurrences,GAM,3,1.212299921319643
13,Mediterranean Sea,6MJMF,Hydroides dirampha,2022,number of grid cells (10x10km),GAM,3,1.2211045108044007
13,Mediterranean Sea,6MJMF,Hydroides dirampha,2023,number of grid cells (10x10km),GAM,3,1.2211045108044007
13,Mediterranean Sea,6MJMF,Hydroides dirampha,2024,number of grid cells (10x10km),GAM,3,1.2211045108044007
13,Mediterranean Sea,3QN26,Jassa slatteryi,2022,number of occurrences,GAM,1,0.9254115559799625
13,Mediterranean Sea,3QN26,Jassa slatteryi,2023,number of occurrences,GAM,1,0.9254115559799625
13,Mediterranean Sea,3QN26,Jassa slatteryi,2024,number of occurrences,GAM,1,0.9254115559799625
13,Mediterranean Sea,3QN26,Jassa slatteryi,2022,number of grid cells (10x10km),decision rules,2,
13,Mediterranean Sea,3QN26,Jassa slatteryi,2023,number of grid cells (10x10km),decision rules,2,
13,Mediterranean Sea,3QN26,Jassa slatteryi,2024,number of grid cells (10x10km),decision rules,2,
13,Mediterranean Sea,6RVDM,Necora puber,2022,number of occurrences,GAM,0,0.8474383051400516
13,Mediterranean Sea,6RVDM,Necora puber,2023,number of occurrences,GAM,0,0.8474383051400516
13,Mediterranean Sea,6RVDM,Necora puber,2024,number of occurrences,GAM,0,0.8474383051400516
13,Mediterranean Sea,6RVDM,Necora puber,2022,number of grid cells (10x10km),GAM,1,0.8859307122170155
13,Mediterranean Sea,6RVDM,Necora puber,2023,number of grid cells (10x10km),GAM,1,0.8859307122170155
13,Mediterranean Sea,6RVDM,Necora puber,2024,number of grid cells (10x10km),GAM,1,0.8859307122170155
13,Mediterranean Sea,48L55,Oculina patagonica,2022,number of occurrences,GAM,1,0.9399565986337367
13,Mediterranean Sea,48L55,Oculina patagonica,2023,number of occurrences,GAM,1,0.9399565986337367
13,Mediterranean Sea,48L55,Oculina patagonica,2024,number of occurrences,GAM,1,0.9399565986337367
13,Mediterranean Sea,48L55,Oculina patagonica,2022,number of grid cells (10x10km),GAM,1,0.9366948649908234
13,Mediterranean Sea,48L55,Oculina patagonica,2023,number of grid cells (10x10km),GAM,1,0.9366948649908234
13,Mediterranean Sea,48L55,Oculina patagonica,2024,number of grid cells (10x10km),GAM,1,0.9366948649908234
13,Mediterranean Sea,4JK6F,Planocera ceratommata,2022,number of occurrences,GAM,3,1.2892193705413757
13,Mediterranean Sea,4JK6F,Planocera ceratommata,2023,number of occurrences,GAM,3,1.2892193705413757
13,Mediterranean Sea,4JK6F,Planocera ceratommata,2024,number of occurrences,GAM,3,1.2892193705413757
13,Mediterranean Sea,4JK6F,Planocera ceratommata,2022,number of grid cells (10x10km),GAM,3,1.2725023080663809
13,Mediterranean Sea,4JK6F,Planocera ceratommata,2023,number of grid cells (10x10km),GAM,3,1.2725023080663809
13,Mediterranean Sea,4JK6F,Planocera ceratommata,2024,number of grid cells (10x10km),GAM,3,1.2725023080663809
13,Mediterranean Sea,6XX9B,Schizoporella errata,2022,number of occurrences,GAM,3,1.341192862760724
13,Mediterranean Sea,6XX9B,Schizoporella errata,2023,number of occurrences,GAM,3,1.341192862760724
13,Mediterranean Sea,6XX9B,Schizoporella errata,2024,number of occurrences,GAM,3,1.341192862760724
13,Mediterranean Sea,6XX9B,Schizoporella errata,2022,number of grid cells (10x10km),GAM,3,1.231507225808433
13,Mediterranean Sea,6XX9B,Schizoporella errata,2023,number of grid cells (10x10km),GAM,3,1.231507225808433
13,Mediterranean Sea,6XX9B,Schizoporella errata,2024,number of grid cells (10x10km),GAM,3,1.231507225808433
13,Mediterranean Sea,SXTX7,Sphaerococcus coronopifolius,2022,number of occurrences,GAM,0,0.5941634624321818
13,Mediterranean Sea,SXTX7,Sphaerococcus coronopifolius,2023,number of occurrences,GAM,0,0.5941634624321818
13,Mediterranean Sea,SXTX7,Sphaerococcus coronopifolius,2024,number of occurrences,GAM,0,0.5941634624321818
13,Mediterranean Sea,SXTX7,Sphaerococcus coronopifolius,2022,number of grid cells (10x10km),GAM,0,0.770175650736555
13,Mediterranean Sea,SXTX7,Sphaerococcus coronopifolius,2023,number of grid cells (10x10km),GAM,0,0.770175650736555
13,Mediterranean Sea,SXTX7,Sphaerococcus coronopifolius,2024,number of grid cells (10x10km),GAM,0,0.770175650736555
13,Mediterranean Sea,52F56,Sternaspis scutata,2022,number of occurrences,GAM,0,0.6546085513420566
13,Mediterranean Sea,52F56,Sternaspis scutata,2023,number of occurrences,GAM,0,0.6546085513420566
13,Mediterranean Sea,52F56,Sternaspis scutata,2024,number of occurrences,GAM,0,0.6546085513420566
13,Mediterranean Sea,52F56,Sternaspis scutata,2022,number of grid cells (10x10km),GAM,0,0.7120441840243157
13,Mediterranean Sea,52F56,Sternaspis scutata,2023,number of grid cells (10x10km),GAM,0,0.7120441840243157
13,Mediterranean Sea,52F56,Sternaspis scutata,2024,number of grid cells (10x10km),GAM,0,0.7120441840243157
13,Mediterranean Sea,552GG,Tayuva lilacina,2022,number of occurrences,GAM,3,1.1333624799799338
13,Mediterranean Sea,552GG,Tayuva lilacina,2023,number of occurrences,GAM,3,1.1333624799799338
13,Mediterranean Sea,552GG,Tayuva lilacina,2024,number of occurrences,GAM,3,1.1333624799799338
13,Mediterranean Sea,552GG,Tayuva lilacina,2022,number of grid cells (10x10km),GAM,3,1.0768766629707742
13,Mediterranean Sea,552GG,Tayuva lilacina,2023,number of grid cells (10x10km),GAM,3,1.0768766629707742
13,Mediterranean Sea,552GG,Tayuva lilacina,2024,number of grid cells (10x10km),GAM,3,1.0768766629707742
13,Mediterranean Sea,BSQH5,Watersipora subatra,2022,number of occurrences,GAM,0,0.6422188756905565
13,Mediterranean Sea,BSQH5,Watersipora subatra,2023,number of occurrences,GAM,0,0.6422188756905565
13,Mediterranean Sea,BSQH5,Watersipora subatra,2024,number of occurrences,GAM,0,0.6422188756905565
13,Mediterranean Sea,BSQH5,Watersipora subatra,2022,number of grid cells (10x10km),GAM,1,0.9141564165214446
13,Mediterranean Sea,BSQH5,Watersipora subatra,2023,number of grid cells (10x10km),GAM,1,0.9141564165214446
13,Mediterranean Sea,BSQH5,Watersipora subatra,2024,number of grid cells (10x10km),GAM,1,0.9141564165214446
13,Mediterranean Sea,3JBV8,Halichoerus grypus,2022,number of occurrences,decision rules,1,
13,Mediterranean Sea,3JBV8,Halichoerus grypus,2023,number of occurrences,decision rules,1,
13,Mediterranean Sea,3JBV8,Halichoerus grypus,2024,number of occurrences,decision rules,1,
13,Mediterranean Sea,3JBV8,Halichoerus grypus,2022,number of grid cells (10x10km),decision rules,1,
13,Mediterranean Sea,3JBV8,Halichoerus grypus,2023,number of grid cells (10x10km),decision rules,1,
13,Mediterranean Sea,3JBV8,Halichoerus grypus,2024,number of grid cells (10x10km),decision rules,1,
13,Mediterranean Sea,6VWWD,Priacanthus sagittarius,2022,number of occurrences,decision rules,1,
13,Mediterranean Sea,6VWWD,Priacanthus sagittarius,2023,number of occurrences,decision rules,1,
13,Mediterranean Sea,6VWWD,Priacanthus sagittarius,2024,number of occurrences,decision rules,1,
13,Mediterranean Sea,6VWWD,Priacanthus sagittarius,2022,number of grid cells (10x10km),decision rules,1,
13,Mediterranean Sea,6VWWD,Priacanthus sagittarius,2023,number of grid cells (10x10km),decision rules,1,
13,Mediterranean Sea,6VWWD,Priacanthus sagittarius,2024,number of grid cells (10x10km),decision rules,1,
50,Faroe Plateau,R48N,Carcinus maenas,2022,number of occurrences,decision rules,1,
50,Faroe Plateau,R48N,Carcinus maenas,2023,number of occurrences,decision rules,1,
50,Faroe Plateau,R48N,Carcinus maenas,2024,number of occurrences,decision rules,3,
50,Faroe Plateau,R48N,Carcinus maenas,2022,number of grid cells (10x10km),decision rules,1,
50,Faroe Plateau,R48N,Carcinus maenas,2023,number of grid cells (10x10km),decision rules,1,
50,Faroe Plateau,R48N,Carcinus maenas,2024,number of grid cells (10x10km),decision rules,1,
50,Faroe Plateau,32WFN,Cyclopterus lumpus,2022,number of occurrences,decision rules,2,
50,Faroe Plateau,32WFN,Cyclopterus lumpus,2023,number of occurrences,decision rules,1,
50,Faroe Plateau,32WFN,Cyclopterus lumpus,2024,number of occurrences,decision rules,2,
50,Faroe Plateau,32WFN,Cyclopterus lumpus,2022,number of grid cells (10x10km),decision rules,2,
50,Faroe Plateau,32WFN,Cyclopterus lumpus,2023,number of grid cells (10x10km),decision rules,1,
50,Faroe Plateau,32WFN,Cyclopterus lumpus,2024,number of grid cells (10x10km),decision rules,2,
50,Faroe Plateau,42Z4T,Micromesistius poutassou,2022,number of occurrences,decision rules,2,
50,Faroe Plateau,42Z4T,Micromesistius poutassou,2023,number of occurrences,decision rules,2,
50,Faroe Plateau,42Z4T,Micromesistius poutassou,2024,number of occurrences,decision rules,2,
50,Faroe Plateau,42Z4T,Micromesistius poutassou,2022,number of grid cells (10x10km),decision rules,2,
50,Faroe Plateau,42Z4T,Micromesistius poutassou,2023,number of grid cells (10x10km),decision rules,2,
50,Faroe Plateau,42Z4T,Micromesistius poutassou,2024,number of grid cells (10x10km),decision rules,2,
50,Faroe Plateau,3JBV8,Halichoerus grypus,2022,number of occurrences,GAM,1,0.8253754313793626
50,Faroe Plateau,3JBV8,Halichoerus grypus,2023,number of occurrences,GAM,1,0.8253754313793626
50,Faroe Plateau,3JBV8,Halichoerus grypus,2024,number of occurrences,GAM,1,0.8253754313793626
50,Faroe Plateau,3JBV8,Halichoerus grypus,2022,number of grid cells (10x10km),GAM,1,0.8233187651641877
50,Faroe Plateau,3JBV8,Halichoerus grypus,2023,number of grid cells (10x10km),GAM,1,0.8233187651641877
50,Faroe Plateau,3JBV8,Halichoerus grypus,2024,number of grid cells (10x10km),GAM,1,0.8233187651641877
53,Norwegian Sea,65BGC,Aetea truncata,2022,number of occurrences,decision rules,1,
53,Norwegian Sea,65BGC,Aetea truncata,2023,number of occurrences,decision rules,1,
53,Norwegian Sea,65BGC,Aetea truncata,2024,number of occurrences,decision rules,3,
53,Norwegian Sea,65BGC,Aetea truncata,2022,number of grid cells (10x10km),decision rules,1,
53,Norwegian Sea,65BGC,Aetea truncata,2023,number of grid cells (10x10km),decision rules,1,
53,Norwegian Sea,65BGC,Aetea truncata,2024,number of grid cells (10x10km),decision rules,3,
53,Norwegian Sea,B29V,Agonus cataphractus,2022,number of occurrences,GAM,3,1.1505403316465228
53,Norwegian Sea,B29V,Agonus cataphractus,2023,number of occurrences,GAM,3,1.1505403316465228
53,Norwegian Sea,B29V,Agonus cataphractus,2024,number of occurrences,GAM,3,1.1505403316465228
53,Norwegian Sea,B29V,Agonus cataphractus,2022,number of grid cells (10x10km),GAM,3,1.1357471785419144
53,Norwegian Sea,B29V,Agonus cataphractus,2023,number of grid cells (10x10km),GAM,3,1.1357471785419144
53,Norwegian Sea,B29V,Agonus cataphractus,2024,number of grid cells (10x10km),GAM,3,1.1357471785419144
53,Norwegian Sea,L9NW8,Alexandrium tamarense,2022,number of occurrences,GAM,0,0.6352851401278848
53,Norwegian Sea,L9NW8,Alexandrium tamarense,2023,number of occurrences,GAM,0,0.6352851401278848
53,Norwegian Sea,L9NW8,Alexandrium tamarense,2024,number of occurrences,GAM,0,0.6352851401278848
53,Norwegian Sea,L9NW8,Alexandrium tamarense,2022,number of grid cells (10x10km),GAM,0,0.6720570183472725
53,Norwegian Sea,L9NW8,Alexandrium tamarense,2023,number of grid cells (10x10km),GAM,0,0.6720570183472725
53,Norwegian Sea,L9NW8,Alexandrium tamarense,2024,number of grid cells (10x10km),GAM,0,0.6720570183472725
53,Norwegian Sea,LBG2M,Apedinella radians,2022,number of occurrences,decision rules,2,
53,Norwegian Sea,LBG2M,Apedinella radians,2023,number of occurrences,decision rules,2,
53,Norwegian Sea,LBG2M,Apedinella radians,2024,number of occurrences,decision rules,2,
53,Norwegian Sea,LBG2M,Apedinella radians,2022,number of grid cells (10x10km),GAM,3,1.2874117481137317
53,Norwegian Sea,LBG2M,Apedinella radians,2023,number of grid cells (10x10km),GAM,3,1.2874117481137317
53,Norwegian Sea,LBG2M,Apedinella radians,2024,number of grid cells (10x10km),GAM,3,1.2874117481137317
53,Norwegian Sea,PS2Z,Calliostoma zizyphinum,2022,number of occurrences,GAM,3,1.2186698455588896
53,Norwegian Sea,PS2Z,Calliostoma zizyphinum,2023,number of occurrences,GAM,3,1.2186698455588896
53,Norwegian Sea,PS2Z,Calliostoma zizyphinum,2024,number of occurrences,GAM,3,1.2186698455588896
53,Norwegian Sea,PS2Z,Calliostoma zizyphinum,2022,number of grid cells (10x10km),GAM,3,1.208930194264344
53,Norwegian Sea,PS2Z,Calliostoma zizyphinum,2023,number of grid cells (10x10km),GAM,3,1.208930194264344
53,Norwegian Sea,PS2Z,Calliostoma zizyphinum,2024,number of grid cells (10x10km),GAM,3,1.208930194264344
53,Norwegian Sea,QSCF,Caprella mutica,2022,number of occurrences,GAM,0,0.36502695374196353
53,Norwegian Sea,QSCF,Caprella mutica,2023,number of occurrences,GAM,0,0.36502695374196353
53,Norwegian Sea,QSCF,Caprella mutica,2024,number of occurrences,GAM,0,0.36502695374196353
53,Norwegian Sea,QSCF,Caprella mutica,2022,number of grid cells (10x10km),GAM,0,0.500631957737803
53,Norwegian Sea,QSCF,Caprella mutica,2023,number of grid cells (10x10km),GAM,0,0.500631957737803
53,Norwegian Sea,QSCF,Caprella mutica,2024,number of grid cells (10x10km),GAM,0,0.500631957737803
53,Norwegian Sea,R48N,Carcinus maenas,2022,number of occurrences,GAM,3,1.1933653292194168
53,Norwegian Sea,R48N,Carcinus maenas,2023,number of occurrences,GAM,3,1.1933653292194168
53,Norwegian Sea,R48N,Carcinus maenas,2024,number of occurrences,GAM,3,1.1933653292194168
53,Norwegian Sea,R48N,Carcinus maenas,2022,number of grid cells (10x10km),GAM,3,1.0801211772106294
53,Norwegian Sea,R48N,Carcinus maenas,2023,number of grid cells (10x10km),GAM,3,1.0801211772106294
53,Norwegian Sea,R48N,Carcinus maenas,2024,number of grid cells (10x10km),GAM,3,1.0801211772106294
53,Norwegian Sea,MM697,Chorda filum,2022,number of occurrences,GAM,0,0.8269894361481734
53,Norwegian Sea,MM697,Chorda filum,2023,number of occurrences,GAM,0,0.8269894361481734
53,Norwegian Sea,MM697,Chorda filum,2024,number of occurrences,GAM,0,0.8269894361481734
53,Norwegian Sea,MM697,Chorda filum,2022,number of grid cells (10x10km),GAM,0,0.8630632967550536
53,Norwegian Sea,MM697,Chorda filum,2023,number of grid cells (10x10km),GAM,0,0.8630632967550536
53,Norwegian Sea,MM697,Chorda filum,2024,number of grid cells (10x10km),GAM,0,0.8630632967550536
53,Norwegian Sea,N4VRP,Codium fragile,2022,number of occurrences,GAM,0,0.913086993278377
53,Norwegian Sea,N4VRP,Codium fragile,2023,number of occurrences,GAM,0,0.913086993278377
53,Norwegian Sea,N4VRP,Codium fragile,2024,number of occurrences,GAM,0,0.913086993278377
53,Norwegian Sea,N4VRP,Codium fragile,2022,number of grid cells (10x10km),GAM,0,0.9172038236046582
53,Norwegian Sea,N4VRP,Codium fragile,2023,number of grid cells (10x10km),GAM,0,0.9172038236046582
53,Norwegian Sea,N4VRP,Codium fragile,2024,number of grid cells (10x10km),GAM,0,0.9172038236046582
53,Norwegian Sea,32WFN,Cyclopterus lumpus,2022,number of occurrences,GAM,1,0.9098310506065341
53,Norwegian Sea,32WFN,Cyclopterus lumpus,2023,number of occurrences,GAM,1,0.9098310506065341
53,Norwegian Sea,32WFN,Cyclopterus lumpus,2024,number of occurrences,GAM,1,0.9098310506065341
53,Norwegian Sea,32WFN,Cyclopterus lumpus,2022,number of grid cells (10x10km),GAM,1,0.8953821101203218
53,Norwegian Sea,32WFN,Cyclopterus lumpus,2023,number of grid cells (10x10km),GAM,1,0.8953821101203218
53,Norwegian Sea,32WFN,Cyclopterus lumpus,2024,number of grid cells (10x10km),GAM,1,0.8953821101203218
53,Norwegian Sea,36PZC,Dipolydora quadrilobata,2022,number of occurrences,GAM,1,0.9852156270791981
53,Norwegian Sea,36PZC,Dipolydora quadrilobata,2023,number of occurrences,GAM,1,0.9852156270791981
53,Norwegian Sea,36PZC,Dipolydora quadrilobata,2024,number of occurrences,GAM,1,0.9852156270791981
53,Norwegian Sea,36PZC,Dipolydora quadrilobata,2022,number of grid cells (10x10km),GAM,3,1.1186033298875941
53,Norwegian Sea,36PZC,Dipolydora quadrilobata,2023,number of grid cells (10x10km),GAM,3,1.1186033298875941
53,Norwegian Sea,36PZC,Dipolydora quadrilobata,2024,number of grid cells (10x10km),GAM,3,1.1186033298875941
53,Norwegian Sea,36PZF,Dipolydora socialis,2022,number of occurrences,GAM,1,0.9421306077550706
53,Norwegian Sea,36PZF,Dipolydora socialis,2023,number of occurrences,GAM,1,0.9421306077550706
53,Norwegian Sea,36PZF,Dipolydora socialis,2024,number of occurrences,GAM,1,0.9421306077550706
53,Norwegian Sea,36PZF,Dipolydora socialis,2022,number of grid cells (10x10km),GAM,1,0.9942151448835421
53,Norwegian Sea,36PZF,Dipolydora socialis,2023,number of grid cells (10x10km),GAM,1,0.9942151448835421
53,Norwegian Sea,36PZF,Dipolydora socialis,2024,number of grid cells (10x10km),GAM,1,0.9942151448835421
53,Norwegian Sea,3BT78,Euchone incolor,2022,number of occurrences,decision rules,2,
53,Norwegian Sea,3BT78,Euchone incolor,2023,number of occurrences,decision rules,2,
53,Norwegian Sea,3BT78,Euchone incolor,2024,number of occurrences,decision rules,2,
53,Norwegian Sea,3BT78,Euchone incolor,2022,number of grid cells (10x10km),decision rules,2,
53,Norwegian Sea,3BT78,Euchone incolor,2023,number of grid cells (10x10km),decision rules,2,
53,Norwegian Sea,3BT78,Euchone incolor,2024,number of grid cells (10x10km),decision rules,2,
53,Norwegian Sea,PGHVY,Fucus distichus,2022,number of occurrences,GAM,3,1.0966562216773645
53,Norwegian Sea,PGHVY,Fucus distichus,2023,number of occurrences,GAM,3,1.0966562216773645
53,Norwegian Sea,PGHVY,Fucus distichus,2024,number of occurrences,GAM,3,1.0966562216773645
53,Norwegian Sea,PGHVY,Fucus distichus,2022,number of grid cells (10x10km),GAM,3,1.1537406533363335
53,Norwegian Sea,PGHVY,Fucus distichus,2023,number of grid cells (10x10km),GAM,3,1.1537406533363335
53,Norwegian Sea,PGHVY,Fucus distichus,2024,number of grid cells (10x10km),GAM,3,1.1537406533363335
53,Norwegian Sea,PGMCT,Fucus serratus,2022,number of occurrences,GAM,3,1.087577330273958
53,Norwegian Sea,PGMCT,Fucus serratus,2023,number of occurrences,GAM,3,1.087577330273958
53,Norwegian Sea,PGMCT,Fucus serratus,2024,number of occurrences,GAM,3,1.087577330273958
53,Norwegian Sea,PGMCT,Fucus serratus,2022,number of grid cells (10x10km),GAM,3,1.057805496523156
53,Norwegian Sea,PGMCT,Fucus serratus,2023,number of grid cells (10x10km),GAM,3,1.057805496523156
53,Norwegian Sea,PGMCT,Fucus serratus,2024,number of grid cells (10x10km),GAM,3,1.057805496523156
53,Norwegian Sea,PHYYY,Halosiphon tomentosus,2022,number of occurrences,decision rules,1,
53,Norwegian Sea,PHYYY,Halosiphon tomentosus,2023,number of occurrences,decision rules,2,
53,Norwegian Sea,PHYYY,Halosiphon tomentosus,2024,number of occurrences,decision rules,3,
53,Norwegian Sea,PHYYY,Halosiphon tomentosus,2022,number of grid cells (10x10km),decision rules,1,
53,Norwegian Sea,PHYYY,Halosiphon tomentosus,2023,number of grid cells (10x10km),decision rules,2,
53,Norwegian Sea,PHYYY,Halosiphon tomentosus,2024,number of grid cells (10x10km),decision rules,3,
53,Norwegian Sea,3VNQM,Littorina obtusata,2022,number of occurrences,GAM,0,0.8026603188577079
53,Norwegian Sea,3VNQM,Littorina obtusata,2023,number of occurrences,GAM,0,0.8026603188577079
53,Norwegian Sea,3VNQM,Littorina obtusata,2024,number of occurrences,GAM,0,0.8026603188577079
53,Norwegian Sea,3VNQM,Littorina obtusata,2022,number of grid cells (10x10km),GAM,0,0.8107539651900193
53,Norwegian Sea,3VNQM,Littorina obtusata,2023,number of grid cells (10x10km),GAM,0,0.8107539651900193
53,Norwegian Sea,3VNQM,Littorina obtusata,2024,number of grid cells (10x10km),GAM,0,0.8107539651900193
53,Norwegian Sea,42Z4T,Micromesistius poutassou,2022,number of occurrences,GAM,2,0.9889562001236175
53,Norwegian Sea,42Z4T,Micromesistius poutassou,2023,number of occurrences,GAM,3,0.9889562001236175
53,Norwegian Sea,42Z4T,Micromesistius poutassou,2024,number of occurrences,GAM,3,0.9889562001236175
53,Norwegian Sea,42Z4T,Micromesistius poutassou,2022,number of grid cells (10x10km),GAM,3,1.09061480427616
53,Norwegian Sea,42Z4T,Micromesistius poutassou,2023,number of grid cells (10x10km),GAM,3,1.09061480427616
53,Norwegian Sea,42Z4T,Micromesistius poutassou,2024,number of grid cells (10x10km),GAM,3,1.09061480427616
53,Norwegian Sea,44RHY,Mya arenaria,2022,number of occurrences,GAM,3,1.0750204186974117
53,Norwegian Sea,44RHY,Mya arenaria,2023,number of occurrences,GAM,3,1.0750204186974117
53,Norwegian Sea,44RHY,Mya arenaria,2024,number of occurrences,GAM,3,1.0750204186974117
53,Norwegian Sea,44RHY,Mya arenaria,2022,number of grid cells (10x10km),GAM,3,1.013573786079502
53,Norwegian Sea,44RHY,Mya arenaria,2023,number of grid cells (10x10km),GAM,1,1.013573786079502
53,Norwegian Sea,44RHY,Mya arenaria,2024,number of grid cells (10x10km),GAM,1,1.013573786079502
53,Norwegian Sea,472YS,Nephtys ciliata,2022,number of occurrences,GAM,0,0.6982168692676262
53,Norwegian Sea,472YS,Nephtys ciliata,2023,number of occurrences,GAM,0,0.6982168692676262
53,Norwegian Sea,472YS,Nephtys ciliata,2024,number of occurrences,GAM,0,0.6982168692676262
53,Norwegian Sea,472YS,Nephtys ciliata,2022,number of grid cells (10x10km),GAM,0,0.9518899982536205
53,Norwegian Sea,472YS,Nephtys ciliata,2023,number of grid cells (10x10km),GAM,0,0.9518899982536205
53,Norwegian Sea,472YS,Nephtys ciliata,2024,number of grid cells (10x10km),GAM,0,0.9518899982536205
53,Norwegian Sea,9GQWD,Palaemon elegans,2022,number of occurrences,GAM,1,0.9190404425414208
53,Norwegian Sea,9GQWD,Palaemon elegans,2023,number of occurrences,GAM,1,0.9190404425414208
53,Norwegian Sea,9GQWD,Palaemon elegans,2024,number of occurrences,GAM,1,0.9190404425414208
53,Norwegian Sea,9GQWD,Palaemon elegans,2022,number of grid cells (10x10km),GAM,1,0.8949602697957187
53,Norwegian Sea,9GQWD,Palaemon elegans,2023,number of grid cells (10x10km),GAM,1,0.8949602697957187
53,Norwegian Sea,9GQWD,Palaemon elegans,2024,number of grid cells (10x10km),GAM,1,0.8949602697957187
53,Norwegian Sea,RZPNM,Porphyra umbilicalis,2022,number of occurrences,GAM,1,0.9356711844488979
53,Norwegian Sea,RZPNM,Porphyra umbilicalis,2023,number of occurrences,GAM,1,0.9356711844488979
53,Norwegian Sea,RZPNM,Porphyra umbilicalis,2024,number of occurrences,GAM,1,0.9356711844488979
53,Norwegian Sea,RZPNM,Porphyra umbilicalis,2022,number of grid cells (10x10km),GAM,1,0.960413674555613
53,Norwegian Sea,RZPNM,Porphyra umbilicalis,2023,number of grid cells (10x10km),GAM,1,0.960413674555613
53,Norwegian Sea,RZPNM,Porphyra umbilicalis,2024,number of grid cells (10x10km),GAM,1,0.960413674555613
53,Norwegian Sea,RVKDP,Pronoctiluca pelagica,2022,number of occurrences,decision rules,1,
53,Norwegian Sea,RVKDP,Pronoctiluca pelagica,2023,number of occurrences,decision rules,2,
53,Norwegian Sea,RVKDP,Pronoctiluca pelagica,2024,number of occurrences,decision rules,1,
53,Norwegian Sea,RVKDP,Pronoctiluca pelagica,2022,number of grid cells (10x10km),decision rules,1,
53,Norwegian Sea,RVKDP,Pronoctiluca pelagica,2023,number of grid cells (10x10km),decision rules,3,
53,Norwegian Sea,RVKDP,Pronoctiluca pelagica,2024,number of grid cells (10x10km),decision rules,1,
53,Norwegian Sea,6WGQH,Pseudopotamilla reniformis,2022,number of occurrences,GAM,1,0.8201227834574498
53,Norwegian Sea,6WGQH,Pseudopotamilla reniformis,2023,number of occurrences,GAM,1,0.8201227834574498
53,Norwegian Sea,6WGQH,Pseudopotamilla reniformis,2024,number of occurrences,GAM,1,0.8201227834574498
53,Norwegian Sea,6WGQH,Pseudopotamilla reniformis,2022,number of grid cells (10x10km),GAM,1,1.0089294333318175
53,Norwegian Sea,6WGQH,Pseudopotamilla reniformis,2023,number of grid cells (10x10km),GAM,1,1.0089294333318175
53,Norwegian Sea,6WGQH,Pseudopotamilla reniformis,2024,number of grid cells (10x10km),GAM,1,1.0089294333318175
53,Norwegian Sea,79WZK,Schizoporella japonica,2022,number of occurrences,decision rules,2,
53,Norwegian Sea,79WZK,Schizoporella japonica,2023,number of occurrences,decision rules,1,
53,Norwegian Sea,79WZK,Schizoporella japonica,2024,number of occurrences,decision rules,2,
53,Norwegian Sea,79WZK,Schizoporella japonica,2022,number of grid cells (10x10km),decision rules,2,
53,Norwegian Sea,79WZK,Schizoporella japonica,2023,number of grid cells (10x10km),decision rules,1,
53,Norwegian Sea,79WZK,Schizoporella japonica,2024,number of grid cells (10x10km),decision rules,2,
53,Norwegian Sea,4VRP9,Scolelepis korsuni,2022,number of occurrences,GAM,1,0.9584513029935077
53,Norwegian Sea,4VRP9,Scolelepis korsuni,2023,number of occurrences,GAM,1,0.9584513029935077
53,Norwegian Sea,4VRP9,Scolelepis korsuni,2024,number of occurrences,GAM,1,0.9584513029935077
53,Norwegian Sea,4VRP9,Scolelepis korsuni,2022,number of grid cells (10x10km),GAM,1,0.9460057275364409
53,Norwegian Sea,4VRP9,Scolelepis korsuni,2023,number of grid cells (10x10km),GAM,1,0.9460057275364409
53,Norwegian Sea,4VRP9,Scolelepis korsuni,2024,number of grid cells (10x10km),GAM,1,0.9460057275364409
53,Norwegian Sea,4VZML,Scruparia ambigua,2022,number of occurrences,decision rules,1,
53,Norwegian Sea,4VZML,Scruparia ambigua,2023,number of occurrences,decision rules,1,
53,Norwegian Sea,4VZML,Scruparia ambigua,2024,number of occurrences,decision rules,2,
53,Norwegian Sea,4VZML,Scruparia ambigua,2022,number of grid cells (10x10km),decision rules,1,
53,Norwegian Sea,4VZML,Scruparia ambigua,2023,number of grid cells (10x10km),decision rules,1,
53,Norwegian Sea,4VZML,Scruparia ambigua,2024,number of grid cells (10x10km),decision rules,1,
53,Norwegian Sea,53ML9,Syllidia armata,2022,number of occurrences,GAM,1,0.7901883006425693
53,Norwegian Sea,53ML9,Syllidia armata,2023,number of occurrences,GAM,1,0.7901883006425693
53,Norwegian Sea,53ML9,Syllidia armata,2024,number of occurrences,GAM,1,0.7901883006425693
53,Norwegian Sea,53ML9,Syllidia armata,2022,number of grid cells (10x10km),GAM,0,0.6819669465203594
53,Norwegian Sea,53ML9,Syllidia armata,2023,number of grid cells (10x10km),GAM,0,0.6819669465203594
53,Norwegian Sea,53ML9,Syllidia armata,2024,number of grid cells (10x10km),GAM,0,0.6819669465203594
53,Norwegian Sea,T8WJW,Thalassiosira nordenskioeldii,2022,number of occurrences,GAM,0,0.7018576820304394
53,Norwegian Sea,T8WJW,Thalassiosira nordenskioeldii,2023,number of occurrences,GAM,0,0.7018576820304394
53,Norwegian Sea,T8WJW,Thalassiosira nordenskioeldii,2024,number of occurrences,GAM,0,0.7018576820304394
53,Norwegian Sea,T8WJW,Thalassiosira nordenskioeldii,2022,number of grid cells (10x10km),GAM,0,0.8903280070696955
53,Norwegian Sea,T8WJW,Thalassiosira nordenskioeldii,2023,number of grid cells (10x10km),GAM,0,0.8903280070696955
53,Norwegian Sea,T8WJW,Thalassiosira nordenskioeldii,2024,number of grid cells (10x10km),GAM,0,0.8903280070696955
53,Norwegian Sea,564M4,Tharyx killariensis,2022,number of occurrences,GAM,3,1.330043683013562
53,Norwegian Sea,564M4,Tharyx killariensis,2023,number of occurrences,GAM,3,1.330043683013562
53,Norwegian Sea,564M4,Tharyx killariensis,2024,number of occurrences,GAM,3,1.330043683013562
53,Norwegian Sea,564M4,Tharyx killariensis,2022,number of grid cells (10x10km),GAM,3,1.1600017649258134
53,Norwegian Sea,564M4,Tharyx killariensis,2023,number of grid cells (10x10km),GAM,3,1.1600017649258134
53,Norwegian Sea,564M4,Tharyx killariensis,2024,number of grid cells (10x10km),GAM,3,1.1600017649258134
53,Norwegian Sea,7CXK2,Tubificoides benedii,2022,number of occurrences,GAM,2,1.0141905247820555
53,Norwegian Sea,7CXK2,Tubificoides benedii,2023,number of occurrences,GAM,0,1.0141905247820555
53,Norwegian Sea,7CXK2,Tubificoides benedii,2024,number of occurrences,GAM,0,1.0141905247820555
53,Norwegian Sea,7CXK2,Tubificoides benedii,2022,number of grid cells (10x10km),GAM,0,0.993421907409391
53,Norwegian Sea,7CXK2,Tubificoides benedii,2023,number of grid cells (10x10km),GAM,0,0.993421907409391
53,Norwegian Sea,7CXK2,Tubificoides benedii,2024,number of grid cells (10x10km),GAM,0,0.993421907409391
53,Norwegian Sea,59K2N,Tubularia indivisa,2022,number of occurrences,GAM,1,0.90396870748157
53,Norwegian Sea,59K2N,Tubularia indivisa,2023,number of occurrences,GAM,1,0.90396870748157
53,Norwegian Sea,59K2N,Tubularia indivisa,2024,number of occurrences,GAM,1,0.90396870748157
53,Norwegian Sea,59K2N,Tubularia indivisa,2022,number of grid cells (10x10km),GAM,1,0.8648933224320434
53,Norwegian Sea,59K2N,Tubularia indivisa,2023,number of grid cells (10x10km),GAM,1,0.8648933224320434
53,Norwegian Sea,59K2N,Tubularia indivisa,2024,number of grid cells (10x10km),GAM,1,0.8648933224320434
53,Norwegian Sea,TPF2X,Vertebrata fucoides,2022,number of occurrences,GAM,1,0.8768590418719212
53,Norwegian Sea,TPF2X,Vertebrata fucoides,2023,number of occurrences,GAM,1,0.8768590418719212
53,Norwegian Sea,TPF2X,Vertebrata fucoides,2024,number of occurrences,GAM,1,0.8768590418719212
53,Norwegian Sea,TPF2X,Vertebrata fucoides,2022,number of grid cells (10x10km),GAM,3,1.0399093436003743
53,Norwegian Sea,TPF2X,Vertebrata fucoides,2023,number of grid cells (10x10km),GAM,3,1.0399093436003743
53,Norwegian Sea,TPF2X,Vertebrata fucoides,2024,number of grid cells (10x10km),GAM,3,1.0399093436003743
53,Norwegian Sea,L9NRY,Alexandrium minutum,2022,number of occurrences,decision rules,1,
53,Norwegian Sea,L9NRY,Alexandrium minutum,2023,number of occurrences,decision rules,1,
53,Norwegian Sea,L9NRY,Alexandrium minutum,2024,number of occurrences,decision rules,2,
53,Norwegian Sea,L9NRY,Alexandrium minutum,2022,number of grid cells (10x10km),decision rules,1,
53,Norwegian Sea,L9NRY,Alexandrium minutum,2023,number of grid cells (10x10km),decision rules,1,
53,Norwegian Sea,L9NRY,Alexandrium minutum,2024,number of grid cells (10x10km),decision rules,2,
53,Norwegian Sea,NFCHP,Ectocarpus siliculosus,2022,number of occurrences,decision rules,1,
53,Norwegian Sea,NFCHP,Ectocarpus siliculosus,2023,number of occurrences,decision rules,1,
53,Norwegian Sea,NFCHP,Ectocarpus siliculosus,2024,number of occurrences,decision rules,1,
53,Norwegian Sea,NFCHP,Ectocarpus siliculosus,2022,number of grid cells (10x10km),decision rules,1,
53,Norwegian Sea,NFCHP,Ectocarpus siliculosus,2023,number of grid cells (10x10km),decision rules,1,
53,Norwegian Sea,NFCHP,Ectocarpus siliculosus,2024,number of grid cells (10x10km),decision rules,1,
53,Norwegian Sea,Q9BCD,Karenia mikimotoi,2022,number of occurrences,GAM,0,0.6128814794829344
53,Norwegian Sea,Q9BCD,Karenia mikimotoi,2023,number of occurrences,GAM,0,0.6128814794829344
53,Norwegian Sea,Q9BCD,Karenia mikimotoi,2024,number of occurrences,GAM,0,0.6128814794829344
53,Norwegian Sea,Q9BCD,Karenia mikimotoi,2022,number of grid cells (10x10km),decision rules,1,
53,Norwegian Sea,Q9BCD,Karenia mikimotoi,2023,number of grid cells (10x10km),decision rules,2,
53,Norwegian Sea,Q9BCD,Karenia mikimotoi,2024,number of grid cells (10x10km),decision rules,1,
53,Norwegian Sea,Q9CYR,Karlodinium veneficum,2022,number of occurrences,decision rules,1,
53,Norwegian Sea,Q9CYR,Karlodinium veneficum,2023,number of occurrences,decision rules,1,
53,Norwegian Sea,Q9CYR,Karlodinium veneficum,2024,number of occurrences,decision rules,1,
53,Norwegian Sea,Q9CYR,Karlodinium veneficum,2022,number of grid cells (10x10km),GAM,2,0.6032529663461504
53,Norwegian Sea,Q9CYR,Karlodinium veneficum,2023,number of grid cells (10x10km),GAM,3,0.6032529663461504
53,Norwegian Sea,Q9CYR,Karlodinium veneficum,2024,number of grid cells (10x10km),GAM,3,0.6032529663461504
53,Norwegian Sea,VJY5B,Lessardia elongata,2022,number of occurrences,decision rules,1,
53,Norwegian Sea,VJY5B,Lessardia elongata,2023,number of occurrences,decision rules,2,
53,Norwegian Sea,VJY5B,Lessardia elongata,2024,number of occurrences,decision rules,1,
53,Norwegian Sea,VJY5B,Lessardia elongata,2022,number of grid cells (10x10km),decision rules,1,
53,Norwegian Sea,VJY5B,Lessardia elongata,2023,number of grid cells (10x10km),decision rules,3,
53,Norwegian Sea,VJY5B,Lessardia elongata,2024,number of grid cells (10x10km),decision rules,1,
53,Norwegian Sea,RWNKZ,Prorocentrum cordatum,2022,number of occurrences,decision rules,2,
53,Norwegian Sea,RWNKZ,Prorocentrum cordatum,2023,number of occurrences,decision rules,1,
53,Norwegian Sea,RWNKZ,Prorocentrum cordatum,2024,number of occurrences,decision rules,2,
53,Norwegian Sea,RWNKZ,Prorocentrum cordatum,2022,number of grid cells (10x10km),decision rules,2,
53,Norwegian Sea,RWNKZ,Prorocentrum cordatum,2023,number of grid cells (10x10km),decision rules,1,
53,Norwegian Sea,RWNKZ,Prorocentrum cordatum,2024,number of grid cells (10x10km),decision rules,2,
53,Norwegian Sea,SHPCB,Rhizosolenia setigera,2022,number of occurrences,GAM,3,1.0502811275346136
53,Norwegian Sea,SHPCB,Rhizosolenia setigera,2023,number of occurrences,GAM,3,1.0502811275346136
53,Norwegian Sea,SHPCB,Rhizosolenia setigera,2024,number of occurrences,GAM,3,1.0502811275346136
53,Norwegian Sea,SHPCB,Rhizosolenia setigera,2022,number of grid cells (10x10km),GAM,3,1.0520586457998022
53,Norwegian Sea,SHPCB,Rhizosolenia setigera,2023,number of grid cells (10x10km),GAM,3,1.0520586457998022
53,Norwegian Sea,SHPCB,Rhizosolenia setigera,2024,number of grid cells (10x10km),GAM,3,1.0520586457998022
53,Norwegian Sea,52F56,Sternaspis scutata,2022,number of occurrences,decision rules,2,
53,Norwegian Sea,52F56,Sternaspis scutata,2023,number of occurrences,decision rules,3,
53,Norwegian Sea,52F56,Sternaspis scutata,2024,number of occurrences,decision rules,2,
53,Norwegian Sea,52F56,Sternaspis scutata,2022,number of grid cells (10x10km),decision rules,2,
53,Norwegian Sea,52F56,Sternaspis scutata,2023,number of grid cells (10x10km),decision rules,3,
53,Norwegian Sea,52F56,Sternaspis scutata,2024,number of grid cells (10x10km),decision rules,3,
53,Norwegian Sea,3JBV8,Halichoerus grypus,2022,number of occurrences,GAM,3,1.022286168716776
53,Norwegian Sea,3JBV8,Halichoerus grypus,2023,number of occurrences,GAM,3,1.022286168716776
53,Norwegian Sea,3JBV8,Halichoerus grypus,2024,number of occurrences,GAM,3,1.022286168716776
53,Norwegian Sea,3JBV8,Halichoerus grypus,2022,number of grid cells (10x10km),GAM,1,0.9920463464039171
53,Norwegian Sea,3JBV8,Halichoerus grypus,2023,number of grid cells (10x10km),GAM,1,0.9920463464039171
53,Norwegian Sea,3JBV8,Halichoerus grypus,2024,number of grid cells (10x10km),GAM,1,0.9920463464039171
3,North Sea,9C4T,Acipenser baerii,2022,number of occurrences,decision rules,1,
3,North Sea,9C4T,Acipenser baerii,2023,number of occurrences,decision rules,1,
3,North Sea,9C4T,Acipenser baerii,2024,number of occurrences,decision rules,2,
3,North Sea,9C4T,Acipenser baerii,2022,number of grid cells (10x10km),decision rules,1,
3,North Sea,9C4T,Acipenser baerii,2023,number of grid cells (10x10km),decision rules,1,
3,North Sea,9C4T,Acipenser baerii,2024,number of grid cells (10x10km),decision rules,2,
3,North Sea,65BGC,Aetea truncata,2022,number of occurrences,GAM,1,0.8942563009779783
3,North Sea,65BGC,Aetea truncata,2023,number of occurrences,GAM,1,0.8942563009779783
3,North Sea,65BGC,Aetea truncata,2024,number of occurrences,GAM,1,0.8942563009779783
3,North Sea,65BGC,Aetea truncata,2022,number of grid cells (10x10km),GAM,1,0.9279967222424895
3,North Sea,65BGC,Aetea truncata,2023,number of grid cells (10x10km),GAM,1,0.9279967222424895
3,North Sea,65BGC,Aetea truncata,2024,number of grid cells (10x10km),GAM,1,0.9279967222424895
3,North Sea,L97ZS,Agardhiella subulata,2022,number of occurrences,GAM,3,1.1579177806056646
3,North Sea,L97ZS,Agardhiella subulata,2023,number of occurrences,GAM,3,1.1579177806056646
3,North Sea,L97ZS,Agardhiella subulata,2024,number of occurrences,GAM,3,1.1579177806056646
3,North Sea,L97ZS,Agardhiella subulata,2022,number of grid cells (10x10km),GAM,3,1.1074079737834484
3,North Sea,L97ZS,Agardhiella subulata,2023,number of grid cells (10x10km),GAM,3,1.1074079737834484
3,North Sea,L97ZS,Agardhiella subulata,2024,number of grid cells (10x10km),GAM,3,1.1074079737834484
3,North Sea,B29V,Agonus cataphractus,2022,number of occurrences,GAM,1,0.9474503848720355
3,North Sea,B29V,Agonus cataphractus,2023,number of occurrences,GAM,1,0.9474503848720355
3,North Sea,B29V,Agonus cataphractus,2024,number of occurrences,GAM,1,0.9474503848720355
3,North Sea,B29V,Agonus cataphractus,2022,number of grid cells (10x10km),GAM,1,0.9485494437102854
3,North Sea,B29V,Agonus cataphractus,2023,number of grid cells (10x10km),GAM,1,0.9485494437102854
3,North Sea,B29V,Agonus cataphractus,2024,number of grid cells (10x10km),GAM,1,0.9485494437102854
3,North Sea,L9NW8,Alexandrium tamarense,2022,number of occurrences,decision rules,2,
3,North Sea,L9NW8,Alexandrium tamarense,2023,number of occurrences,decision rules,2,
3,North Sea,L9NW8,Alexandrium tamarense,2024,number of occurrences,decision rules,2,
3,North Sea,L9NW8,Alexandrium tamarense,2022,number of grid cells (10x10km),GAM,3,1.0403476512949623
3,North Sea,L9NW8,Alexandrium tamarense,2023,number of grid cells (10x10km),GAM,3,1.0403476512949623
3,North Sea,L9NW8,Alexandrium tamarense,2024,number of grid cells (10x10km),GAM,3,1.0403476512949623
3,North Sea,BSN6,Alitta succinea,2022,number of occurrences,GAM,1,0.9140775120221626
3,North Sea,BSN6,Alitta succinea,2023,number of occurrences,GAM,1,0.9140775120221626
3,North Sea,BSN6,Alitta succinea,2024,number of occurrences,GAM,1,0.9140775120221626
3,North Sea,BSN6,Alitta succinea,2022,number of grid cells (10x10km),GAM,1,0.9646444508066966
3,North Sea,BSN6,Alitta succinea,2023,number of grid cells (10x10km),GAM,1,0.9646444508066966
3,North Sea,BSN6,Alitta succinea,2024,number of grid cells (10x10km),GAM,1,0.9646444508066966
3,North Sea,66DTZ,Ammothea hilgendorfi,2022,number of occurrences,GAM,3,1.1891864104900782
3,North Sea,66DTZ,Ammothea hilgendorfi,2023,number of occurrences,GAM,3,1.1891864104900782
3,North Sea,66DTZ,Ammothea hilgendorfi,2024,number of occurrences,GAM,3,1.1891864104900782
3,North Sea,66DTZ,Ammothea hilgendorfi,2022,number of grid cells (10x10km),GAM,0,0.9570446627027532
3,North Sea,66DTZ,Ammothea hilgendorfi,2023,number of grid cells (10x10km),GAM,0,0.9570446627027532
3,North Sea,66DTZ,Ammothea hilgendorfi,2024,number of grid cells (10x10km),GAM,0,0.9570446627027532
3,North Sea,7Q5KP,Antiopella cristata,2022,number of occurrences,GAM,0,0.6366083605098857
3,North Sea,7Q5KP,Antiopella cristata,2023,number of occurrences,GAM,0,0.6366083605098857
3,North Sea,7Q5KP,Antiopella cristata,2024,number of occurrences,GAM,0,0.6366083605098857
3,North Sea,7Q5KP,Antiopella cristata,2022,number of grid cells (10x10km),GAM,0,0.7616228591507187
3,North Sea,7Q5KP,Antiopella cristata,2023,number of grid cells (10x10km),GAM,0,0.7616228591507187
3,North Sea,7Q5KP,Antiopella cristata,2024,number of grid cells (10x10km),GAM,0,0.7616228591507187
3,North Sea,LBG2M,Apedinella radians,2022,number of occurrences,GAM,1,0.8869800862594667
3,North Sea,LBG2M,Apedinella radians,2023,number of occurrences,GAM,1,0.8869800862594667
3,North Sea,LBG2M,Apedinella radians,2024,number of occurrences,GAM,1,0.8869800862594667
3,North Sea,LBG2M,Apedinella radians,2022,number of grid cells (10x10km),GAM,0,0.87620802678012
3,North Sea,LBG2M,Apedinella radians,2023,number of grid cells (10x10km),GAM,0,0.87620802678012
3,North Sea,LBG2M,Apedinella radians,2024,number of grid cells (10x10km),GAM,0,0.87620802678012
3,North Sea,FNWY,Aplidium glabrum,2022,number of occurrences,GAM,0,0.6640557377274142
3,North Sea,FNWY,Aplidium glabrum,2023,number of occurrences,GAM,0,0.6640557377274142
3,North Sea,FNWY,Aplidium glabrum,2024,number of occurrences,GAM,0,0.6640557377274142
3,North Sea,FNWY,Aplidium glabrum,2022,number of grid cells (10x10km),GAM,0,0.7274141807165865
3,North Sea,FNWY,Aplidium glabrum,2023,number of grid cells (10x10km),GAM,0,0.7274141807165865
3,North Sea,FNWY,Aplidium glabrum,2024,number of grid cells (10x10km),GAM,0,0.7274141807165865
3,North Sea,GWSX,Artemisia princeps,2022,number of occurrences,GAM,1,0.7204837108604923
3,North Sea,GWSX,Artemisia princeps,2023,number of occurrences,GAM,1,0.7204837108604923
3,North Sea,GWSX,Artemisia princeps,2024,number of occurrences,GAM,1,0.7204837108604923
3,North Sea,GWSX,Artemisia princeps,2022,number of grid cells (10x10km),GAM,1,0.8757569279407398
3,North Sea,GWSX,Artemisia princeps,2023,number of grid cells (10x10km),GAM,1,0.8757569279407398
3,North Sea,GWSX,Artemisia princeps,2024,number of grid cells (10x10km),GAM,1,0.8757569279407398
3,North Sea,LWMWN,Asterionellopsis glacialis,2022,number of occurrences,GAM,0,0.5285145477606981
3,North Sea,LWMWN,Asterionellopsis glacialis,2023,number of occurrences,GAM,0,0.5285145477606981
3,North Sea,LWMWN,Asterionellopsis glacialis,2024,number of occurrences,GAM,0,0.5285145477606981
3,North Sea,LWMWN,Asterionellopsis glacialis,2022,number of grid cells (10x10km),GAM,0,0.640193171335199
3,North Sea,LWMWN,Asterionellopsis glacialis,2023,number of grid cells (10x10km),GAM,0,0.640193171335199
3,North Sea,LWMWN,Asterionellopsis glacialis,2024,number of grid cells (10x10km),GAM,0,0.640193171335199
3,North Sea,LSKVH,Austrominius modestus,2022,number of occurrences,GAM,1,0.9440119278764487
3,North Sea,LSKVH,Austrominius modestus,2023,number of occurrences,GAM,1,0.9440119278764487
3,North Sea,LSKVH,Austrominius modestus,2024,number of occurrences,GAM,1,0.9440119278764487
3,North Sea,LSKVH,Austrominius modestus,2022,number of grid cells (10x10km),GAM,1,0.9601773269490048
3,North Sea,LSKVH,Austrominius modestus,2023,number of grid cells (10x10km),GAM,1,0.9601773269490048
3,North Sea,LSKVH,Austrominius modestus,2024,number of grid cells (10x10km),GAM,1,0.9601773269490048
3,North Sea,M8HX,Boccardiella hamata,2022,number of occurrences,decision rules,1,
3,North Sea,M8HX,Boccardiella hamata,2023,number of occurrences,decision rules,1,
3,North Sea,M8HX,Boccardiella hamata,2024,number of occurrences,decision rules,1,
3,North Sea,M8HX,Boccardiella hamata,2022,number of grid cells (10x10km),decision rules,1,
3,North Sea,M8HX,Boccardiella hamata,2023,number of grid cells (10x10km),decision rules,1,
3,North Sea,M8HX,Boccardiella hamata,2024,number of grid cells (10x10km),decision rules,1,
3,North Sea,MPMK,Botrylloides diegensis,2022,number of occurrences,GAM,1,0.7327663685179475
3,North Sea,MPMK,Botrylloides diegensis,2023,number of occurrences,GAM,1,0.7327663685179475
3,North Sea,MPMK,Botrylloides diegensis,2024,number of occurrences,GAM,1,0.7327663685179475
3,North Sea,MPMK,Botrylloides diegensis,2022,number of grid cells (10x10km),decision rules,2,
3,North Sea,MPMK,Botrylloides diegensis,2023,number of grid cells (10x10km),decision rules,1,
3,North Sea,MPMK,Botrylloides diegensis,2024,number of grid cells (10x10km),decision rules,1,
3,North Sea,MPMV,Botrylloides leachii,2022,number of occurrences,GAM,1,0.873788460903537
3,North Sea,MPMV,Botrylloides leachii,2023,number of occurrences,GAM,1,0.873788460903537
3,North Sea,MPMV,Botrylloides leachii,2024,number of occurrences,GAM,1,0.873788460903537
3,North Sea,MPMV,Botrylloides leachii,2022,number of grid cells (10x10km),GAM,0,0.7474934802877425
3,North Sea,MPMV,Botrylloides leachii,2023,number of grid cells (10x10km),GAM,0,0.7474934802877425
3,North Sea,MPMV,Botrylloides leachii,2024,number of grid cells (10x10km),GAM,0,0.7474934802877425
3,North Sea,MR4G,Bougainvillia muscus,2022,number of occurrences,GAM,1,1.0003213439560328
3,North Sea,MR4G,Bougainvillia muscus,2023,number of occurrences,GAM,1,1.0003213439560328
3,North Sea,MR4G,Bougainvillia muscus,2024,number of occurrences,GAM,1,1.0003213439560328
3,North Sea,MR4G,Bougainvillia muscus,2022,number of grid cells (10x10km),GAM,1,0.9372237225741504
3,North Sea,MR4G,Bougainvillia muscus,2023,number of grid cells (10x10km),GAM,1,0.9372237225741504
3,North Sea,MR4G,Bougainvillia muscus,2024,number of grid cells (10x10km),GAM,1,0.9372237225741504
3,North Sea,PS2Z,Calliostoma zizyphinum,2022,number of occurrences,GAM,1,0.9292971638135934
3,North Sea,PS2Z,Calliostoma zizyphinum,2023,number of occurrences,GAM,1,0.9292971638135934
3,North Sea,PS2Z,Calliostoma zizyphinum,2024,number of occurrences,GAM,1,0.9292971638135934
3,North Sea,PS2Z,Calliostoma zizyphinum,2022,number of grid cells (10x10km),GAM,1,0.8997468722800627
3,North Sea,PS2Z,Calliostoma zizyphinum,2023,number of grid cells (10x10km),GAM,1,0.8997468722800627
3,North Sea,PS2Z,Calliostoma zizyphinum,2024,number of grid cells (10x10km),GAM,1,0.8997468722800627
3,North Sea,Q76B,Calyptraea chinensis,2022,number of occurrences,GAM,3,1.0848032949356765
3,North Sea,Q76B,Calyptraea chinensis,2023,number of occurrences,GAM,3,1.0848032949356765
3,North Sea,Q76B,Calyptraea chinensis,2024,number of occurrences,GAM,3,1.0848032949356765
3,North Sea,Q76B,Calyptraea chinensis,2022,number of grid cells (10x10km),GAM,1,0.9924099749358545
3,North Sea,Q76B,Calyptraea chinensis,2023,number of grid cells (10x10km),GAM,1,0.9924099749358545
3,North Sea,Q76B,Calyptraea chinensis,2024,number of grid cells (10x10km),GAM,1,0.9924099749358545
3,North Sea,QSCF,Caprella mutica,2022,number of occurrences,GAM,0,0.8343031090861824
3,North Sea,QSCF,Caprella mutica,2023,number of occurrences,GAM,0,0.8343031090861824
3,North Sea,QSCF,Caprella mutica,2024,number of occurrences,GAM,0,0.8343031090861824
3,North Sea,QSCF,Caprella mutica,2022,number of grid cells (10x10km),GAM,1,0.8462706747334914
3,North Sea,QSCF,Caprella mutica,2023,number of grid cells (10x10km),GAM,1,0.8462706747334914
3,North Sea,QSCF,Caprella mutica,2024,number of grid cells (10x10km),GAM,1,0.8462706747334914
3,North Sea,R48N,Carcinus maenas,2022,number of occurrences,GAM,1,1.005941520142678
3,North Sea,R48N,Carcinus maenas,2023,number of occurrences,GAM,1,1.005941520142678
3,North Sea,R48N,Carcinus maenas,2024,number of occurrences,GAM,3,1.005941520142678
3,North Sea,R48N,Carcinus maenas,2022,number of grid cells (10x10km),GAM,3,1.029288332711427
3,North Sea,R48N,Carcinus maenas,2023,number of grid cells (10x10km),GAM,3,1.029288332711427
3,North Sea,R48N,Carcinus maenas,2024,number of grid cells (10x10km),GAM,3,1.029288332711427
3,North Sea,M9Y66,Caulacanthus okamurae,2022,number of occurrences,GAM,3,1.093565951814549
3,North Sea,M9Y66,Caulacanthus okamurae,2023,number of occurrences,GAM,3,1.093565951814549
3,North Sea,M9Y66,Caulacanthus okamurae,2024,number of occurrences,GAM,3,1.093565951814549
3,North Sea,M9Y66,Caulacanthus okamurae,2022,number of grid cells (10x10km),GAM,3,1.2371751721477198
3,North Sea,M9Y66,Caulacanthus okamurae,2023,number of grid cells (10x10km),GAM,3,1.2371751721477198
3,North Sea,M9Y66,Caulacanthus okamurae,2024,number of grid cells (10x10km),GAM,3,1.2371751721477198
3,North Sea,MPMSH,Ceramium sungminbooi,2022,number of occurrences,decision rules,1,
3,North Sea,MPMSH,Ceramium sungminbooi,2023,number of occurrences,decision rules,1,
3,North Sea,MPMSH,Ceramium sungminbooi,2024,number of occurrences,decision rules,3,
3,North Sea,MPMSH,Ceramium sungminbooi,2022,number of grid cells (10x10km),decision rules,1,
3,North Sea,MPMSH,Ceramium sungminbooi,2023,number of grid cells (10x10km),decision rules,1,
3,North Sea,MPMSH,Ceramium sungminbooi,2024,number of grid cells (10x10km),decision rules,3,
3,North Sea,MPMVS,Ceramium tenuicorne,2022,number of occurrences,GAM,3,1.0624044604592413
3,North Sea,MPMVS,Ceramium tenuicorne,2023,number of occurrences,GAM,3,1.0624044604592413
3,North Sea,MPMVS,Ceramium tenuicorne,2024,number of occurrences,GAM,3,1.0624044604592413
3,North Sea,MPMVS,Ceramium tenuicorne,2022,number of grid cells (10x10km),GAM,3,1.0585117301329388
3,North Sea,MPMVS,Ceramium tenuicorne,2023,number of grid cells (10x10km),GAM,3,1.0585117301329388
3,North Sea,MPMVS,Ceramium tenuicorne,2024,number of grid cells (10x10km),GAM,3,1.0585117301329388
3,North Sea,TB5V,Chaetoceros lorenzianus,2022,number of occurrences,GAM,0,0.7779685894270887
3,North Sea,TB5V,Chaetoceros lorenzianus,2023,number of occurrences,GAM,0,0.7779685894270887
3,North Sea,TB5V,Chaetoceros lorenzianus,2024,number of occurrences,GAM,0,0.7779685894270887
3,North Sea,TB5V,Chaetoceros lorenzianus,2022,number of grid cells (10x10km),GAM,1,0.859941059701085
3,North Sea,TB5V,Chaetoceros lorenzianus,2023,number of grid cells (10x10km),GAM,1,0.859941059701085
3,North Sea,TB5V,Chaetoceros lorenzianus,2024,number of grid cells (10x10km),GAM,1,0.859941059701085
3,North Sea,5XNK6,Chaetoceros concavicornis,2022,number of occurrences,GAM,1,0.6769386424200227
3,North Sea,5XNK6,Chaetoceros concavicornis,2023,number of occurrences,GAM,1,0.6769386424200227
3,North Sea,5XNK6,Chaetoceros concavicornis,2024,number of occurrences,GAM,1,0.6769386424200227
3,North Sea,5XNK6,Chaetoceros concavicornis,2022,number of grid cells (10x10km),GAM,1,0.8407888130095738
3,North Sea,5XNK6,Chaetoceros concavicornis,2023,number of grid cells (10x10km),GAM,1,0.8407888130095738
3,North Sea,5XNK6,Chaetoceros concavicornis,2024,number of grid cells (10x10km),GAM,1,0.8407888130095738
3,North Sea,TC9N,Chaetogammarus ischnus,2022,number of occurrences,decision rules,3,
3,North Sea,TC9N,Chaetogammarus ischnus,2023,number of occurrences,decision rules,3,
3,North Sea,TC9N,Chaetogammarus ischnus,2024,number of occurrences,decision rules,1,
3,North Sea,TC9N,Chaetogammarus ischnus,2022,number of grid cells (10x10km),decision rules,1,
3,North Sea,TC9N,Chaetogammarus ischnus,2023,number of grid cells (10x10km),decision rules,1,
3,North Sea,TC9N,Chaetogammarus ischnus,2024,number of grid cells (10x10km),decision rules,1,
3,North Sea,5XQWG,Chelicorophium curvispinum,2022,number of occurrences,GAM,0,0.7127066250433826
3,North Sea,5XQWG,Chelicorophium curvispinum,2023,number of occurrences,GAM,0,0.7127066250433826
3,North Sea,5XQWG,Chelicorophium curvispinum,2024,number of occurrences,GAM,0,0.7127066250433826
3,North Sea,5XQWG,Chelicorophium curvispinum,2022,number of grid cells (10x10km),GAM,1,0.8065654005797561
3,North Sea,5XQWG,Chelicorophium curvispinum,2023,number of grid cells (10x10km),GAM,1,0.8065654005797561
3,North Sea,5XQWG,Chelicorophium curvispinum,2024,number of grid cells (10x10km),GAM,1,0.8065654005797561
3,North Sea,TVBX,Chelon labrosus,2022,number of occurrences,GAM,1,0.8550107826407981
3,North Sea,TVBX,Chelon labrosus,2023,number of occurrences,GAM,1,0.8550107826407981
3,North Sea,TVBX,Chelon labrosus,2024,number of occurrences,GAM,1,0.8550107826407981
3,North Sea,TVBX,Chelon labrosus,2022,number of grid cells (10x10km),GAM,3,1.0143750336107507
3,North Sea,TVBX,Chelon labrosus,2023,number of grid cells (10x10km),GAM,3,1.0143750336107507
3,North Sea,TVBX,Chelon labrosus,2024,number of grid cells (10x10km),GAM,3,1.0143750336107507
3,North Sea,ML9NC,Chondria coerulescens,2022,number of occurrences,decision rules,2,
3,North Sea,ML9NC,Chondria coerulescens,2023,number of occurrences,decision rules,2,
3,North Sea,ML9NC,Chondria coerulescens,2024,number of occurrences,decision rules,3,
3,North Sea,ML9NC,Chondria coerulescens,2022,number of grid cells (10x10km),GAM,3,1.1637511155109874
3,North Sea,ML9NC,Chondria coerulescens,2023,number of grid cells (10x10km),GAM,3,1.1637511155109874
3,North Sea,ML9NC,Chondria coerulescens,2024,number of grid cells (10x10km),GAM,3,1.1637511155109874
3,North Sea,MM697,Chorda filum,2022,number of occurrences,GAM,1,0.8828310535615796
3,North Sea,MM697,Chorda filum,2023,number of occurrences,GAM,1,0.8828310535615796
3,North Sea,MM697,Chorda filum,2024,number of occurrences,GAM,1,0.8828310535615796
3,North Sea,MM697,Chorda filum,2022,number of grid cells (10x10km),GAM,3,1.0549855902485568
3,North Sea,MM697,Chorda filum,2023,number of grid cells (10x10km),GAM,3,1.0549855902485568
3,North Sea,MM697,Chorda filum,2024,number of grid cells (10x10km),GAM,3,1.0549855902485568
3,North Sea,N4VRP,Codium fragile,2022,number of occurrences,GAM,3,1.1531999693944197
3,North Sea,N4VRP,Codium fragile,2023,number of occurrences,GAM,3,1.1531999693944197
3,North Sea,N4VRP,Codium fragile,2024,number of occurrences,GAM,3,1.1531999693944197
3,North Sea,N4VRP,Codium fragile,2022,number of grid cells (10x10km),GAM,3,1.1225639614388243
3,North Sea,N4VRP,Codium fragile,2023,number of grid cells (10x10km),GAM,3,1.1225639614388243
3,North Sea,N4VRP,Codium fragile,2024,number of grid cells (10x10km),GAM,3,1.1225639614388243
3,North Sea,5ZYZX,Corbicula fluminalis,2022,number of occurrences,GAM,1,0.9090669940179066
3,North Sea,5ZYZX,Corbicula fluminalis,2023,number of occurrences,GAM,1,0.9090669940179066
3,North Sea,5ZYZX,Corbicula fluminalis,2024,number of occurrences,GAM,1,0.9090669940179066
3,North Sea,5ZYZX,Corbicula fluminalis,2022,number of grid cells (10x10km),GAM,1,0.9396685140136308
3,North Sea,5ZYZX,Corbicula fluminalis,2023,number of grid cells (10x10km),GAM,1,0.9396685140136308
3,North Sea,5ZYZX,Corbicula fluminalis,2024,number of grid cells (10x10km),GAM,1,0.9396685140136308
3,North Sea,32WFN,Cyclopterus lumpus,2022,number of occurrences,GAM,1,0.9026829339655835
3,North Sea,32WFN,Cyclopterus lumpus,2023,number of occurrences,GAM,1,0.9026829339655835
3,North Sea,32WFN,Cyclopterus lumpus,2024,number of occurrences,GAM,1,0.9026829339655835
3,North Sea,32WFN,Cyclopterus lumpus,2022,number of grid cells (10x10km),GAM,0,0.9376235121628002
3,North Sea,32WFN,Cyclopterus lumpus,2023,number of grid cells (10x10km),GAM,0,0.9376235121628002
3,North Sea,32WFN,Cyclopterus lumpus,2024,number of grid cells (10x10km),GAM,0,0.9376235121628002
3,North Sea,NNFVY,Dasya baillouviana,2022,number of occurrences,GAM,0,0.6829470534200264
3,North Sea,NNFVY,Dasya baillouviana,2023,number of occurrences,GAM,0,0.6829470534200264
3,North Sea,NNFVY,Dasya baillouviana,2024,number of occurrences,GAM,0,0.6829470534200264
3,North Sea,NNFVY,Dasya baillouviana,2022,number of grid cells (10x10km),GAM,1,0.8780436961205413
3,North Sea,NNFVY,Dasya baillouviana,2023,number of grid cells (10x10km),GAM,1,0.8780436961205413
3,North Sea,NNFVY,Dasya baillouviana,2024,number of grid cells (10x10km),GAM,1,0.8780436961205413
3,North Sea,358C6,Diadumene lineata,2022,number of occurrences,GAM,3,1.1561017929894737
3,North Sea,358C6,Diadumene lineata,2023,number of occurrences,GAM,3,1.1561017929894737
3,North Sea,358C6,Diadumene lineata,2024,number of occurrences,GAM,3,1.1561017929894737
3,North Sea,358C6,Diadumene lineata,2022,number of grid cells (10x10km),GAM,3,1.167774169458158
3,North Sea,358C6,Diadumene lineata,2023,number of grid cells (10x10km),GAM,3,1.167774169458158
3,North Sea,358C6,Diadumene lineata,2024,number of grid cells (10x10km),GAM,3,1.167774169458158
3,North Sea,364SQ,Dikerogammarus villosus,2022,number of occurrences,GAM,1,0.8535467693641384
3,North Sea,364SQ,Dikerogammarus villosus,2023,number of occurrences,GAM,1,0.8535467693641384
3,North Sea,364SQ,Dikerogammarus villosus,2024,number of occurrences,GAM,1,0.8535467693641384
3,North Sea,364SQ,Dikerogammarus villosus,2022,number of grid cells (10x10km),GAM,1,0.9272208499344904
3,North Sea,364SQ,Dikerogammarus villosus,2023,number of grid cells (10x10km),GAM,1,0.9272208499344904
3,North Sea,364SQ,Dikerogammarus villosus,2024,number of grid cells (10x10km),GAM,1,0.9272208499344904
3,North Sea,NFDLC,Dinobryon faculiferum,2022,number of occurrences,GAM,1,0.8966152879334295
3,North Sea,NFDLC,Dinobryon faculiferum,2023,number of occurrences,GAM,0,0.8966152879334295
3,North Sea,NFDLC,Dinobryon faculiferum,2024,number of occurrences,GAM,0,0.8966152879334295
3,North Sea,NFDLC,Dinobryon faculiferum,2022,number of grid cells (10x10km),GAM,0,0.7899124118056904
3,North Sea,NFDLC,Dinobryon faculiferum,2023,number of grid cells (10x10km),GAM,0,0.7899124118056904
3,North Sea,NFDLC,Dinobryon faculiferum,2024,number of grid cells (10x10km),GAM,0,0.7899124118056904
3,North Sea,36PZC,Dipolydora quadrilobata,2022,number of occurrences,GAM,0,0.8665041684039113
3,North Sea,36PZC,Dipolydora quadrilobata,2023,number of occurrences,GAM,0,0.8665041684039113
3,North Sea,36PZC,Dipolydora quadrilobata,2024,number of occurrences,GAM,0,0.8665041684039113
3,North Sea,36PZC,Dipolydora quadrilobata,2022,number of grid cells (10x10km),GAM,0,0.87695808107808
3,North Sea,36PZC,Dipolydora quadrilobata,2023,number of grid cells (10x10km),GAM,0,0.87695808107808
3,North Sea,36PZC,Dipolydora quadrilobata,2024,number of grid cells (10x10km),GAM,0,0.87695808107808
3,North Sea,36PZF,Dipolydora socialis,2022,number of occurrences,GAM,0,0.5079586702506818
3,North Sea,36PZF,Dipolydora socialis,2023,number of occurrences,GAM,0,0.5079586702506818
3,North Sea,36PZF,Dipolydora socialis,2024,number of occurrences,GAM,0,0.5079586702506818
3,North Sea,36PZF,Dipolydora socialis,2022,number of grid cells (10x10km),GAM,0,0.6477484440987253
3,North Sea,36PZF,Dipolydora socialis,2023,number of grid cells (10x10km),GAM,0,0.6477484440987253
3,North Sea,36PZF,Dipolydora socialis,2024,number of grid cells (10x10km),GAM,0,0.6477484440987253
3,North Sea,6GNYR,Ericthonius didymus,2022,number of occurrences,decision rules,3,
3,North Sea,6GNYR,Ericthonius didymus,2023,number of occurrences,decision rules,3,
3,North Sea,6GNYR,Ericthonius didymus,2024,number of occurrences,decision rules,1,
3,North Sea,6GNYR,Ericthonius didymus,2022,number of grid cells (10x10km),decision rules,3,
3,North Sea,6GNYR,Ericthonius didymus,2023,number of grid cells (10x10km),decision rules,3,
3,North Sea,6GNYR,Ericthonius didymus,2024,number of grid cells (10x10km),decision rules,1,
3,North Sea,NW7G2,Ethmodiscus punctiger,2022,number of occurrences,GAM,0,0.8747325380699038
3,North Sea,NW7G2,Ethmodiscus punctiger,2023,number of occurrences,GAM,0,0.8747325380699038
3,North Sea,NW7G2,Ethmodiscus punctiger,2024,number of occurrences,GAM,0,0.8747325380699038
3,North Sea,NW7G2,Ethmodiscus punctiger,2022,number of grid cells (10x10km),GAM,0,0.872448962278686
3,North Sea,NW7G2,Ethmodiscus punctiger,2023,number of grid cells (10x10km),GAM,0,0.872448962278686
3,North Sea,NW7G2,Ethmodiscus punctiger,2024,number of grid cells (10x10km),GAM,0,0.872448962278686
3,North Sea,3BT78,Euchone incolor,2022,number of occurrences,decision rules,2,
3,North Sea,3BT78,Euchone incolor,2023,number of occurrences,decision rules,2,
3,North Sea,3BT78,Euchone incolor,2024,number of occurrences,decision rules,2,
3,North Sea,3BT78,Euchone incolor,2022,number of grid cells (10x10km),decision rules,3,
3,North Sea,3BT78,Euchone incolor,2023,number of grid cells (10x10km),decision rules,2,
3,North Sea,3BT78,Euchone incolor,2024,number of grid cells (10x10km),decision rules,2,
3,North Sea,6HVS2,Ficopomatus enigmaticus,2022,number of occurrences,GAM,1,0.9043046322562416
3,North Sea,6HVS2,Ficopomatus enigmaticus,2023,number of occurrences,GAM,1,0.9043046322562416
3,North Sea,6HVS2,Ficopomatus enigmaticus,2024,number of occurrences,GAM,1,0.9043046322562416
3,North Sea,6HVS2,Ficopomatus enigmaticus,2022,number of grid cells (10x10km),GAM,3,1.0395028432300097
3,North Sea,6HVS2,Ficopomatus enigmaticus,2023,number of grid cells (10x10km),GAM,3,1.0395028432300097
3,North Sea,6HVS2,Ficopomatus enigmaticus,2024,number of grid cells (10x10km),GAM,3,1.0395028432300097
3,North Sea,PGHVY,Fucus distichus,2022,number of occurrences,GAM,3,1.0901774372257544
3,North Sea,PGHVY,Fucus distichus,2023,number of occurrences,GAM,3,1.0901774372257544
3,North Sea,PGHVY,Fucus distichus,2024,number of occurrences,GAM,3,1.0901774372257544
3,North Sea,PGHVY,Fucus distichus,2022,number of grid cells (10x10km),GAM,3,1.0969764835474798
3,North Sea,PGHVY,Fucus distichus,2023,number of grid cells (10x10km),GAM,3,1.0969764835474798
3,North Sea,PGHVY,Fucus distichus,2024,number of grid cells (10x10km),GAM,3,1.0969764835474798
3,North Sea,PGMCT,Fucus serratus,2022,number of occurrences,GAM,1,0.8876645593085718
3,North Sea,PGMCT,Fucus serratus,2023,number of occurrences,GAM,1,0.8876645593085718
3,North Sea,PGMCT,Fucus serratus,2024,number of occurrences,GAM,1,0.8876645593085718
3,North Sea,PGMCT,Fucus serratus,2022,number of grid cells (10x10km),GAM,3,1.039014220911709
3,North Sea,PGMCT,Fucus serratus,2023,number of grid cells (10x10km),GAM,3,1.039014220911709
3,North Sea,PGMCT,Fucus serratus,2024,number of grid cells (10x10km),GAM,3,1.039014220911709
3,North Sea,P6PPT,Gelidium vagum,2022,number of occurrences,GAM,3,1.5651224835030206
3,North Sea,P6PPT,Gelidium vagum,2023,number of occurrences,GAM,1,1.5651224835030206
3,North Sea,P6PPT,Gelidium vagum,2024,number of occurrences,GAM,1,1.5651224835030206
3,North Sea,P6PPT,Gelidium vagum,2022,number of grid cells (10x10km),GAM,3,1.3177830096556817
3,North Sea,P6PPT,Gelidium vagum,2023,number of grid cells (10x10km),GAM,1,1.3177830096556817
3,North Sea,P6PPT,Gelidium vagum,2024,number of grid cells (10x10km),GAM,1,1.3177830096556817
3,North Sea,3H7P6,Grandidierella japonica,2022,number of occurrences,GAM,0,0.6577521712520772
3,North Sea,3H7P6,Grandidierella japonica,2023,number of occurrences,GAM,0,0.6577521712520772
3,North Sea,3H7P6,Grandidierella japonica,2024,number of occurrences,GAM,0,0.6577521712520772
3,North Sea,3H7P6,Grandidierella japonica,2022,number of grid cells (10x10km),GAM,0,0.6650449006229816
3,North Sea,3H7P6,Grandidierella japonica,2023,number of grid cells (10x10km),GAM,0,0.6650449006229816
3,North Sea,3H7P6,Grandidierella japonica,2024,number of grid cells (10x10km),GAM,0,0.6650449006229816
3,North Sea,PHYYY,Halosiphon tomentosus,2022,number of occurrences,GAM,1,0.9383782515844769
3,North Sea,PHYYY,Halosiphon tomentosus,2023,number of occurrences,GAM,1,0.9383782515844769
3,North Sea,PHYYY,Halosiphon tomentosus,2024,number of occurrences,GAM,1,0.9383782515844769
3,North Sea,PHYYY,Halosiphon tomentosus,2022,number of grid cells (10x10km),GAM,1,0.9478929029412865
3,North Sea,PHYYY,Halosiphon tomentosus,2023,number of grid cells (10x10km),GAM,1,0.9478929029412865
3,North Sea,PHYYY,Halosiphon tomentosus,2024,number of grid cells (10x10km),GAM,1,0.9478929029412865
3,North Sea,7RH6D,Haminella solitaria,2022,number of occurrences,GAM,2,3.9861553810131145
3,North Sea,7RH6D,Haminella solitaria,2023,number of occurrences,GAM,0,3.9861553810131145
3,North Sea,7RH6D,Haminella solitaria,2024,number of occurrences,GAM,0,3.9861553810131145
3,North Sea,7RH6D,Haminella solitaria,2022,number of grid cells (10x10km),decision rules,3,
3,North Sea,7RH6D,Haminella solitaria,2023,number of grid cells (10x10km),decision rules,3,
3,North Sea,7RH6D,Haminella solitaria,2024,number of grid cells (10x10km),decision rules,1,
3,North Sea,3K4QF,Heleobia charruana,2022,number of occurrences,GAM,2,1.0376809482213065
3,North Sea,3K4QF,Heleobia charruana,2023,number of occurrences,GAM,0,1.0376809482213065
3,North Sea,3K4QF,Heleobia charruana,2024,number of occurrences,GAM,0,1.0376809482213065
3,North Sea,3K4QF,Heleobia charruana,2022,number of grid cells (10x10km),GAM,1,0.8596765710541171
3,North Sea,3K4QF,Heleobia charruana,2023,number of grid cells (10x10km),GAM,1,0.8596765710541171
3,North Sea,3K4QF,Heleobia charruana,2024,number of grid cells (10x10km),GAM,1,0.8596765710541171
3,North Sea,L26KD,Hemigrapsus sanguineus,2022,number of occurrences,GAM,3,1.266762783354821
3,North Sea,L26KD,Hemigrapsus sanguineus,2023,number of occurrences,GAM,3,1.266762783354821
3,North Sea,L26KD,Hemigrapsus sanguineus,2024,number of occurrences,GAM,3,1.266762783354821
3,North Sea,L26KD,Hemigrapsus sanguineus,2022,number of grid cells (10x10km),GAM,3,1.1589047516524678
3,North Sea,L26KD,Hemigrapsus sanguineus,2023,number of grid cells (10x10km),GAM,3,1.1589047516524678
3,North Sea,L26KD,Hemigrapsus sanguineus,2024,number of grid cells (10x10km),GAM,3,1.1589047516524678
3,North Sea,3KP8C,Hemigrapsus takanoi,2022,number of occurrences,GAM,3,1.142040370522129
3,North Sea,3KP8C,Hemigrapsus takanoi,2023,number of occurrences,GAM,3,1.142040370522129
3,North Sea,3KP8C,Hemigrapsus takanoi,2024,number of occurrences,GAM,3,1.142040370522129
3,North Sea,3KP8C,Hemigrapsus takanoi,2022,number of grid cells (10x10km),GAM,2,1.1437416000404061
3,North Sea,3KP8C,Hemigrapsus takanoi,2023,number of grid cells (10x10km),GAM,2,1.1437416000404061
3,North Sea,3KP8C,Hemigrapsus takanoi,2024,number of grid cells (10x10km),GAM,2,1.1437416000404061
3,North Sea,3KQ9P,Hemimysis anomala,2022,number of occurrences,decision rules,1,
3,North Sea,3KQ9P,Hemimysis anomala,2023,number of occurrences,decision rules,1,
3,North Sea,3KQ9P,Hemimysis anomala,2024,number of occurrences,decision rules,2,
3,North Sea,3KQ9P,Hemimysis anomala,2022,number of grid cells (10x10km),decision rules,1,
3,North Sea,3KQ9P,Hemimysis anomala,2023,number of grid cells (10x10km),decision rules,1,
3,North Sea,3KQ9P,Hemimysis anomala,2024,number of grid cells (10x10km),decision rules,2,
3,North Sea,PTTWN,Hobaniella longicruris,2022,number of occurrences,GAM,0,0.5887584976324141
3,North Sea,PTTWN,Hobaniella longicruris,2023,number of occurrences,GAM,0,0.5887584976324141
3,North Sea,PTTWN,Hobaniella longicruris,2024,number of occurrences,GAM,0,0.5887584976324141
3,North Sea,PTTWN,Hobaniella longicruris,2022,number of grid cells (10x10km),GAM,0,0.6460486120130181
3,North Sea,PTTWN,Hobaniella longicruris,2023,number of grid cells (10x10km),GAM,0,0.6460486120130181
3,North Sea,PTTWN,Hobaniella longicruris,2024,number of grid cells (10x10km),GAM,0,0.6460486120130181
3,North Sea,3NHYZ,Hymeniacidon perlevis,2022,number of occurrences,GAM,1,0.9906419367306822
3,North Sea,3NHYZ,Hymeniacidon perlevis,2023,number of occurrences,GAM,1,0.9906419367306822
3,North Sea,3NHYZ,Hymeniacidon perlevis,2024,number of occurrences,GAM,1,0.9906419367306822
3,North Sea,3NHYZ,Hymeniacidon perlevis,2022,number of grid cells (10x10km),GAM,1,0.9854616095489064
3,North Sea,3NHYZ,Hymeniacidon perlevis,2023,number of grid cells (10x10km),GAM,1,0.9854616095489064
3,North Sea,3NHYZ,Hymeniacidon perlevis,2024,number of grid cells (10x10km),GAM,1,0.9854616095489064
3,North Sea,6MSH5,Ianiropsis serricaudis,2022,number of occurrences,decision rules,2,
3,North Sea,6MSH5,Ianiropsis serricaudis,2023,number of occurrences,decision rules,1,
3,North Sea,6MSH5,Ianiropsis serricaudis,2024,number of occurrences,decision rules,1,
3,North Sea,6MSH5,Ianiropsis serricaudis,2022,number of grid cells (10x10km),decision rules,1,
3,North Sea,6MSH5,Ianiropsis serricaudis,2023,number of grid cells (10x10km),decision rules,2,
3,North Sea,6MSH5,Ianiropsis serricaudis,2024,number of grid cells (10x10km),decision rules,1,
3,North Sea,Q2LNR,Lennoxia faveolata,2022,number of occurrences,GAM,1,0.7698013051223697
3,North Sea,Q2LNR,Lennoxia faveolata,2023,number of occurrences,GAM,1,0.7698013051223697
3,North Sea,Q2LNR,Lennoxia faveolata,2024,number of occurrences,GAM,1,0.7698013051223697
3,North Sea,Q2LNR,Lennoxia faveolata,2022,number of grid cells (10x10km),GAM,0,0.7520509850150148
3,North Sea,Q2LNR,Lennoxia faveolata,2023,number of grid cells (10x10km),GAM,0,0.7520509850150148
3,North Sea,Q2LNR,Lennoxia faveolata,2024,number of grid cells (10x10km),GAM,0,0.7520509850150148
3,North Sea,3VNQM,Littorina obtusata,2022,number of occurrences,GAM,3,1.0313500676863596
3,North Sea,3VNQM,Littorina obtusata,2023,number of occurrences,GAM,3,1.0313500676863596
3,North Sea,3VNQM,Littorina obtusata,2024,number of occurrences,GAM,3,1.0313500676863596
3,North Sea,3VNQM,Littorina obtusata,2022,number of grid cells (10x10km),GAM,3,1.0408262902180798
3,North Sea,3VNQM,Littorina obtusata,2023,number of grid cells (10x10km),GAM,3,1.0408262902180798
3,North Sea,3VNQM,Littorina obtusata,2024,number of grid cells (10x10km),GAM,3,1.0408262902180798
3,North Sea,6R5XM,Marenzelleria neglecta,2022,number of occurrences,GAM,1,0.7769188998344914
3,North Sea,6R5XM,Marenzelleria neglecta,2023,number of occurrences,GAM,1,0.7769188998344914
3,North Sea,6R5XM,Marenzelleria neglecta,2024,number of occurrences,GAM,1,0.7769188998344914
3,North Sea,6R5XM,Marenzelleria neglecta,2022,number of grid cells (10x10km),GAM,1,0.880307401473596
3,North Sea,6R5XM,Marenzelleria neglecta,2023,number of grid cells (10x10km),GAM,1,0.880307401473596
3,North Sea,6R5XM,Marenzelleria neglecta,2024,number of grid cells (10x10km),GAM,1,0.880307401473596
3,North Sea,3Y8B5,Marphysa sanguinea,2022,number of occurrences,GAM,0,0.5856505121063655
3,North Sea,3Y8B5,Marphysa sanguinea,2023,number of occurrences,GAM,0,0.5856505121063655
3,North Sea,3Y8B5,Marphysa sanguinea,2024,number of occurrences,GAM,0,0.5856505121063655
3,North Sea,3Y8B5,Marphysa sanguinea,2022,number of grid cells (10x10km),GAM,0,0.6161490221855346
3,North Sea,3Y8B5,Marphysa sanguinea,2023,number of grid cells (10x10km),GAM,0,0.6161490221855346
3,North Sea,3Y8B5,Marphysa sanguinea,2024,number of grid cells (10x10km),GAM,0,0.6161490221855346
3,North Sea,QJMH2,Megabalanus tintinnabulum,2022,number of occurrences,GAM,3,1.056829158230295
3,North Sea,QJMH2,Megabalanus tintinnabulum,2023,number of occurrences,GAM,3,1.056829158230295
3,North Sea,QJMH2,Megabalanus tintinnabulum,2024,number of occurrences,GAM,3,1.056829158230295
3,North Sea,QJMH2,Megabalanus tintinnabulum,2022,number of grid cells (10x10km),GAM,3,1.0799597176037907
3,North Sea,QJMH2,Megabalanus tintinnabulum,2023,number of grid cells (10x10km),GAM,3,1.0799597176037907
3,North Sea,QJMH2,Megabalanus tintinnabulum,2024,number of grid cells (10x10km),GAM,3,1.0799597176037907
3,North Sea,VL8MP,Melanothamnus harveyi,2022,number of occurrences,GAM,3,1.0851988859493351
3,North Sea,VL8MP,Melanothamnus harveyi,2023,number of occurrences,GAM,3,1.0851988859493351
3,North Sea,VL8MP,Melanothamnus harveyi,2024,number of occurrences,GAM,3,1.0851988859493351
3,North Sea,VL8MP,Melanothamnus harveyi,2022,number of grid cells (10x10km),GAM,3,1.0451338913728803
3,North Sea,VL8MP,Melanothamnus harveyi,2023,number of grid cells (10x10km),GAM,3,1.0451338913728803
3,North Sea,VL8MP,Melanothamnus harveyi,2024,number of grid cells (10x10km),GAM,3,1.0451338913728803
3,North Sea,3ZTFD,Mercenaria mercenaria,2022,number of occurrences,GAM,3,1.063574251941335
3,North Sea,3ZTFD,Mercenaria mercenaria,2023,number of occurrences,GAM,3,1.063574251941335
3,North Sea,3ZTFD,Mercenaria mercenaria,2024,number of occurrences,GAM,3,1.063574251941335
3,North Sea,3ZTFD,Mercenaria mercenaria,2022,number of grid cells (10x10km),GAM,3,1.0924493187951032
3,North Sea,3ZTFD,Mercenaria mercenaria,2023,number of grid cells (10x10km),GAM,3,1.0924493187951032
3,North Sea,3ZTFD,Mercenaria mercenaria,2024,number of grid cells (10x10km),GAM,3,1.0924493187951032
3,North Sea,42Z4T,Micromesistius poutassou,2022,number of occurrences,GAM,1,0.9699593787790779
3,North Sea,42Z4T,Micromesistius poutassou,2023,number of occurrences,GAM,1,0.9699593787790779
3,North Sea,42Z4T,Micromesistius poutassou,2024,number of occurrences,GAM,1,0.9699593787790779
3,North Sea,42Z4T,Micromesistius poutassou,2022,number of grid cells (10x10km),GAM,3,1.1371563592219498
3,North Sea,42Z4T,Micromesistius poutassou,2023,number of grid cells (10x10km),GAM,3,1.1371563592219498
3,North Sea,42Z4T,Micromesistius poutassou,2024,number of grid cells (10x10km),GAM,3,1.1371563592219498
3,North Sea,4347F,Microporella ciliata,2022,number of occurrences,GAM,0,0.6353594753292507
3,North Sea,4347F,Microporella ciliata,2023,number of occurrences,GAM,0,0.6353594753292507
3,North Sea,4347F,Microporella ciliata,2024,number of occurrences,GAM,0,0.6353594753292507
3,North Sea,4347F,Microporella ciliata,2022,number of grid cells (10x10km),GAM,0,0.7482399947093287
3,North Sea,4347F,Microporella ciliata,2023,number of grid cells (10x10km),GAM,0,0.7482399947093287
3,North Sea,4347F,Microporella ciliata,2024,number of grid cells (10x10km),GAM,0,0.7482399947093287
3,North Sea,446DR,Monocorophium insidiosum,2022,number of occurrences,GAM,0,0.9308837898099298
3,North Sea,446DR,Monocorophium insidiosum,2023,number of occurrences,GAM,0,0.9308837898099298
3,North Sea,446DR,Monocorophium insidiosum,2024,number of occurrences,GAM,0,0.9308837898099298
3,North Sea,446DR,Monocorophium insidiosum,2022,number of grid cells (10x10km),GAM,3,1.0225478627504068
3,North Sea,446DR,Monocorophium insidiosum,2023,number of grid cells (10x10km),GAM,3,1.0225478627504068
3,North Sea,446DR,Monocorophium insidiosum,2024,number of grid cells (10x10km),GAM,3,1.0225478627504068
3,North Sea,44RHY,Mya arenaria,2022,number of occurrences,GAM,3,1.0296080831608139
3,North Sea,44RHY,Mya arenaria,2023,number of occurrences,GAM,3,1.0296080831608139
3,North Sea,44RHY,Mya arenaria,2024,number of occurrences,GAM,3,1.0296080831608139
3,North Sea,44RHY,Mya arenaria,2022,number of grid cells (10x10km),GAM,3,1.0901551237164564
3,North Sea,44RHY,Mya arenaria,2023,number of grid cells (10x10km),GAM,3,1.0901551237164564
3,North Sea,44RHY,Mya arenaria,2024,number of grid cells (10x10km),GAM,3,1.0901551237164564
3,North Sea,46FZP,Neodexiospira brasiliensis,2022,number of occurrences,decision rules,1,
3,North Sea,46FZP,Neodexiospira brasiliensis,2023,number of occurrences,decision rules,3,
3,North Sea,46FZP,Neodexiospira brasiliensis,2024,number of occurrences,decision rules,1,
3,North Sea,46FZP,Neodexiospira brasiliensis,2022,number of grid cells (10x10km),decision rules,1,
3,North Sea,46FZP,Neodexiospira brasiliensis,2023,number of grid cells (10x10km),decision rules,2,
3,North Sea,46FZP,Neodexiospira brasiliensis,2024,number of grid cells (10x10km),decision rules,1,
3,North Sea,472YS,Nephtys ciliata,2022,number of occurrences,GAM,1,0.8438422500149462
3,North Sea,472YS,Nephtys ciliata,2023,number of occurrences,GAM,1,0.8438422500149462
3,North Sea,472YS,Nephtys ciliata,2024,number of occurrences,GAM,1,0.8438422500149462
3,North Sea,472YS,Nephtys ciliata,2022,number of grid cells (10x10km),GAM,1,1.002827682781602
3,North Sea,472YS,Nephtys ciliata,2023,number of grid cells (10x10km),GAM,1,1.002827682781602
3,North Sea,472YS,Nephtys ciliata,2024,number of grid cells (10x10km),GAM,1,1.002827682781602
3,North Sea,B3YKX,Pagurus longicarpus,2022,number of occurrences,decision rules,3,
3,North Sea,B3YKX,Pagurus longicarpus,2023,number of occurrences,decision rules,1,
3,North Sea,B3YKX,Pagurus longicarpus,2024,number of occurrences,decision rules,2,
3,North Sea,B3YKX,Pagurus longicarpus,2022,number of grid cells (10x10km),decision rules,3,
3,North Sea,B3YKX,Pagurus longicarpus,2023,number of grid cells (10x10km),decision rules,1,
3,North Sea,B3YKX,Pagurus longicarpus,2024,number of grid cells (10x10km),decision rules,3,
3,North Sea,9GQWD,Palaemon elegans,2022,number of occurrences,GAM,3,1.080165793771389
3,North Sea,9GQWD,Palaemon elegans,2023,number of occurrences,GAM,3,1.080165793771389
3,North Sea,9GQWD,Palaemon elegans,2024,number of occurrences,GAM,3,1.080165793771389
3,North Sea,9GQWD,Palaemon elegans,2022,number of grid cells (10x10km),GAM,3,1.1163927675987884
3,North Sea,9GQWD,Palaemon elegans,2023,number of grid cells (10x10km),GAM,3,1.1163927675987884
3,North Sea,9GQWD,Palaemon elegans,2024,number of grid cells (10x10km),GAM,3,1.1163927675987884
3,North Sea,RDJPC,Peridiniella danica,2022,number of occurrences,GAM,0,0.731820534860098
3,North Sea,RDJPC,Peridiniella danica,2023,number of occurrences,GAM,0,0.731820534860098
3,North Sea,RDJPC,Peridiniella danica,2024,number of occurrences,GAM,0,0.731820534860098
3,North Sea,RDJPC,Peridiniella danica,2022,number of grid cells (10x10km),GAM,0,0.7590588510896589
3,North Sea,RDJPC,Peridiniella danica,2023,number of grid cells (10x10km),GAM,0,0.7590588510896589
3,North Sea,RDJPC,Peridiniella danica,2024,number of grid cells (10x10km),GAM,0,0.7590588510896589
3,North Sea,4FDSH,Petricolaria pholadiformis,2022,number of occurrences,GAM,3,1.133261364567797
3,North Sea,4FDSH,Petricolaria pholadiformis,2023,number of occurrences,GAM,3,1.133261364567797
3,North Sea,4FDSH,Petricolaria pholadiformis,2024,number of occurrences,GAM,3,1.133261364567797
3,North Sea,4FDSH,Petricolaria pholadiformis,2022,number of grid cells (10x10km),GAM,3,1.072370482741974
3,North Sea,4FDSH,Petricolaria pholadiformis,2023,number of grid cells (10x10km),GAM,3,1.072370482741974
3,North Sea,4FDSH,Petricolaria pholadiformis,2024,number of grid cells (10x10km),GAM,3,1.072370482741974
3,North Sea,4HVTW,Pilumnus hirtellus,2022,number of occurrences,GAM,1,0.8681612043274887
3,North Sea,4HVTW,Pilumnus hirtellus,2023,number of occurrences,GAM,1,0.8681612043274887
3,North Sea,4HVTW,Pilumnus hirtellus,2024,number of occurrences,GAM,1,0.8681612043274887
3,North Sea,4HVTW,Pilumnus hirtellus,2022,number of grid cells (10x10km),GAM,1,0.9290005006202401
3,North Sea,4HVTW,Pilumnus hirtellus,2023,number of grid cells (10x10km),GAM,1,0.9290005006202401
3,North Sea,4HVTW,Pilumnus hirtellus,2024,number of grid cells (10x10km),GAM,1,0.9290005006202401
3,North Sea,4L63D,Polydora cornuta,2022,number of occurrences,GAM,1,0.9311709582482124
3,North Sea,4L63D,Polydora cornuta,2023,number of occurrences,GAM,1,0.9311709582482124
3,North Sea,4L63D,Polydora cornuta,2024,number of occurrences,GAM,1,0.9311709582482124
3,North Sea,4L63D,Polydora cornuta,2022,number of grid cells (10x10km),GAM,1,0.9411475758172051
3,North Sea,4L63D,Polydora cornuta,2023,number of grid cells (10x10km),GAM,1,0.9411475758172051
3,North Sea,4L63D,Polydora cornuta,2024,number of grid cells (10x10km),GAM,1,0.9411475758172051
3,North Sea,RRT64,Polysiphonia senticulosa,2022,number of occurrences,GAM,3,1.0228266685992875
3,North Sea,RRT64,Polysiphonia senticulosa,2023,number of occurrences,GAM,3,1.0228266685992875
3,North Sea,RRT64,Polysiphonia senticulosa,2024,number of occurrences,GAM,1,1.0228266685992875
3,North Sea,RRT64,Polysiphonia senticulosa,2022,number of grid cells (10x10km),GAM,3,1.0396945082401161
3,North Sea,RRT64,Polysiphonia senticulosa,2023,number of grid cells (10x10km),GAM,3,1.0396945082401161
3,North Sea,RRT64,Polysiphonia senticulosa,2024,number of grid cells (10x10km),GAM,1,1.0396945082401161
3,North Sea,RZPNM,Porphyra umbilicalis,2022,number of occurrences,GAM,1,0.9642273004695804
3,North Sea,RZPNM,Porphyra umbilicalis,2023,number of occurrences,GAM,1,0.9642273004695804
3,North Sea,RZPNM,Porphyra umbilicalis,2024,number of occurrences,GAM,1,0.9642273004695804
3,North Sea,RZPNM,Porphyra umbilicalis,2022,number of grid cells (10x10km),GAM,3,1.030734181150638
3,North Sea,RZPNM,Porphyra umbilicalis,2023,number of grid cells (10x10km),GAM,3,1.030734181150638
3,North Sea,RZPNM,Porphyra umbilicalis,2024,number of grid cells (10x10km),GAM,3,1.030734181150638
3,North Sea,7WLRT,Procambarus clarkii,2022,number of occurrences,GAM,3,1.3582109887967784
3,North Sea,7WLRT,Procambarus clarkii,2023,number of occurrences,GAM,3,1.3582109887967784
3,North Sea,7WLRT,Procambarus clarkii,2024,number of occurrences,GAM,3,1.3582109887967784
3,North Sea,7WLRT,Procambarus clarkii,2022,number of grid cells (10x10km),GAM,3,1.0843795104625322
3,North Sea,7WLRT,Procambarus clarkii,2023,number of grid cells (10x10km),GAM,3,1.0843795104625322
3,North Sea,7WLRT,Procambarus clarkii,2024,number of grid cells (10x10km),GAM,3,1.0843795104625322
3,North Sea,RVKDP,Pronoctiluca pelagica,2022,number of occurrences,GAM,1,0.9047285184641917
3,North Sea,RVKDP,Pronoctiluca pelagica,2023,number of occurrences,GAM,1,0.9047285184641917
3,North Sea,RVKDP,Pronoctiluca pelagica,2024,number of occurrences,GAM,1,0.9047285184641917
3,North Sea,RVKDP,Pronoctiluca pelagica,2022,number of grid cells (10x10km),GAM,1,0.9299653315076659
3,North Sea,RVKDP,Pronoctiluca pelagica,2023,number of grid cells (10x10km),GAM,1,0.9299653315076659
3,North Sea,RVKDP,Pronoctiluca pelagica,2024,number of grid cells (10x10km),GAM,1,0.9299653315076659
3,North Sea,4NQJ3,Pseudocalanus elongatus,2022,number of occurrences,GAM,1,0.725559394362782
3,North Sea,4NQJ3,Pseudocalanus elongatus,2023,number of occurrences,GAM,1,0.725559394362782
3,North Sea,4NQJ3,Pseudocalanus elongatus,2024,number of occurrences,GAM,1,0.725559394362782
3,North Sea,4NQJ3,Pseudocalanus elongatus,2022,number of grid cells (10x10km),GAM,1,0.8836066010122872
3,North Sea,4NQJ3,Pseudocalanus elongatus,2023,number of grid cells (10x10km),GAM,1,0.8836066010122872
3,North Sea,4NQJ3,Pseudocalanus elongatus,2024,number of grid cells (10x10km),GAM,1,0.8836066010122872
3,North Sea,SFKBR,Pseudochattonella verruculosa,2022,number of occurrences,GAM,0,0.2932147475615919
3,North Sea,SFKBR,Pseudochattonella verruculosa,2023,number of occurrences,GAM,0,0.2932147475615919
3,North Sea,SFKBR,Pseudochattonella verruculosa,2024,number of occurrences,GAM,0,0.2932147475615919
3,North Sea,SFKBR,Pseudochattonella verruculosa,2022,number of grid cells (10x10km),GAM,0,0.5125210552908933
3,North Sea,SFKBR,Pseudochattonella verruculosa,2023,number of grid cells (10x10km),GAM,0,0.5125210552908933
3,North Sea,SFKBR,Pseudochattonella verruculosa,2024,number of grid cells (10x10km),GAM,0,0.5125210552908933
3,North Sea,4NVZL,Pseudodiaptomus marinus,2022,number of occurrences,GAM,0,0.2643193284113695
3,North Sea,4NVZL,Pseudodiaptomus marinus,2023,number of occurrences,GAM,0,0.2643193284113695
3,North Sea,4NVZL,Pseudodiaptomus marinus,2024,number of occurrences,GAM,0,0.2643193284113695
3,North Sea,4NVZL,Pseudodiaptomus marinus,2022,number of grid cells (10x10km),GAM,0,0.7125309381487478
3,North Sea,4NVZL,Pseudodiaptomus marinus,2023,number of grid cells (10x10km),GAM,0,0.7125309381487478
3,North Sea,4NVZL,Pseudodiaptomus marinus,2024,number of grid cells (10x10km),GAM,0,0.7125309381487478
3,North Sea,6WGQH,Pseudopotamilla reniformis,2022,number of occurrences,GAM,1,0.6846548535757921
3,North Sea,6WGQH,Pseudopotamilla reniformis,2023,number of occurrences,GAM,1,0.6846548535757921
3,North Sea,6WGQH,Pseudopotamilla reniformis,2024,number of occurrences,GAM,1,0.6846548535757921
3,North Sea,6WGQH,Pseudopotamilla reniformis,2022,number of grid cells (10x10km),GAM,1,0.7890094493417658
3,North Sea,6WGQH,Pseudopotamilla reniformis,2023,number of grid cells (10x10km),GAM,1,0.7890094493417658
3,North Sea,6WGQH,Pseudopotamilla reniformis,2024,number of grid cells (10x10km),GAM,1,0.7890094493417658
3,North Sea,SKMYS,Pterosperma cristatum,2022,number of occurrences,GAM,0,0.4130602737775959
3,North Sea,SKMYS,Pterosperma cristatum,2023,number of occurrences,GAM,0,0.4130602737775959
3,North Sea,SKMYS,Pterosperma cristatum,2024,number of occurrences,GAM,0,0.4130602737775959
3,North Sea,SKMYS,Pterosperma cristatum,2022,number of grid cells (10x10km),GAM,0,0.7332542312838151
3,North Sea,SKMYS,Pterosperma cristatum,2023,number of grid cells (10x10km),GAM,0,0.7332542312838151
3,North Sea,SKMYS,Pterosperma cristatum,2024,number of grid cells (10x10km),GAM,0,0.7332542312838151
3,North Sea,7935Q,Rana dalmatina,2022,number of occurrences,GAM,0,0.613226639401009
3,North Sea,7935Q,Rana dalmatina,2023,number of occurrences,GAM,1,0.613226639401009
3,North Sea,7935Q,Rana dalmatina,2024,number of occurrences,GAM,1,0.613226639401009
3,North Sea,7935Q,Rana dalmatina,2022,number of grid cells (10x10km),GAM,1,0.8606974812034033
3,North Sea,7935Q,Rana dalmatina,2023,number of grid cells (10x10km),GAM,1,0.8606974812034033
3,North Sea,7935Q,Rana dalmatina,2024,number of grid cells (10x10km),GAM,1,0.8606974812034033
3,North Sea,4RF6D,Rangia cuneata,2022,number of occurrences,GAM,3,1.3654528309241785
3,North Sea,4RF6D,Rangia cuneata,2023,number of occurrences,GAM,3,1.3654528309241785
3,North Sea,4RF6D,Rangia cuneata,2024,number of occurrences,GAM,3,1.3654528309241785
3,North Sea,4RF6D,Rangia cuneata,2022,number of grid cells (10x10km),GAM,3,1.2505109772709957
3,North Sea,4RF6D,Rangia cuneata,2023,number of grid cells (10x10km),GAM,3,1.2505109772709957
3,North Sea,4RF6D,Rangia cuneata,2024,number of grid cells (10x10km),GAM,3,1.2505109772709957
3,North Sea,SHPG2,Rhizosolenia styliformis,2022,number of occurrences,GAM,0,0.6849813672388261
3,North Sea,SHPG2,Rhizosolenia styliformis,2023,number of occurrences,GAM,0,0.6849813672388261
3,North Sea,SHPG2,Rhizosolenia styliformis,2024,number of occurrences,GAM,0,0.6849813672388261
3,North Sea,SHPG2,Rhizosolenia styliformis,2022,number of grid cells (10x10km),GAM,0,0.6314066594648038
3,North Sea,SHPG2,Rhizosolenia styliformis,2023,number of grid cells (10x10km),GAM,0,0.6314066594648038
3,North Sea,SHPG2,Rhizosolenia styliformis,2024,number of grid cells (10x10km),GAM,0,0.6314066594648038
3,North Sea,4TV6Q,Sabellaria spinulosa,2022,number of occurrences,GAM,0,0.4360358893036055
3,North Sea,4TV6Q,Sabellaria spinulosa,2023,number of occurrences,GAM,0,0.4360358893036055
3,North Sea,4TV6Q,Sabellaria spinulosa,2024,number of occurrences,GAM,0,0.4360358893036055
3,North Sea,4TV6Q,Sabellaria spinulosa,2022,number of grid cells (10x10km),GAM,0,0.5564878342275383
3,North Sea,4TV6Q,Sabellaria spinulosa,2023,number of grid cells (10x10km),GAM,0,0.5564878342275383
3,North Sea,4TV6Q,Sabellaria spinulosa,2024,number of grid cells (10x10km),GAM,0,0.5564878342275383
3,North Sea,79WZK,Schizoporella japonica,2022,number of occurrences,decision rules,2,
3,North Sea,79WZK,Schizoporella japonica,2023,number of occurrences,decision rules,1,
3,North Sea,79WZK,Schizoporella japonica,2024,number of occurrences,decision rules,1,
3,North Sea,79WZK,Schizoporella japonica,2022,number of grid cells (10x10km),decision rules,2,
3,North Sea,79WZK,Schizoporella japonica,2023,number of grid cells (10x10km),decision rules,1,
3,North Sea,79WZK,Schizoporella japonica,2024,number of grid cells (10x10km),decision rules,1,
3,North Sea,4VRNP,Scolelepis bonnieri,2022,number of occurrences,GAM,0,0.8169158832410217
3,North Sea,4VRNP,Scolelepis bonnieri,2023,number of occurrences,GAM,0,0.8169158832410217
3,North Sea,4VRNP,Scolelepis bonnieri,2024,number of occurrences,GAM,0,0.8169158832410217
3,North Sea,4VRNP,Scolelepis bonnieri,2022,number of grid cells (10x10km),GAM,0,0.7665138511294974
3,North Sea,4VRNP,Scolelepis bonnieri,2023,number of grid cells (10x10km),GAM,0,0.7665138511294974
3,North Sea,4VRNP,Scolelepis bonnieri,2024,number of grid cells (10x10km),GAM,0,0.7665138511294974
3,North Sea,4VRP9,Scolelepis korsuni,2022,number of occurrences,GAM,0,0.8142718081049645
3,North Sea,4VRP9,Scolelepis korsuni,2023,number of occurrences,GAM,0,0.8142718081049645
3,North Sea,4VRP9,Scolelepis korsuni,2024,number of occurrences,GAM,0,0.8142718081049645
3,North Sea,4VRP9,Scolelepis korsuni,2022,number of grid cells (10x10km),GAM,1,0.9503083171031204
3,North Sea,4VRP9,Scolelepis korsuni,2023,number of grid cells (10x10km),GAM,1,0.9503083171031204
3,North Sea,4VRP9,Scolelepis korsuni,2024,number of grid cells (10x10km),GAM,1,0.9503083171031204
3,North Sea,4VZML,Scruparia ambigua,2022,number of occurrences,GAM,0,0.6328041357995555
3,North Sea,4VZML,Scruparia ambigua,2023,number of occurrences,GAM,0,0.6328041357995555
3,North Sea,4VZML,Scruparia ambigua,2024,number of occurrences,GAM,0,0.6328041357995555
3,North Sea,4VZML,Scruparia ambigua,2022,number of grid cells (10x10km),GAM,0,0.70184822217863
3,North Sea,4VZML,Scruparia ambigua,2023,number of grid cells (10x10km),GAM,0,0.70184822217863
3,North Sea,4VZML,Scruparia ambigua,2024,number of grid cells (10x10km),GAM,0,0.70184822217863
3,North Sea,4YF8Y,Sparus aurata,2022,number of occurrences,decision rules,2,
3,North Sea,4YF8Y,Sparus aurata,2023,number of occurrences,decision rules,2,
3,North Sea,4YF8Y,Sparus aurata,2024,number of occurrences,decision rules,2,
3,North Sea,4YF8Y,Sparus aurata,2022,number of grid cells (10x10km),GAM,3,1.03150236072605
3,North Sea,4YF8Y,Sparus aurata,2023,number of grid cells (10x10km),GAM,3,1.03150236072605
3,North Sea,4YF8Y,Sparus aurata,2024,number of grid cells (10x10km),GAM,3,1.03150236072605
3,North Sea,TB3ZV,Stephanopyxis turris,2022,number of occurrences,GAM,1,1.0054388348839127
3,North Sea,TB3ZV,Stephanopyxis turris,2023,number of occurrences,GAM,1,1.0054388348839127
3,North Sea,TB3ZV,Stephanopyxis turris,2024,number of occurrences,GAM,1,1.0054388348839127
3,North Sea,TB3ZV,Stephanopyxis turris,2022,number of grid cells (10x10km),GAM,1,0.8296584434917239
3,North Sea,TB3ZV,Stephanopyxis turris,2023,number of grid cells (10x10km),GAM,1,0.8296584434917239
3,North Sea,TB3ZV,Stephanopyxis turris,2024,number of grid cells (10x10km),GAM,1,0.8296584434917239
3,North Sea,52X2B,Streblospio benedicti,2022,number of occurrences,GAM,0,0.829708864486844
3,North Sea,52X2B,Streblospio benedicti,2023,number of occurrences,GAM,0,0.829708864486844
3,North Sea,52X2B,Streblospio benedicti,2024,number of occurrences,GAM,0,0.829708864486844
3,North Sea,52X2B,Streblospio benedicti,2022,number of grid cells (10x10km),GAM,0,0.8502998355256051
3,North Sea,52X2B,Streblospio benedicti,2023,number of grid cells (10x10km),GAM,0,0.8502998355256051
3,North Sea,52X2B,Streblospio benedicti,2024,number of grid cells (10x10km),GAM,0,0.8502998355256051
3,North Sea,5387D,Styela clava,2022,number of occurrences,GAM,1,0.9848344310599323
3,North Sea,5387D,Styela clava,2023,number of occurrences,GAM,1,0.9848344310599323
3,North Sea,5387D,Styela clava,2024,number of occurrences,GAM,1,0.9848344310599323
3,North Sea,5387D,Styela clava,2022,number of grid cells (10x10km),GAM,1,0.9070245026286617
3,North Sea,5387D,Styela clava,2023,number of grid cells (10x10km),GAM,1,0.9070245026286617
3,North Sea,5387D,Styela clava,2024,number of grid cells (10x10km),GAM,1,0.9070245026286617
3,North Sea,53D7D,Suberites massa,2022,number of occurrences,GAM,0,0.6601606262829409
3,North Sea,53D7D,Suberites massa,2023,number of occurrences,GAM,2,0.6601606262829409
3,North Sea,53D7D,Suberites massa,2024,number of occurrences,GAM,2,0.6601606262829409
3,North Sea,53D7D,Suberites massa,2022,number of grid cells (10x10km),GAM,0,0.7715417688318125
3,North Sea,53D7D,Suberites massa,2023,number of grid cells (10x10km),GAM,0,0.7715417688318125
3,North Sea,53D7D,Suberites massa,2024,number of grid cells (10x10km),GAM,0,0.7715417688318125
3,North Sea,53ML9,Syllidia armata,2022,number of occurrences,GAM,0,0.8122989411145031
3,North Sea,53ML9,Syllidia armata,2023,number of occurrences,GAM,0,0.8122989411145031
3,North Sea,53ML9,Syllidia armata,2024,number of occurrences,GAM,0,0.8122989411145031
3,North Sea,53ML9,Syllidia armata,2022,number of grid cells (10x10km),GAM,1,0.9032268112296478
3,North Sea,53ML9,Syllidia armata,2023,number of grid cells (10x10km),GAM,1,0.9032268112296478
3,North Sea,53ML9,Syllidia armata,2024,number of grid cells (10x10km),GAM,1,0.9032268112296478
3,North Sea,7B8KV,Synidotea laticauda,2022,number of occurrences,GAM,1,0.5869153309283809
3,North Sea,7B8KV,Synidotea laticauda,2023,number of occurrences,GAM,1,0.5869153309283809
3,North Sea,7B8KV,Synidotea laticauda,2024,number of occurrences,GAM,1,0.5869153309283809
3,North Sea,7B8KV,Synidotea laticauda,2022,number of grid cells (10x10km),GAM,1,0.7899476500248827
3,North Sea,7B8KV,Synidotea laticauda,2023,number of grid cells (10x10km),GAM,1,0.7899476500248827
3,North Sea,7B8KV,Synidotea laticauda,2024,number of grid cells (10x10km),GAM,1,0.7899476500248827
3,North Sea,T8WJW,Thalassiosira nordenskioeldii,2022,number of occurrences,GAM,1,0.9305733759890635
3,North Sea,T8WJW,Thalassiosira nordenskioeldii,2023,number of occurrences,GAM,1,0.9305733759890635
3,North Sea,T8WJW,Thalassiosira nordenskioeldii,2024,number of occurrences,GAM,1,0.9305733759890635
3,North Sea,T8WJW,Thalassiosira nordenskioeldii,2022,number of grid cells (10x10km),GAM,1,0.9832049105300603
3,North Sea,T8WJW,Thalassiosira nordenskioeldii,2023,number of grid cells (10x10km),GAM,1,0.9832049105300603
3,North Sea,T8WJW,Thalassiosira nordenskioeldii,2024,number of grid cells (10x10km),GAM,1,0.9832049105300603
3,North Sea,564M4,Tharyx killariensis,2022,number of occurrences,GAM,0,0.788646229874997
3,North Sea,564M4,Tharyx killariensis,2023,number of occurrences,GAM,0,0.788646229874997
3,North Sea,564M4,Tharyx killariensis,2024,number of occurrences,GAM,0,0.788646229874997
3,North Sea,564M4,Tharyx killariensis,2022,number of grid cells (10x10km),GAM,3,1.0550405518176464
3,North Sea,564M4,Tharyx killariensis,2023,number of grid cells (10x10km),GAM,3,1.0550405518176464
3,North Sea,564M4,Tharyx killariensis,2024,number of grid cells (10x10km),GAM,3,1.0550405518176464
3,North Sea,7CXK2,Tubificoides benedii,2022,number of occurrences,GAM,0,0.8885527905020966
3,North Sea,7CXK2,Tubificoides benedii,2023,number of occurrences,GAM,0,0.8885527905020966
3,North Sea,7CXK2,Tubificoides benedii,2024,number of occurrences,GAM,0,0.8885527905020966
3,North Sea,7CXK2,Tubificoides benedii,2022,number of grid cells (10x10km),GAM,1,0.9949507320124116
3,North Sea,7CXK2,Tubificoides benedii,2023,number of grid cells (10x10km),GAM,1,0.9949507320124116
3,North Sea,7CXK2,Tubificoides benedii,2024,number of grid cells (10x10km),GAM,1,0.9949507320124116
3,North Sea,59K2N,Tubularia indivisa,2022,number of occurrences,GAM,0,0.8188964680127617
3,North Sea,59K2N,Tubularia indivisa,2023,number of occurrences,GAM,0,0.8188964680127617
3,North Sea,59K2N,Tubularia indivisa,2024,number of occurrences,GAM,0,0.8188964680127617
3,North Sea,59K2N,Tubularia indivisa,2022,number of grid cells (10x10km),GAM,0,0.8612773867349732
3,North Sea,59K2N,Tubularia indivisa,2023,number of grid cells (10x10km),GAM,0,0.8612773867349732
3,North Sea,59K2N,Tubularia indivisa,2024,number of grid cells (10x10km),GAM,0,0.8612773867349732
3,North Sea,TRJJ4,Undaria pinnatifida,2022,number of occurrences,GAM,1,0.8979760859158891
3,North Sea,TRJJ4,Undaria pinnatifida,2023,number of occurrences,GAM,1,0.8979760859158891
3,North Sea,TRJJ4,Undaria pinnatifida,2024,number of occurrences,GAM,1,0.8979760859158891
3,North Sea,TRJJ4,Undaria pinnatifida,2022,number of grid cells (10x10km),GAM,1,0.9744052752725055
3,North Sea,TRJJ4,Undaria pinnatifida,2023,number of grid cells (10x10km),GAM,1,0.9744052752725055
3,North Sea,TRJJ4,Undaria pinnatifida,2024,number of grid cells (10x10km),GAM,1,0.9744052752725055
3,North Sea,7DYQT,Urosalpinx cinerea,2022,number of occurrences,GAM,3,1.0127684853208923
3,North Sea,7DYQT,Urosalpinx cinerea,2023,number of occurrences,GAM,3,1.0127684853208923
3,North Sea,7DYQT,Urosalpinx cinerea,2024,number of occurrences,GAM,3,1.0127684853208923
3,North Sea,7DYQT,Urosalpinx cinerea,2022,number of grid cells (10x10km),GAM,3,1.067585948351705
3,North Sea,7DYQT,Urosalpinx cinerea,2023,number of grid cells (10x10km),GAM,3,1.067585948351705
3,North Sea,7DYQT,Urosalpinx cinerea,2024,number of grid cells (10x10km),GAM,3,1.067585948351705
3,North Sea,TPF2X,Vertebrata fucoides,2022,number of occurrences,GAM,0,0.8390122159428339
3,North Sea,TPF2X,Vertebrata fucoides,2023,number of occurrences,GAM,0,0.8390122159428339
3,North Sea,TPF2X,Vertebrata fucoides,2024,number of occurrences,GAM,0,0.8390122159428339
3,North Sea,TPF2X,Vertebrata fucoides,2022,number of grid cells (10x10km),GAM,1,0.9827708920656547
3,North Sea,TPF2X,Vertebrata fucoides,2023,number of grid cells (10x10km),GAM,1,0.9827708920656547
3,North Sea,TPF2X,Vertebrata fucoides,2024,number of grid cells (10x10km),GAM,1,0.9827708920656547
3,North Sea,5CS3F,Yoldia limatula,2022,number of occurrences,GAM,2,1.3712861763394149
3,North Sea,5CS3F,Yoldia limatula,2023,number of occurrences,GAM,0,1.3712861763394149
3,North Sea,5CS3F,Yoldia limatula,2024,number of occurrences,GAM,0,1.3712861763394149
3,North Sea,5CS3F,Yoldia limatula,2022,number of grid cells (10x10km),GAM,2,1.0970263299440683
3,North Sea,5CS3F,Yoldia limatula,2023,number of grid cells (10x10km),GAM,0,1.0970263299440683
3,North Sea,5CS3F,Yoldia limatula,2024,number of grid cells (10x10km),GAM,0,1.0970263299440683
3,North Sea,L9NRY,Alexandrium minutum,2022,number of occurrences,decision rules,2,
3,North Sea,L9NRY,Alexandrium minutum,2023,number of occurrences,decision rules,1,
3,North Sea,L9NRY,Alexandrium minutum,2024,number of occurrences,decision rules,2,
3,North Sea,L9NRY,Alexandrium minutum,2022,number of grid cells (10x10km),GAM,1,0.9882455811271567
3,North Sea,L9NRY,Alexandrium minutum,2023,number of grid cells (10x10km),GAM,1,0.9882455811271567
3,North Sea,L9NRY,Alexandrium minutum,2024,number of grid cells (10x10km),GAM,1,0.9882455811271567
3,North Sea,688WN,Atherina boyeri,2022,number of occurrences,GAM,1,0.9252180635112998
3,North Sea,688WN,Atherina boyeri,2023,number of occurrences,GAM,1,0.9252180635112998
3,North Sea,688WN,Atherina boyeri,2024,number of occurrences,GAM,1,0.9252180635112998
3,North Sea,688WN,Atherina boyeri,2022,number of grid cells (10x10km),GAM,1,0.8478247341925229
3,North Sea,688WN,Atherina boyeri,2023,number of grid cells (10x10km),GAM,1,0.8478247341925229
3,North Sea,688WN,Atherina boyeri,2024,number of grid cells (10x10km),GAM,1,0.8478247341925229
3,North Sea,M8HY,Boccardiella ligerica,2022,number of occurrences,GAM,1,0.8087143654226802
3,North Sea,M8HY,Boccardiella ligerica,2023,number of occurrences,GAM,1,0.8087143654226802
3,North Sea,M8HY,Boccardiella ligerica,2024,number of occurrences,GAM,1,0.8087143654226802
3,North Sea,M8HY,Boccardiella ligerica,2022,number of grid cells (10x10km),GAM,1,0.7573253061231684
3,North Sea,M8HY,Boccardiella ligerica,2023,number of grid cells (10x10km),GAM,1,0.7573253061231684
3,North Sea,M8HY,Boccardiella ligerica,2024,number of grid cells (10x10km),GAM,1,0.7573253061231684
3,North Sea,MPNZ,Botrylloides violaceus,2022,number of occurrences,decision rules,1,
3,North Sea,MPNZ,Botrylloides violaceus,2023,number of occurrences,decision rules,2,
3,North Sea,MPNZ,Botrylloides violaceus,2024,number of occurrences,decision rules,3,
3,North Sea,MPNZ,Botrylloides violaceus,2022,number of grid cells (10x10km),decision rules,2,
3,North Sea,MPNZ,Botrylloides violaceus,2023,number of grid cells (10x10km),decision rules,2,
3,North Sea,MPNZ,Botrylloides violaceus,2024,number of grid cells (10x10km),decision rules,2,
3,North Sea,NPRJ,Bugula neritina,2022,number of occurrences,GAM,1,0.7441411151936718
3,North Sea,NPRJ,Bugula neritina,2023,number of occurrences,GAM,1,0.7441411151936718
3,North Sea,NPRJ,Bugula neritina,2024,number of occurrences,GAM,1,0.7441411151936718
3,North Sea,NPRJ,Bugula neritina,2022,number of grid cells (10x10km),GAM,1,0.8220568878158412
3,North Sea,NPRJ,Bugula neritina,2023,number of grid cells (10x10km),GAM,1,0.8220568878158412
3,North Sea,NPRJ,Bugula neritina,2024,number of grid cells (10x10km),GAM,1,0.8220568878158412
3,North Sea,NFCHP,Ectocarpus siliculosus,2022,number of occurrences,GAM,3,1.2137966269026652
3,North Sea,NFCHP,Ectocarpus siliculosus,2023,number of occurrences,GAM,3,1.2137966269026652
3,North Sea,NFCHP,Ectocarpus siliculosus,2024,number of occurrences,GAM,3,1.2137966269026652
3,North Sea,NFCHP,Ectocarpus siliculosus,2022,number of grid cells (10x10km),GAM,1,1.003882545745292
3,North Sea,NFCHP,Ectocarpus siliculosus,2023,number of grid cells (10x10km),GAM,1,1.003882545745292
3,North Sea,NFCHP,Ectocarpus siliculosus,2024,number of grid cells (10x10km),GAM,1,1.003882545745292
3,North Sea,PGJ56,Fucus evanescens,2022,number of occurrences,GAM,3,1.035351158798759
3,North Sea,PGJ56,Fucus evanescens,2023,number of occurrences,GAM,3,1.035351158798759
3,North Sea,PGJ56,Fucus evanescens,2024,number of occurrences,GAM,3,1.035351158798759
3,North Sea,PGJ56,Fucus evanescens,2022,number of grid cells (10x10km),GAM,3,1.0608161038637167
3,North Sea,PGJ56,Fucus evanescens,2023,number of grid cells (10x10km),GAM,3,1.0608161038637167
3,North Sea,PGJ56,Fucus evanescens,2024,number of grid cells (10x10km),GAM,3,1.0608161038637167
3,North Sea,3HRQS,Gymnodinium catenatum,2022,number of occurrences,decision rules,2,
3,North Sea,3HRQS,Gymnodinium catenatum,2023,number of occurrences,decision rules,1,
3,North Sea,3HRQS,Gymnodinium catenatum,2024,number of occurrences,decision rules,2,
3,North Sea,3HRQS,Gymnodinium catenatum,2022,number of grid cells (10x10km),GAM,3,2.293183524592161
3,North Sea,3HRQS,Gymnodinium catenatum,2023,number of grid cells (10x10km),GAM,3,2.293183524592161
3,North Sea,3HRQS,Gymnodinium catenatum,2024,number of grid cells (10x10km),GAM,3,2.293183524592161
3,North Sea,Q9BCD,Karenia mikimotoi,2022,number of occurrences,GAM,0,0.5247293822409799
3,North Sea,Q9BCD,Karenia mikimotoi,2023,number of occurrences,GAM,0,0.5247293822409799
3,North Sea,Q9BCD,Karenia mikimotoi,2024,number of occurrences,GAM,0,0.5247293822409799
3,North Sea,Q9BCD,Karenia mikimotoi,2022,number of grid cells (10x10km),GAM,1,0.999937867754148
3,North Sea,Q9BCD,Karenia mikimotoi,2023,number of grid cells (10x10km),GAM,1,0.999937867754148
3,North Sea,Q9BCD,Karenia mikimotoi,2024,number of grid cells (10x10km),GAM,1,0.999937867754148
3,North Sea,Q9CYR,Karlodinium veneficum,2022,number of occurrences,GAM,1,0.7629341562864247
3,North Sea,Q9CYR,Karlodinium veneficum,2023,number of occurrences,GAM,1,0.7629341562864247
3,North Sea,Q9CYR,Karlodinium veneficum,2024,number of occurrences,GAM,1,0.7629341562864247
3,North Sea,Q9CYR,Karlodinium veneficum,2022,number of grid cells (10x10km),GAM,0,0.8445657599539464
3,North Sea,Q9CYR,Karlodinium veneficum,2023,number of grid cells (10x10km),GAM,0,0.8445657599539464
3,North Sea,Q9CYR,Karlodinium veneficum,2024,number of grid cells (10x10km),GAM,0,0.8445657599539464
3,North Sea,VJY5B,Lessardia elongata,2022,number of occurrences,GAM,1,0.878440534547316
3,North Sea,VJY5B,Lessardia elongata,2023,number of occurrences,GAM,1,0.878440534547316
3,North Sea,VJY5B,Lessardia elongata,2024,number of occurrences,GAM,1,0.878440534547316
3,North Sea,VJY5B,Lessardia elongata,2022,number of grid cells (10x10km),GAM,1,0.9984213419137807
3,North Sea,VJY5B,Lessardia elongata,2023,number of grid cells (10x10km),GAM,1,0.9984213419137807
3,North Sea,VJY5B,Lessardia elongata,2024,number of grid cells (10x10km),GAM,1,0.9984213419137807
3,North Sea,43VGP,Molgula manhattensis,2022,number of occurrences,GAM,0,0.8076853903976317
3,North Sea,43VGP,Molgula manhattensis,2023,number of occurrences,GAM,0,0.8076853903976317
3,North Sea,43VGP,Molgula manhattensis,2024,number of occurrences,GAM,0,0.8076853903976317
3,North Sea,43VGP,Molgula manhattensis,2022,number of grid cells (10x10km),GAM,1,0.8900890405733894
3,North Sea,43VGP,Molgula manhattensis,2023,number of grid cells (10x10km),GAM,1,0.8900890405733894
3,North Sea,43VGP,Molgula manhattensis,2024,number of grid cells (10x10km),GAM,1,0.8900890405733894
3,North Sea,73P2T,Monocorophium sextonae,2022,number of occurrences,GAM,0,0.6400860362579618
3,North Sea,73P2T,Monocorophium sextonae,2023,number of occurrences,GAM,0,0.6400860362579618
3,North Sea,73P2T,Monocorophium sextonae,2024,number of occurrences,GAM,0,0.6400860362579618
3,North Sea,73P2T,Monocorophium sextonae,2022,number of grid cells (10x10km),GAM,0,0.6757207431603761
3,North Sea,73P2T,Monocorophium sextonae,2023,number of grid cells (10x10km),GAM,0,0.6757207431603761
3,North Sea,73P2T,Monocorophium sextonae,2024,number of grid cells (10x10km),GAM,0,0.6757207431603761
3,North Sea,6RVDM,Necora puber,2022,number of occurrences,GAM,3,1.077532733102069
3,North Sea,6RVDM,Necora puber,2023,number of occurrences,GAM,3,1.077532733102069
3,North Sea,6RVDM,Necora puber,2024,number of occurrences,GAM,3,1.077532733102069
3,North Sea,6RVDM,Necora puber,2022,number of grid cells (10x10km),GAM,3,1.0586683251479316
3,North Sea,6RVDM,Necora puber,2023,number of grid cells (10x10km),GAM,3,1.0586683251479316
3,North Sea,6RVDM,Necora puber,2024,number of grid cells (10x10km),GAM,3,1.0586683251479316
3,North Sea,RWNKZ,Prorocentrum cordatum,2022,number of occurrences,GAM,1,0.9393837494671261
3,North Sea,RWNKZ,Prorocentrum cordatum,2023,number of occurrences,GAM,1,0.9393837494671261
3,North Sea,RWNKZ,Prorocentrum cordatum,2024,number of occurrences,GAM,1,0.9393837494671261
3,North Sea,RWNKZ,Prorocentrum cordatum,2022,number of grid cells (10x10km),GAM,0,0.929865897663202
3,North Sea,RWNKZ,Prorocentrum cordatum,2023,number of grid cells (10x10km),GAM,0,0.929865897663202
3,North Sea,RWNKZ,Prorocentrum cordatum,2024,number of grid cells (10x10km),GAM,0,0.929865897663202
3,North Sea,SHPCB,Rhizosolenia setigera,2022,number of occurrences,GAM,1,0.928350087476478
3,North Sea,SHPCB,Rhizosolenia setigera,2023,number of occurrences,GAM,1,0.928350087476478
3,North Sea,SHPCB,Rhizosolenia setigera,2024,number of occurrences,GAM,1,0.928350087476478
3,North Sea,SHPCB,Rhizosolenia setigera,2022,number of grid cells (10x10km),GAM,0,0.8943552676024572
3,North Sea,SHPCB,Rhizosolenia setigera,2023,number of grid cells (10x10km),GAM,0,0.8943552676024572
3,North Sea,SHPCB,Rhizosolenia setigera,2024,number of grid cells (10x10km),GAM,0,0.8943552676024572
3,North Sea,7C6PW,Thecacera pennigera,2022,number of occurrences,GAM,3,1.1609306881408659
3,North Sea,7C6PW,Thecacera pennigera,2023,number of occurrences,GAM,3,1.1609306881408659
3,North Sea,7C6PW,Thecacera pennigera,2024,number of occurrences,GAM,3,1.1609306881408659
3,North Sea,7C6PW,Thecacera pennigera,2022,number of grid cells (10x10km),decision rules,2,
3,North Sea,7C6PW,Thecacera pennigera,2023,number of grid cells (10x10km),decision rules,2,
3,North Sea,7C6PW,Thecacera pennigera,2024,number of grid cells (10x10km),decision rules,2,
3,North Sea,BSQH5,Watersipora subatra,2022,number of occurrences,decision rules,1,
3,North Sea,BSQH5,Watersipora subatra,2023,number of occurrences,decision rules,2,
3,North Sea,BSQH5,Watersipora subatra,2024,number of occurrences,decision rules,2,
3,North Sea,BSQH5,Watersipora subatra,2022,number of grid cells (10x10km),decision rules,1,
3,North Sea,BSQH5,Watersipora subatra,2023,number of grid cells (10x10km),decision rules,2,
3,North Sea,BSQH5,Watersipora subatra,2024,number of grid cells (10x10km),decision rules,2,
3,North Sea,3JBV8,Halichoerus grypus,2022,number of occurrences,GAM,1,0.9657840466066874
3,North Sea,3JBV8,Halichoerus grypus,2023,number of occurrences,GAM,1,0.9657840466066874
3,North Sea,3JBV8,Halichoerus grypus,2024,number of occurrences,GAM,1,0.9657840466066874
3,North Sea,3JBV8,Halichoerus grypus,2022,number of grid cells (10x10km),GAM,1,0.9908953905007354
3,North Sea,3JBV8,Halichoerus grypus,2023,number of grid cells (10x10km),GAM,1,0.9908953905007354
3,North Sea,3JBV8,Halichoerus grypus,2024,number of grid cells (10x10km),GAM,1,0.9908953905007354
3,North Sea,4L669,Polydora websteri,2022,number of occurrences,GAM,3,1.2917846274125673
3,North Sea,4L669,Polydora websteri,2023,number of occurrences,GAM,3,1.2917846274125673
3,North Sea,4L669,Polydora websteri,2024,number of occurrences,GAM,3,1.2917846274125673
3,North Sea,4L669,Polydora websteri,2022,number of grid cells (10x10km),GAM,3,1.2653976179969384
3,North Sea,4L669,Polydora websteri,2023,number of grid cells (10x10km),GAM,3,1.2653976179969384
3,North Sea,4L669,Polydora websteri,2024,number of grid cells (10x10km),GAM,3,1.2653976179969384
3,North Sea,6YRDJ,Sinelobus vanhaareni,2022,number of occurrences,decision rules,3,
3,North Sea,6YRDJ,Sinelobus vanhaareni,2023,number of occurrences,decision rules,1,
3,North Sea,6YRDJ,Sinelobus vanhaareni,2024,number of occurrences,decision rules,1,
3,North Sea,6YRDJ,Sinelobus vanhaareni,2022,number of grid cells (10x10km),decision rules,1,
3,North Sea,6YRDJ,Sinelobus vanhaareni,2023,number of grid cells (10x10km),decision rules,1,
3,North Sea,6YRDJ,Sinelobus vanhaareni,2024,number of grid cells (10x10km),decision rules,1,
54,Barents Sea,B29V,Agonus cataphractus,2022,number of occurrences,decision rules,2,
54,Barents Sea,B29V,Agonus cataphractus,2023,number of occurrences,decision rules,2,
54,Barents Sea,B29V,Agonus cataphractus,2024,number of occurrences,decision rules,2,
54,Barents Sea,B29V,Agonus cataphractus,2022,number of grid cells (10x10km),decision rules,2,
54,Barents Sea,B29V,Agonus cataphractus,2023,number of grid cells (10x10km),decision rules,2,
54,Barents Sea,B29V,Agonus cataphractus,2024,number of grid cells (10x10km),decision rules,2,
54,Barents Sea,LBG2M,Apedinella radians,2022,number of occurrences,decision rules,2,
54,Barents Sea,LBG2M,Apedinella radians,2023,number of occurrences,decision rules,1,
54,Barents Sea,LBG2M,Apedinella radians,2024,number of occurrences,decision rules,1,
54,Barents Sea,LBG2M,Apedinella radians,2022,number of grid cells (10x10km),decision rules,1,
54,Barents Sea,LBG2M,Apedinella radians,2023,number of grid cells (10x10km),decision rules,1,
54,Barents Sea,LBG2M,Apedinella radians,2024,number of grid cells (10x10km),decision rules,1,
54,Barents Sea,LWMWN,Asterionellopsis glacialis,2022,number of occurrences,GAM,3,1.1950895627385127
54,Barents Sea,LWMWN,Asterionellopsis glacialis,2023,number of occurrences,GAM,3,1.1950895627385127
54,Barents Sea,LWMWN,Asterionellopsis glacialis,2024,number of occurrences,GAM,3,1.1950895627385127
54,Barents Sea,LWMWN,Asterionellopsis glacialis,2022,number of grid cells (10x10km),GAM,3,1.1235380859164732
54,Barents Sea,LWMWN,Asterionellopsis glacialis,2023,number of grid cells (10x10km),GAM,3,1.1235380859164732
54,Barents Sea,LWMWN,Asterionellopsis glacialis,2024,number of grid cells (10x10km),GAM,3,1.1235380859164732
54,Barents Sea,QSCF,Caprella mutica,2022,number of occurrences,GAM,0,0.6985308740351944
54,Barents Sea,QSCF,Caprella mutica,2023,number of occurrences,GAM,0,0.6985308740351944
54,Barents Sea,QSCF,Caprella mutica,2024,number of occurrences,GAM,0,0.6985308740351944
54,Barents Sea,QSCF,Caprella mutica,2022,number of grid cells (10x10km),GAM,0,0.8717041825565403
54,Barents Sea,QSCF,Caprella mutica,2023,number of grid cells (10x10km),GAM,0,0.8717041825565403
54,Barents Sea,QSCF,Caprella mutica,2024,number of grid cells (10x10km),GAM,1,0.8717041825565403
54,Barents Sea,R48N,Carcinus maenas,2022,number of occurrences,GAM,3,1.0591612261004688
54,Barents Sea,R48N,Carcinus maenas,2023,number of occurrences,GAM,3,1.0591612261004688
54,Barents Sea,R48N,Carcinus maenas,2024,number of occurrences,GAM,3,1.0591612261004688
54,Barents Sea,R48N,Carcinus maenas,2022,number of grid cells (10x10km),GAM,3,1.0416554174463541
54,Barents Sea,R48N,Carcinus maenas,2023,number of grid cells (10x10km),GAM,3,1.0416554174463541
54,Barents Sea,R48N,Carcinus maenas,2024,number of grid cells (10x10km),GAM,1,1.0416554174463541
54,Barents Sea,TB5V,Chaetoceros lorenzianus,2022,number of occurrences,decision rules,1,
54,Barents Sea,TB5V,Chaetoceros lorenzianus,2023,number of occurrences,decision rules,1,
54,Barents Sea,TB5V,Chaetoceros lorenzianus,2024,number of occurrences,decision rules,1,
54,Barents Sea,TB5V,Chaetoceros lorenzianus,2022,number of grid cells (10x10km),decision rules,1,
54,Barents Sea,TB5V,Chaetoceros lorenzianus,2023,number of grid cells (10x10km),decision rules,1,
54,Barents Sea,TB5V,Chaetoceros lorenzianus,2024,number of grid cells (10x10km),decision rules,1,
54,Barents Sea,5XNK6,Chaetoceros concavicornis,2022,number of occurrences,GAM,0,0.24588340076427215
54,Barents Sea,5XNK6,Chaetoceros concavicornis,2023,number of occurrences,GAM,0,0.24588340076427215
54,Barents Sea,5XNK6,Chaetoceros concavicornis,2024,number of occurrences,GAM,0,0.24588340076427215
54,Barents Sea,5XNK6,Chaetoceros concavicornis,2022,number of grid cells (10x10km),GAM,0,0.29286640677374354
54,Barents Sea,5XNK6,Chaetoceros concavicornis,2023,number of grid cells (10x10km),GAM,0,0.29286640677374354
54,Barents Sea,5XNK6,Chaetoceros concavicornis,2024,number of grid cells (10x10km),GAM,0,0.29286640677374354
54,Barents Sea,MM697,Chorda filum,2022,number of occurrences,GAM,3,1.1379171081861084
54,Barents Sea,MM697,Chorda filum,2023,number of occurrences,GAM,3,1.1379171081861084
54,Barents Sea,MM697,Chorda filum,2024,number of occurrences,GAM,3,1.1379171081861084
54,Barents Sea,MM697,Chorda filum,2022,number of grid cells (10x10km),GAM,3,1.2221200635593457
54,Barents Sea,MM697,Chorda filum,2023,number of grid cells (10x10km),GAM,3,1.2221200635593457
54,Barents Sea,MM697,Chorda filum,2024,number of grid cells (10x10km),GAM,3,1.2221200635593457
54,Barents Sea,N4VRP,Codium fragile,2022,number of occurrences,GAM,1,0.870538475534673
54,Barents Sea,N4VRP,Codium fragile,2023,number of occurrences,GAM,1,0.870538475534673
54,Barents Sea,N4VRP,Codium fragile,2024,number of occurrences,GAM,1,0.870538475534673
54,Barents Sea,N4VRP,Codium fragile,2022,number of grid cells (10x10km),GAM,1,0.8568254341661244
54,Barents Sea,N4VRP,Codium fragile,2023,number of grid cells (10x10km),GAM,1,0.8568254341661244
54,Barents Sea,N4VRP,Codium fragile,2024,number of grid cells (10x10km),GAM,1,0.8568254341661244
54,Barents Sea,MV9KS,Coscinodiscus wailesii,2022,number of occurrences,decision rules,2,
54,Barents Sea,MV9KS,Coscinodiscus wailesii,2023,number of occurrences,decision rules,1,
54,Barents Sea,MV9KS,Coscinodiscus wailesii,2024,number of occurrences,decision rules,1,
54,Barents Sea,MV9KS,Coscinodiscus wailesii,2022,number of grid cells (10x10km),decision rules,3,
54,Barents Sea,MV9KS,Coscinodiscus wailesii,2023,number of grid cells (10x10km),decision rules,1,
54,Barents Sea,MV9KS,Coscinodiscus wailesii,2024,number of grid cells (10x10km),decision rules,1,
54,Barents Sea,32WFN,Cyclopterus lumpus,2022,number of occurrences,GAM,3,1.0273366992220758
54,Barents Sea,32WFN,Cyclopterus lumpus,2023,number of occurrences,GAM,3,1.0273366992220758
54,Barents Sea,32WFN,Cyclopterus lumpus,2024,number of occurrences,GAM,3,1.0273366992220758
54,Barents Sea,32WFN,Cyclopterus lumpus,2022,number of grid cells (10x10km),GAM,3,1.0198675012169645
54,Barents Sea,32WFN,Cyclopterus lumpus,2023,number of grid cells (10x10km),GAM,3,1.0198675012169645
54,Barents Sea,32WFN,Cyclopterus lumpus,2024,number of grid cells (10x10km),GAM,3,1.0198675012169645
54,Barents Sea,NFDLC,Dinobryon faculiferum,2022,number of occurrences,GAM,0,0.6330253115596085
54,Barents Sea,NFDLC,Dinobryon faculiferum,2023,number of occurrences,GAM,0,0.6330253115596085
54,Barents Sea,NFDLC,Dinobryon faculiferum,2024,number of occurrences,GAM,0,0.6330253115596085
54,Barents Sea,NFDLC,Dinobryon faculiferum,2022,number of grid cells (10x10km),GAM,0,0.7180769231593892
54,Barents Sea,NFDLC,Dinobryon faculiferum,2023,number of grid cells (10x10km),GAM,0,0.7180769231593892
54,Barents Sea,NFDLC,Dinobryon faculiferum,2024,number of grid cells (10x10km),GAM,0,0.7180769231593892
54,Barents Sea,36PZC,Dipolydora quadrilobata,2022,number of occurrences,GAM,3,1.029672111656825
54,Barents Sea,36PZC,Dipolydora quadrilobata,2023,number of occurrences,GAM,3,1.029672111656825
54,Barents Sea,36PZC,Dipolydora quadrilobata,2024,number of occurrences,GAM,3,1.029672111656825
54,Barents Sea,36PZC,Dipolydora quadrilobata,2022,number of grid cells (10x10km),GAM,3,1.0736162459502865
54,Barents Sea,36PZC,Dipolydora quadrilobata,2023,number of grid cells (10x10km),GAM,3,1.0736162459502865
54,Barents Sea,36PZC,Dipolydora quadrilobata,2024,number of grid cells (10x10km),GAM,3,1.0736162459502865
54,Barents Sea,36PZF,Dipolydora socialis,2022,number of occurrences,GAM,0,0.5808449200412398
54,Barents Sea,36PZF,Dipolydora socialis,2023,number of occurrences,GAM,0,0.5808449200412398
54,Barents Sea,36PZF,Dipolydora socialis,2024,number of occurrences,GAM,0,0.5808449200412398
54,Barents Sea,36PZF,Dipolydora socialis,2022,number of grid cells (10x10km),GAM,0,0.6408237386623677
54,Barents Sea,36PZF,Dipolydora socialis,2023,number of grid cells (10x10km),GAM,0,0.6408237386623677
54,Barents Sea,36PZF,Dipolydora socialis,2024,number of grid cells (10x10km),GAM,0,0.6408237386623677
54,Barents Sea,3BT78,Euchone incolor,2022,number of occurrences,decision rules,2,
54,Barents Sea,3BT78,Euchone incolor,2023,number of occurrences,decision rules,2,
54,Barents Sea,3BT78,Euchone incolor,2024,number of occurrences,decision rules,2,
54,Barents Sea,3BT78,Euchone incolor,2022,number of grid cells (10x10km),decision rules,2,
54,Barents Sea,3BT78,Euchone incolor,2023,number of grid cells (10x10km),decision rules,2,
54,Barents Sea,3BT78,Euchone incolor,2024,number of grid cells (10x10km),decision rules,2,
54,Barents Sea,PGHVY,Fucus distichus,2022,number of occurrences,decision rules,2,
54,Barents Sea,PGHVY,Fucus distichus,2023,number of occurrences,decision rules,2,
54,Barents Sea,PGHVY,Fucus distichus,2024,number of occurrences,decision rules,2,
54,Barents Sea,PGHVY,Fucus distichus,2022,number of grid cells (10x10km),GAM,1,1.009512444795478
54,Barents Sea,PGHVY,Fucus distichus,2023,number of grid cells (10x10km),GAM,1,1.009512444795478
54,Barents Sea,PGHVY,Fucus distichus,2024,number of grid cells (10x10km),GAM,1,1.009512444795478
54,Barents Sea,PGMCT,Fucus serratus,2022,number of occurrences,GAM,3,1.2212026935482594
54,Barents Sea,PGMCT,Fucus serratus,2023,number of occurrences,GAM,3,1.2212026935482594
54,Barents Sea,PGMCT,Fucus serratus,2024,number of occurrences,GAM,3,1.2212026935482594
54,Barents Sea,PGMCT,Fucus serratus,2022,number of grid cells (10x10km),GAM,3,1.095342778643351
54,Barents Sea,PGMCT,Fucus serratus,2023,number of grid cells (10x10km),GAM,3,1.095342778643351
54,Barents Sea,PGMCT,Fucus serratus,2024,number of grid cells (10x10km),GAM,3,1.095342778643351
54,Barents Sea,PHYYY,Halosiphon tomentosus,2022,number of occurrences,GAM,3,1.1762920099688319
54,Barents Sea,PHYYY,Halosiphon tomentosus,2023,number of occurrences,GAM,3,1.1762920099688319
54,Barents Sea,PHYYY,Halosiphon tomentosus,2024,number of occurrences,GAM,3,1.1762920099688319
54,Barents Sea,PHYYY,Halosiphon tomentosus,2022,number of grid cells (10x10km),GAM,3,1.172002851668303
54,Barents Sea,PHYYY,Halosiphon tomentosus,2023,number of grid cells (10x10km),GAM,3,1.172002851668303
54,Barents Sea,PHYYY,Halosiphon tomentosus,2024,number of grid cells (10x10km),GAM,3,1.172002851668303
54,Barents Sea,3VNQM,Littorina obtusata,2022,number of occurrences,GAM,1,0.9929720644812849
54,Barents Sea,3VNQM,Littorina obtusata,2023,number of occurrences,GAM,1,0.9929720644812849
54,Barents Sea,3VNQM,Littorina obtusata,2024,number of occurrences,GAM,1,0.9929720644812849
54,Barents Sea,3VNQM,Littorina obtusata,2022,number of grid cells (10x10km),GAM,3,1.0485496992829522
54,Barents Sea,3VNQM,Littorina obtusata,2023,number of grid cells (10x10km),GAM,3,1.0485496992829522
54,Barents Sea,3VNQM,Littorina obtusata,2024,number of grid cells (10x10km),GAM,3,1.0485496992829522
54,Barents Sea,42Z4T,Micromesistius poutassou,2022,number of occurrences,GAM,3,1.1478706114180848
54,Barents Sea,42Z4T,Micromesistius poutassou,2023,number of occurrences,GAM,3,1.1478706114180848
54,Barents Sea,42Z4T,Micromesistius poutassou,2024,number of occurrences,GAM,3,1.1478706114180848
54,Barents Sea,42Z4T,Micromesistius poutassou,2022,number of grid cells (10x10km),GAM,3,1.1377297187972302
54,Barents Sea,42Z4T,Micromesistius poutassou,2023,number of grid cells (10x10km),GAM,3,1.1377297187972302
54,Barents Sea,42Z4T,Micromesistius poutassou,2024,number of grid cells (10x10km),GAM,3,1.1377297187972302
54,Barents Sea,44RHY,Mya arenaria,2022,number of occurrences,GAM,3,1.1253942384101325
54,Barents Sea,44RHY,Mya arenaria,2023,number of occurrences,GAM,3,1.1253942384101325
54,Barents Sea,44RHY,Mya arenaria,2024,number of occurrences,GAM,3,1.1253942384101325
54,Barents Sea,44RHY,Mya arenaria,2022,number of grid cells (10x10km),GAM,3,1.2322338171339533
54,Barents Sea,44RHY,Mya arenaria,2023,number of grid cells (10x10km),GAM,3,1.2322338171339533
54,Barents Sea,44RHY,Mya arenaria,2024,number of grid cells (10x10km),GAM,3,1.2322338171339533
54,Barents Sea,472YS,Nephtys ciliata,2022,number of occurrences,GAM,3,1.2498822479370018
54,Barents Sea,472YS,Nephtys ciliata,2023,number of occurrences,GAM,3,1.2498822479370018
54,Barents Sea,472YS,Nephtys ciliata,2024,number of occurrences,GAM,3,1.2498822479370018
54,Barents Sea,472YS,Nephtys ciliata,2022,number of grid cells (10x10km),GAM,3,1.2219439864577313
54,Barents Sea,472YS,Nephtys ciliata,2023,number of grid cells (10x10km),GAM,3,1.2219439864577313
54,Barents Sea,472YS,Nephtys ciliata,2024,number of grid cells (10x10km),GAM,3,1.2219439864577313
54,Barents Sea,B3JCD,Paralithodes camtschaticus,2022,number of occurrences,decision rules,2,
54,Barents Sea,B3JCD,Paralithodes camtschaticus,2023,number of occurrences,decision rules,2,
54,Barents Sea,B3JCD,Paralithodes camtschaticus,2024,number of occurrences,decision rules,1,
54,Barents Sea,B3JCD,Paralithodes camtschaticus,2022,number of grid cells (10x10km),GAM,1,0.9542710403550426
54,Barents Sea,B3JCD,Paralithodes camtschaticus,2023,number of grid cells (10x10km),GAM,1,0.9542710403550426
54,Barents Sea,B3JCD,Paralithodes camtschaticus,2024,number of grid cells (10x10km),GAM,1,0.9542710403550426
54,Barents Sea,RZPNM,Porphyra umbilicalis,2022,number of occurrences,GAM,3,1.172835266428186
54,Barents Sea,RZPNM,Porphyra umbilicalis,2023,number of occurrences,GAM,3,1.172835266428186
54,Barents Sea,RZPNM,Porphyra umbilicalis,2024,number of occurrences,GAM,3,1.172835266428186
54,Barents Sea,RZPNM,Porphyra umbilicalis,2022,number of grid cells (10x10km),GAM,3,1.146057541543857
54,Barents Sea,RZPNM,Porphyra umbilicalis,2023,number of grid cells (10x10km),GAM,3,1.146057541543857
54,Barents Sea,RZPNM,Porphyra umbilicalis,2024,number of grid cells (10x10km),GAM,3,1.146057541543857
54,Barents Sea,RVKDP,Pronoctiluca pelagica,2022,number of occurrences,GAM,0,0.5440292925556776
54,Barents Sea,RVKDP,Pronoctiluca pelagica,2023,number of occurrences,GAM,0,0.5440292925556776
54,Barents Sea,RVKDP,Pronoctiluca pelagica,2024,number of occurrences,GAM,0,0.5440292925556776
54,Barents Sea,RVKDP,Pronoctiluca pelagica,2022,number of grid cells (10x10km),GAM,0,0.5745244965545647
54,Barents Sea,RVKDP,Pronoctiluca pelagica,2023,number of grid cells (10x10km),GAM,0,0.5745244965545647
54,Barents Sea,RVKDP,Pronoctiluca pelagica,2024,number of grid cells (10x10km),GAM,0,0.5745244965545647
54,Barents Sea,6WGQH,Pseudopotamilla reniformis,2022,number of occurrences,GAM,1,0.6373809426678703
54,Barents Sea,6WGQH,Pseudopotamilla reniformis,2023,number of occurrences,GAM,1,0.6373809426678703
54,Barents Sea,6WGQH,Pseudopotamilla reniformis,2024,number of occurrences,GAM,1,0.6373809426678703
54,Barents Sea,6WGQH,Pseudopotamilla reniformis,2022,number of grid cells (10x10km),GAM,1,0.840567932566456
54,Barents Sea,6WGQH,Pseudopotamilla reniformis,2023,number of grid cells (10x10km),GAM,1,0.840567932566456
54,Barents Sea,6WGQH,Pseudopotamilla reniformis,2024,number of grid cells (10x10km),GAM,1,0.840567932566456
54,Barents Sea,SKMYS,Pterosperma cristatum,2022,number of occurrences,GAM,1,0.7985920422805911
54,Barents Sea,SKMYS,Pterosperma cristatum,2023,number of occurrences,GAM,1,0.7985920422805911
54,Barents Sea,SKMYS,Pterosperma cristatum,2024,number of occurrences,GAM,1,0.7985920422805911
54,Barents Sea,SKMYS,Pterosperma cristatum,2022,number of grid cells (10x10km),GAM,1,0.8768560244097703
54,Barents Sea,SKMYS,Pterosperma cristatum,2023,number of grid cells (10x10km),GAM,1,0.8768560244097703
54,Barents Sea,SKMYS,Pterosperma cristatum,2024,number of grid cells (10x10km),GAM,1,0.8768560244097703
54,Barents Sea,SHPG2,Rhizosolenia styliformis,2022,number of occurrences,GAM,0,0.6107488456317319
54,Barents Sea,SHPG2,Rhizosolenia styliformis,2023,number of occurrences,GAM,0,0.6107488456317319
54,Barents Sea,SHPG2,Rhizosolenia styliformis,2024,number of occurrences,GAM,0,0.6107488456317319
54,Barents Sea,SHPG2,Rhizosolenia styliformis,2022,number of grid cells (10x10km),GAM,0,0.6154384440637833
54,Barents Sea,SHPG2,Rhizosolenia styliformis,2023,number of grid cells (10x10km),GAM,0,0.6154384440637833
54,Barents Sea,SHPG2,Rhizosolenia styliformis,2024,number of grid cells (10x10km),GAM,0,0.6154384440637833
54,Barents Sea,4VRP9,Scolelepis korsuni,2022,number of occurrences,GAM,1,0.8888817366947538
54,Barents Sea,4VRP9,Scolelepis korsuni,2023,number of occurrences,GAM,1,0.8888817366947538
54,Barents Sea,4VRP9,Scolelepis korsuni,2024,number of occurrences,GAM,1,0.8888817366947538
54,Barents Sea,4VRP9,Scolelepis korsuni,2022,number of grid cells (10x10km),GAM,1,0.9974066086952581
54,Barents Sea,4VRP9,Scolelepis korsuni,2023,number of grid cells (10x10km),GAM,1,0.9974066086952581
54,Barents Sea,4VRP9,Scolelepis korsuni,2024,number of grid cells (10x10km),GAM,1,0.9974066086952581
54,Barents Sea,53ML9,Syllidia armata,2022,number of occurrences,decision rules,1,
54,Barents Sea,53ML9,Syllidia armata,2023,number of occurrences,decision rules,1,
54,Barents Sea,53ML9,Syllidia armata,2024,number of occurrences,decision rules,1,
54,Barents Sea,53ML9,Syllidia armata,2022,number of grid cells (10x10km),decision rules,2,
54,Barents Sea,53ML9,Syllidia armata,2023,number of grid cells (10x10km),decision rules,2,
54,Barents Sea,53ML9,Syllidia armata,2024,number of grid cells (10x10km),decision rules,1,
54,Barents Sea,T8WJW,Thalassiosira nordenskioeldii,2022,number of occurrences,GAM,3,1.6378292151342788
54,Barents Sea,T8WJW,Thalassiosira nordenskioeldii,2023,number of occurrences,GAM,3,1.6378292151342788
54,Barents Sea,T8WJW,Thalassiosira nordenskioeldii,2024,number of occurrences,GAM,3,1.6378292151342788
54,Barents Sea,T8WJW,Thalassiosira nordenskioeldii,2022,number of grid cells (10x10km),GAM,3,1.600366336611758
54,Barents Sea,T8WJW,Thalassiosira nordenskioeldii,2023,number of grid cells (10x10km),GAM,3,1.600366336611758
54,Barents Sea,T8WJW,Thalassiosira nordenskioeldii,2024,number of grid cells (10x10km),GAM,3,1.600366336611758
54,Barents Sea,564M4,Tharyx killariensis,2022,number of occurrences,GAM,1,0.8219331966008376
54,Barents Sea,564M4,Tharyx killariensis,2023,number of occurrences,GAM,1,0.8219331966008376
54,Barents Sea,564M4,Tharyx killariensis,2024,number of occurrences,GAM,1,0.8219331966008376
54,Barents Sea,564M4,Tharyx killariensis,2022,number of grid cells (10x10km),GAM,1,0.9204189695577994
54,Barents Sea,564M4,Tharyx killariensis,2023,number of grid cells (10x10km),GAM,1,0.9204189695577994
54,Barents Sea,564M4,Tharyx killariensis,2024,number of grid cells (10x10km),GAM,1,0.9204189695577994
54,Barents Sea,7CXK2,Tubificoides benedii,2022,number of occurrences,GAM,3,1.0360779406504381
54,Barents Sea,7CXK2,Tubificoides benedii,2023,number of occurrences,GAM,3,1.0360779406504381
54,Barents Sea,7CXK2,Tubificoides benedii,2024,number of occurrences,GAM,3,1.0360779406504381
54,Barents Sea,7CXK2,Tubificoides benedii,2022,number of grid cells (10x10km),GAM,3,1.1233721319121734
54,Barents Sea,7CXK2,Tubificoides benedii,2023,number of grid cells (10x10km),GAM,3,1.1233721319121734
54,Barents Sea,7CXK2,Tubificoides benedii,2024,number of grid cells (10x10km),GAM,3,1.1233721319121734
54,Barents Sea,59K2N,Tubularia indivisa,2022,number of occurrences,decision rules,1,
54,Barents Sea,59K2N,Tubularia indivisa,2023,number of occurrences,decision rules,2,
54,Barents Sea,59K2N,Tubularia indivisa,2024,number of occurrences,decision rules,3,
54,Barents Sea,59K2N,Tubularia indivisa,2022,number of grid cells (10x10km),GAM,3,1.1198751415191701
54,Barents Sea,59K2N,Tubularia indivisa,2023,number of grid cells (10x10km),GAM,3,1.1198751415191701
54,Barents Sea,59K2N,Tubularia indivisa,2024,number of grid cells (10x10km),GAM,3,1.1198751415191701
54,Barents Sea,L9NRY,Alexandrium minutum,2022,number of occurrences,decision rules,2,
54,Barents Sea,L9NRY,Alexandrium minutum,2023,number of occurrences,decision rules,2,
54,Barents Sea,L9NRY,Alexandrium minutum,2024,number of occurrences,decision rules,2,
54,Barents Sea,L9NRY,Alexandrium minutum,2022,number of grid cells (10x10km),decision rules,2,
54,Barents Sea,L9NRY,Alexandrium minutum,2023,number of grid cells (10x10km),decision rules,2,
54,Barents Sea,L9NRY,Alexandrium minutum,2024,number of grid cells (10x10km),decision rules,2,
54,Barents Sea,NFCHP,Ectocarpus siliculosus,2022,number of occurrences,GAM,3,1.1837237214337166
54,Barents Sea,NFCHP,Ectocarpus siliculosus,2023,number of occurrences,GAM,3,1.1837237214337166
54,Barents Sea,NFCHP,Ectocarpus siliculosus,2024,number of occurrences,GAM,3,1.1837237214337166
54,Barents Sea,NFCHP,Ectocarpus siliculosus,2022,number of grid cells (10x10km),GAM,3,1.1819139115948794
54,Barents Sea,NFCHP,Ectocarpus siliculosus,2023,number of grid cells (10x10km),GAM,3,1.1819139115948794
54,Barents Sea,NFCHP,Ectocarpus siliculosus,2024,number of grid cells (10x10km),GAM,3,1.1819139115948794
54,Barents Sea,PGJ56,Fucus evanescens,2022,number of occurrences,GAM,3,1.0707782205793772
54,Barents Sea,PGJ56,Fucus evanescens,2023,number of occurrences,GAM,3,1.0707782205793772
54,Barents Sea,PGJ56,Fucus evanescens,2024,number of occurrences,GAM,3,1.0707782205793772
54,Barents Sea,PGJ56,Fucus evanescens,2022,number of grid cells (10x10km),GAM,3,1.1575604360403187
54,Barents Sea,PGJ56,Fucus evanescens,2023,number of grid cells (10x10km),GAM,3,1.1575604360403187
54,Barents Sea,PGJ56,Fucus evanescens,2024,number of grid cells (10x10km),GAM,3,1.1575604360403187
54,Barents Sea,Q9BCD,Karenia mikimotoi,2022,number of occurrences,GAM,0,0.2778062402259285
54,Barents Sea,Q9BCD,Karenia mikimotoi,2023,number of occurrences,GAM,0,0.2778062402259285
54,Barents Sea,Q9BCD,Karenia mikimotoi,2024,number of occurrences,GAM,0,0.2778062402259285
54,Barents Sea,Q9BCD,Karenia mikimotoi,2022,number of grid cells (10x10km),GAM,0,0.3169139304940811
54,Barents Sea,Q9BCD,Karenia mikimotoi,2023,number of grid cells (10x10km),GAM,0,0.3169139304940811
54,Barents Sea,Q9BCD,Karenia mikimotoi,2024,number of grid cells (10x10km),GAM,0,0.3169139304940811
54,Barents Sea,Q9CYR,Karlodinium veneficum,2022,number of occurrences,GAM,0,0.2555162059355898
54,Barents Sea,Q9CYR,Karlodinium veneficum,2023,number of occurrences,GAM,0,0.2555162059355898
54,Barents Sea,Q9CYR,Karlodinium veneficum,2024,number of occurrences,GAM,0,0.2555162059355898
54,Barents Sea,Q9CYR,Karlodinium veneficum,2022,number of grid cells (10x10km),GAM,0,0.3485119812366923
54,Barents Sea,Q9CYR,Karlodinium veneficum,2023,number of grid cells (10x10km),GAM,0,0.3485119812366923
54,Barents Sea,Q9CYR,Karlodinium veneficum,2024,number of grid cells (10x10km),GAM,0,0.3485119812366923
54,Barents Sea,VJY5B,Lessardia elongata,2022,number of occurrences,GAM,0,0.6943155476829359
54,Barents Sea,VJY5B,Lessardia elongata,2023,number of occurrences,GAM,0,0.6943155476829359
54,Barents Sea,VJY5B,Lessardia elongata,2024,number of occurrences,GAM,0,0.6943155476829359
54,Barents Sea,VJY5B,Lessardia elongata,2022,number of grid cells (10x10km),GAM,1,0.7229379253140672
54,Barents Sea,VJY5B,Lessardia elongata,2023,number of grid cells (10x10km),GAM,1,0.7229379253140672
54,Barents Sea,VJY5B,Lessardia elongata,2024,number of grid cells (10x10km),GAM,1,0.7229379253140672
54,Barents Sea,RWNKZ,Prorocentrum cordatum,2022,number of occurrences,GAM,0,0.4576284832326595
54,Barents Sea,RWNKZ,Prorocentrum cordatum,2023,number of occurrences,GAM,0,0.4576284832326595
54,Barents Sea,RWNKZ,Prorocentrum cordatum,2024,number of occurrences,GAM,0,0.4576284832326595
54,Barents Sea,RWNKZ,Prorocentrum cordatum,2022,number of grid cells (10x10km),GAM,0,0.6284831497022313
54,Barents Sea,RWNKZ,Prorocentrum cordatum,2023,number of grid cells (10x10km),GAM,0,0.6284831497022313
54,Barents Sea,RWNKZ,Prorocentrum cordatum,2024,number of grid cells (10x10km),GAM,0,0.6284831497022313
54,Barents Sea,SHPCB,Rhizosolenia setigera,2022,number of occurrences,GAM,0,0.6674518507945083
54,Barents Sea,SHPCB,Rhizosolenia setigera,2023,number of occurrences,GAM,0,0.6674518507945083
54,Barents Sea,SHPCB,Rhizosolenia setigera,2024,number of occurrences,GAM,0,0.6674518507945083
54,Barents Sea,SHPCB,Rhizosolenia setigera,2022,number of grid cells (10x10km),GAM,0,0.6779666785075771
54,Barents Sea,SHPCB,Rhizosolenia setigera,2023,number of grid cells (10x10km),GAM,0,0.6779666785075771
54,Barents Sea,SHPCB,Rhizosolenia setigera,2024,number of grid cells (10x10km),GAM,0,0.6779666785075771
54,Barents Sea,3JBV8,Halichoerus grypus,2022,number of occurrences,GAM,3,1.154544005749154
54,Barents Sea,3JBV8,Halichoerus grypus,2023,number of occurrences,GAM,3,1.154544005749154
54,Barents Sea,3JBV8,Halichoerus grypus,2024,number of occurrences,GAM,3,1.154544005749154
54,Barents Sea,3JBV8,Halichoerus grypus,2022,number of grid cells (10x10km),GAM,3,1.1148815117941566
54,Barents Sea,3JBV8,Halichoerus grypus,2023,number of grid cells (10x10km),GAM,3,1.1148815117941566
54,Barents Sea,3JBV8,Halichoerus grypus,2024,number of grid cells (10x10km),GAM,3,1.1148815117941566
1,Baltic Sea,B29V,Agonus cataphractus,2022,number of occurrences,GAM,3,1.0825506287807911
1,Baltic Sea,B29V,Agonus cataphractus,2023,number of occurrences,GAM,3,1.0825506287807911
1,Baltic Sea,B29V,Agonus cataphractus,2024,number of occurrences,GAM,3,1.0825506287807911
1,Baltic Sea,B29V,Agonus cataphractus,2022,number of grid cells (10x10km),GAM,3,1.1132211456192076
1,Baltic Sea,B29V,Agonus cataphractus,2023,number of grid cells (10x10km),GAM,3,1.1132211456192076
1,Baltic Sea,B29V,Agonus cataphractus,2024,number of grid cells (10x10km),GAM,3,1.1132211456192076
1,Baltic Sea,BSN6,Alitta succinea,2022,number of occurrences,GAM,3,1.0329055942819154
1,Baltic Sea,BSN6,Alitta succinea,2023,number of occurrences,GAM,3,1.0329055942819154
1,Baltic Sea,BSN6,Alitta succinea,2024,number of occurrences,GAM,3,1.0329055942819154
1,Baltic Sea,BSN6,Alitta succinea,2022,number of grid cells (10x10km),GAM,3,1.151751365474809
1,Baltic Sea,BSN6,Alitta succinea,2023,number of grid cells (10x10km),GAM,3,1.151751365474809
1,Baltic Sea,BSN6,Alitta succinea,2024,number of grid cells (10x10km),GAM,3,1.151751365474809
1,Baltic Sea,LBG2M,Apedinella radians,2022,number of occurrences,GAM,3,1.1148422839318592
1,Baltic Sea,LBG2M,Apedinella radians,2023,number of occurrences,GAM,3,1.1148422839318592
1,Baltic Sea,LBG2M,Apedinella radians,2024,number of occurrences,GAM,3,1.1148422839318592
1,Baltic Sea,LBG2M,Apedinella radians,2022,number of grid cells (10x10km),GAM,3,1.1808671616291462
1,Baltic Sea,LBG2M,Apedinella radians,2023,number of grid cells (10x10km),GAM,3,1.1808671616291462
1,Baltic Sea,LBG2M,Apedinella radians,2024,number of grid cells (10x10km),GAM,3,1.1808671616291462
1,Baltic Sea,R48N,Carcinus maenas,2022,number of occurrences,GAM,1,0.9461338638459438
1,Baltic Sea,R48N,Carcinus maenas,2023,number of occurrences,GAM,1,0.9461338638459438
1,Baltic Sea,R48N,Carcinus maenas,2024,number of occurrences,GAM,1,0.9461338638459438
1,Baltic Sea,R48N,Carcinus maenas,2022,number of grid cells (10x10km),GAM,3,1.08327191120792
1,Baltic Sea,R48N,Carcinus maenas,2023,number of grid cells (10x10km),GAM,3,1.08327191120792
1,Baltic Sea,R48N,Carcinus maenas,2024,number of grid cells (10x10km),GAM,3,1.08327191120792
1,Baltic Sea,MPMVS,Ceramium tenuicorne,2022,number of occurrences,GAM,0,0.7094868287665931
1,Baltic Sea,MPMVS,Ceramium tenuicorne,2023,number of occurrences,GAM,0,0.7094868287665931
1,Baltic Sea,MPMVS,Ceramium tenuicorne,2024,number of occurrences,GAM,0,0.7094868287665931
1,Baltic Sea,MPMVS,Ceramium tenuicorne,2022,number of grid cells (10x10km),GAM,0,0.8116056314476396
1,Baltic Sea,MPMVS,Ceramium tenuicorne,2023,number of grid cells (10x10km),GAM,0,0.8116056314476396
1,Baltic Sea,MPMVS,Ceramium tenuicorne,2024,number of grid cells (10x10km),GAM,0,0.8116056314476396
1,Baltic Sea,SSYB,Cercopagis pengoi,2022,number of occurrences,GAM,0,0.6278529921447908
1,Baltic Sea,SSYB,Cercopagis pengoi,2023,number of occurrences,GAM,0,0.6278529921447908
1,Baltic Sea,SSYB,Cercopagis pengoi,2024,number of occurrences,GAM,0,0.6278529921447908
1,Baltic Sea,SSYB,Cercopagis pengoi,2022,number of grid cells (10x10km),GAM,0,0.8399139208983516
1,Baltic Sea,SSYB,Cercopagis pengoi,2023,number of grid cells (10x10km),GAM,0,0.8399139208983516
1,Baltic Sea,SSYB,Cercopagis pengoi,2024,number of grid cells (10x10km),GAM,0,0.8399139208983516
1,Baltic Sea,TB5V,Chaetoceros lorenzianus,2022,number of occurrences,GAM,0,0.6942041032784584
1,Baltic Sea,TB5V,Chaetoceros lorenzianus,2023,number of occurrences,GAM,0,0.6942041032784584
1,Baltic Sea,TB5V,Chaetoceros lorenzianus,2024,number of occurrences,GAM,0,0.6942041032784584
1,Baltic Sea,TB5V,Chaetoceros lorenzianus,2022,number of grid cells (10x10km),GAM,0,0.6909293634270836
1,Baltic Sea,TB5V,Chaetoceros lorenzianus,2023,number of grid cells (10x10km),GAM,0,0.6909293634270836
1,Baltic Sea,TB5V,Chaetoceros lorenzianus,2024,number of grid cells (10x10km),GAM,0,0.6909293634270836
1,Baltic Sea,5XQWG,Chelicorophium curvispinum,2022,number of occurrences,GAM,0,0.4493822646559728
1,Baltic Sea,5XQWG,Chelicorophium curvispinum,2023,number of occurrences,GAM,0,0.4493822646559728
1,Baltic Sea,5XQWG,Chelicorophium curvispinum,2024,number of occurrences,GAM,0,0.4493822646559728
1,Baltic Sea,5XQWG,Chelicorophium curvispinum,2022,number of grid cells (10x10km),GAM,1,0.7662669794296065
1,Baltic Sea,5XQWG,Chelicorophium curvispinum,2023,number of grid cells (10x10km),GAM,1,0.7662669794296065
1,Baltic Sea,5XQWG,Chelicorophium curvispinum,2024,number of grid cells (10x10km),GAM,1,0.7662669794296065
1,Baltic Sea,MM697,Chorda filum,2022,number of occurrences,GAM,0,0.7432592205352047
1,Baltic Sea,MM697,Chorda filum,2023,number of occurrences,GAM,0,0.7432592205352047
1,Baltic Sea,MM697,Chorda filum,2024,number of occurrences,GAM,0,0.7432592205352047
1,Baltic Sea,MM697,Chorda filum,2022,number of grid cells (10x10km),GAM,0,0.7711503596011243
1,Baltic Sea,MM697,Chorda filum,2023,number of grid cells (10x10km),GAM,0,0.7711503596011243
1,Baltic Sea,MM697,Chorda filum,2024,number of grid cells (10x10km),GAM,0,0.7711503596011243
1,Baltic Sea,32WFN,Cyclopterus lumpus,2022,number of occurrences,GAM,1,0.9079977185478805
1,Baltic Sea,32WFN,Cyclopterus lumpus,2023,number of occurrences,GAM,1,0.9079977185478805
1,Baltic Sea,32WFN,Cyclopterus lumpus,2024,number of occurrences,GAM,1,0.9079977185478805
1,Baltic Sea,32WFN,Cyclopterus lumpus,2022,number of grid cells (10x10km),GAM,1,0.934434208167698
1,Baltic Sea,32WFN,Cyclopterus lumpus,2023,number of grid cells (10x10km),GAM,1,0.934434208167698
1,Baltic Sea,32WFN,Cyclopterus lumpus,2024,number of grid cells (10x10km),GAM,1,0.934434208167698
1,Baltic Sea,364SQ,Dikerogammarus villosus,2022,number of occurrences,decision rules,1,
1,Baltic Sea,364SQ,Dikerogammarus villosus,2023,number of occurrences,decision rules,1,
1,Baltic Sea,364SQ,Dikerogammarus villosus,2024,number of occurrences,decision rules,2,
1,Baltic Sea,364SQ,Dikerogammarus villosus,2022,number of grid cells (10x10km),decision rules,1,
1,Baltic Sea,364SQ,Dikerogammarus villosus,2023,number of grid cells (10x10km),decision rules,1,
1,Baltic Sea,364SQ,Dikerogammarus villosus,2024,number of grid cells (10x10km),decision rules,3,
1,Baltic Sea,NFDLC,Dinobryon faculiferum,2022,number of occurrences,GAM,0,0.8335059857696387
1,Baltic Sea,NFDLC,Dinobryon faculiferum,2023,number of occurrences,GAM,0,0.8335059857696387
1,Baltic Sea,NFDLC,Dinobryon faculiferum,2024,number of occurrences,GAM,0,0.8335059857696387
1,Baltic Sea,NFDLC,Dinobryon faculiferum,2022,number of grid cells (10x10km),GAM,0,0.8424593914673856
1,Baltic Sea,NFDLC,Dinobryon faculiferum,2023,number of grid cells (10x10km),GAM,0,0.8424593914673856
1,Baltic Sea,NFDLC,Dinobryon faculiferum,2024,number of grid cells (10x10km),GAM,0,0.8424593914673856
1,Baltic Sea,36PZC,Dipolydora quadrilobata,2022,number of occurrences,GAM,0,0.8129016152437634
1,Baltic Sea,36PZC,Dipolydora quadrilobata,2023,number of occurrences,GAM,0,0.8129016152437634
1,Baltic Sea,36PZC,Dipolydora quadrilobata,2024,number of occurrences,GAM,0,0.8129016152437634
1,Baltic Sea,36PZC,Dipolydora quadrilobata,2022,number of grid cells (10x10km),GAM,1,0.8971960192145197
1,Baltic Sea,36PZC,Dipolydora quadrilobata,2023,number of grid cells (10x10km),GAM,1,0.8971960192145197
1,Baltic Sea,36PZC,Dipolydora quadrilobata,2024,number of grid cells (10x10km),GAM,1,0.8971960192145197
1,Baltic Sea,3DGBC,Evadne anonyx,2022,number of occurrences,GAM,0,0.5798378805961976
1,Baltic Sea,3DGBC,Evadne anonyx,2023,number of occurrences,GAM,0,0.5798378805961976
1,Baltic Sea,3DGBC,Evadne anonyx,2024,number of occurrences,GAM,0,0.5798378805961976
1,Baltic Sea,3DGBC,Evadne anonyx,2022,number of grid cells (10x10km),GAM,0,0.8033489486702753
1,Baltic Sea,3DGBC,Evadne anonyx,2023,number of grid cells (10x10km),GAM,0,0.8033489486702753
1,Baltic Sea,3DGBC,Evadne anonyx,2024,number of grid cells (10x10km),GAM,0,0.8033489486702753
1,Baltic Sea,6HVS2,Ficopomatus enigmaticus,2022,number of occurrences,GAM,1,1.006802339963203
1,Baltic Sea,6HVS2,Ficopomatus enigmaticus,2023,number of occurrences,GAM,1,1.006802339963203
1,Baltic Sea,6HVS2,Ficopomatus enigmaticus,2024,number of occurrences,GAM,1,1.006802339963203
1,Baltic Sea,6HVS2,Ficopomatus enigmaticus,2022,number of grid cells (10x10km),GAM,3,1.1613710598647715
1,Baltic Sea,6HVS2,Ficopomatus enigmaticus,2023,number of grid cells (10x10km),GAM,3,1.1613710598647715
1,Baltic Sea,6HVS2,Ficopomatus enigmaticus,2024,number of grid cells (10x10km),GAM,3,1.1613710598647715
1,Baltic Sea,PGMCT,Fucus serratus,2022,number of occurrences,GAM,0,0.7331063864121298
1,Baltic Sea,PGMCT,Fucus serratus,2023,number of occurrences,GAM,0,0.7331063864121298
1,Baltic Sea,PGMCT,Fucus serratus,2024,number of occurrences,GAM,0,0.7331063864121298
1,Baltic Sea,PGMCT,Fucus serratus,2022,number of grid cells (10x10km),GAM,3,1.0309029369345653
1,Baltic Sea,PGMCT,Fucus serratus,2023,number of grid cells (10x10km),GAM,3,1.0309029369345653
1,Baltic Sea,PGMCT,Fucus serratus,2024,number of grid cells (10x10km),GAM,3,1.0309029369345653
1,Baltic Sea,3H7P6,Grandidierella japonica,2022,number of occurrences,decision rules,3,
1,Baltic Sea,3H7P6,Grandidierella japonica,2023,number of occurrences,decision rules,3,
1,Baltic Sea,3H7P6,Grandidierella japonica,2024,number of occurrences,decision rules,1,
1,Baltic Sea,3H7P6,Grandidierella japonica,2022,number of grid cells (10x10km),decision rules,1,
1,Baltic Sea,3H7P6,Grandidierella japonica,2023,number of grid cells (10x10km),decision rules,3,
1,Baltic Sea,3H7P6,Grandidierella japonica,2024,number of grid cells (10x10km),decision rules,2,
1,Baltic Sea,7RH6D,Haminella solitaria,2022,number of occurrences,GAM,3,1.685783942131039
1,Baltic Sea,7RH6D,Haminella solitaria,2023,number of occurrences,GAM,1,1.685783942131039
1,Baltic Sea,7RH6D,Haminella solitaria,2024,number of occurrences,GAM,1,1.685783942131039
1,Baltic Sea,7RH6D,Haminella solitaria,2022,number of grid cells (10x10km),GAM,2,1.5123776484971072
1,Baltic Sea,7RH6D,Haminella solitaria,2023,number of grid cells (10x10km),GAM,0,1.5123776484971072
1,Baltic Sea,7RH6D,Haminella solitaria,2024,number of grid cells (10x10km),GAM,0,1.5123776484971072
1,Baltic Sea,L26KD,Hemigrapsus sanguineus,2022,number of occurrences,decision rules,3,
1,Baltic Sea,L26KD,Hemigrapsus sanguineus,2023,number of occurrences,decision rules,1,
1,Baltic Sea,L26KD,Hemigrapsus sanguineus,2024,number of occurrences,decision rules,3,
1,Baltic Sea,L26KD,Hemigrapsus sanguineus,2022,number of grid cells (10x10km),decision rules,3,
1,Baltic Sea,L26KD,Hemigrapsus sanguineus,2023,number of grid cells (10x10km),decision rules,1,
1,Baltic Sea,L26KD,Hemigrapsus sanguineus,2024,number of grid cells (10x10km),decision rules,3,
1,Baltic Sea,3KP8C,Hemigrapsus takanoi,2022,number of occurrences,decision rules,2,
1,Baltic Sea,3KP8C,Hemigrapsus takanoi,2023,number of occurrences,decision rules,3,
1,Baltic Sea,3KP8C,Hemigrapsus takanoi,2024,number of occurrences,decision rules,2,
1,Baltic Sea,3KP8C,Hemigrapsus takanoi,2022,number of grid cells (10x10km),GAM,3,1.2669003336921265
1,Baltic Sea,3KP8C,Hemigrapsus takanoi,2023,number of grid cells (10x10km),GAM,3,1.2669003336921265
1,Baltic Sea,3KP8C,Hemigrapsus takanoi,2024,number of grid cells (10x10km),GAM,3,1.2669003336921265
1,Baltic Sea,3KQ9P,Hemimysis anomala,2022,number of occurrences,GAM,0,0.5809147475871445
1,Baltic Sea,3KQ9P,Hemimysis anomala,2023,number of occurrences,GAM,0,0.5809147475871445
1,Baltic Sea,3KQ9P,Hemimysis anomala,2024,number of occurrences,GAM,0,0.5809147475871445
1,Baltic Sea,3KQ9P,Hemimysis anomala,2022,number of grid cells (10x10km),decision rules,2,
1,Baltic Sea,3KQ9P,Hemimysis anomala,2023,number of grid cells (10x10km),decision rules,2,
1,Baltic Sea,3KQ9P,Hemimysis anomala,2024,number of grid cells (10x10km),decision rules,2,
1,Baltic Sea,3VNQM,Littorina obtusata,2022,number of occurrences,GAM,3,1.259704896399921
1,Baltic Sea,3VNQM,Littorina obtusata,2023,number of occurrences,GAM,3,1.259704896399921
1,Baltic Sea,3VNQM,Littorina obtusata,2024,number of occurrences,GAM,3,1.259704896399921
1,Baltic Sea,3VNQM,Littorina obtusata,2022,number of grid cells (10x10km),GAM,3,1.2293216798811575
1,Baltic Sea,3VNQM,Littorina obtusata,2023,number of grid cells (10x10km),GAM,3,1.2293216798811575
1,Baltic Sea,3VNQM,Littorina obtusata,2024,number of grid cells (10x10km),GAM,3,1.2293216798811575
1,Baltic Sea,7369N,Marenzelleria arctia,2022,number of occurrences,decision rules,3,
1,Baltic Sea,7369N,Marenzelleria arctia,2023,number of occurrences,decision rules,1,
1,Baltic Sea,7369N,Marenzelleria arctia,2024,number of occurrences,decision rules,3,
1,Baltic Sea,7369N,Marenzelleria arctia,2022,number of grid cells (10x10km),decision rules,2,
1,Baltic Sea,7369N,Marenzelleria arctia,2023,number of grid cells (10x10km),decision rules,1,
1,Baltic Sea,7369N,Marenzelleria arctia,2024,number of grid cells (10x10km),decision rules,3,
1,Baltic Sea,6R5XM,Marenzelleria neglecta,2022,number of occurrences,GAM,0,0.6469552552002149
1,Baltic Sea,6R5XM,Marenzelleria neglecta,2023,number of occurrences,GAM,0,0.6469552552002149
1,Baltic Sea,6R5XM,Marenzelleria neglecta,2024,number of occurrences,GAM,0,0.6469552552002149
1,Baltic Sea,6R5XM,Marenzelleria neglecta,2022,number of grid cells (10x10km),GAM,0,0.7391691738644285
1,Baltic Sea,6R5XM,Marenzelleria neglecta,2023,number of grid cells (10x10km),GAM,0,0.7391691738644285
1,Baltic Sea,6R5XM,Marenzelleria neglecta,2024,number of grid cells (10x10km),GAM,0,0.7391691738644285
1,Baltic Sea,446DR,Monocorophium insidiosum,2022,number of occurrences,GAM,1,0.8021310339894402
1,Baltic Sea,446DR,Monocorophium insidiosum,2023,number of occurrences,GAM,1,0.8021310339894402
1,Baltic Sea,446DR,Monocorophium insidiosum,2024,number of occurrences,GAM,1,0.8021310339894402
1,Baltic Sea,446DR,Monocorophium insidiosum,2022,number of grid cells (10x10km),GAM,1,0.9189300775063386
1,Baltic Sea,446DR,Monocorophium insidiosum,2023,number of grid cells (10x10km),GAM,1,0.9189300775063386
1,Baltic Sea,446DR,Monocorophium insidiosum,2024,number of grid cells (10x10km),GAM,1,0.9189300775063386
1,Baltic Sea,44RHY,Mya arenaria,2022,number of occurrences,GAM,1,0.9212334968019271
1,Baltic Sea,44RHY,Mya arenaria,2023,number of occurrences,GAM,1,0.9212334968019271
1,Baltic Sea,44RHY,Mya arenaria,2024,number of occurrences,GAM,1,0.9212334968019271
1,Baltic Sea,44RHY,Mya arenaria,2022,number of grid cells (10x10km),GAM,1,0.9910570222265729
1,Baltic Sea,44RHY,Mya arenaria,2023,number of grid cells (10x10km),GAM,1,0.9910570222265729
1,Baltic Sea,44RHY,Mya arenaria,2024,number of grid cells (10x10km),GAM,1,0.9910570222265729
1,Baltic Sea,472YS,Nephtys ciliata,2022,number of occurrences,GAM,1,0.879697821500046
1,Baltic Sea,472YS,Nephtys ciliata,2023,number of occurrences,GAM,1,0.879697821500046
1,Baltic Sea,472YS,Nephtys ciliata,2024,number of occurrences,GAM,1,0.879697821500046
1,Baltic Sea,472YS,Nephtys ciliata,2022,number of grid cells (10x10km),GAM,1,0.9073869495754
1,Baltic Sea,472YS,Nephtys ciliata,2023,number of grid cells (10x10km),GAM,1,0.9073869495754
1,Baltic Sea,472YS,Nephtys ciliata,2024,number of grid cells (10x10km),GAM,1,0.9073869495754
1,Baltic Sea,9GQWD,Palaemon elegans,2022,number of occurrences,GAM,0,0.8269163601528615
1,Baltic Sea,9GQWD,Palaemon elegans,2023,number of occurrences,GAM,0,0.8269163601528615
1,Baltic Sea,9GQWD,Palaemon elegans,2024,number of occurrences,GAM,0,0.8269163601528615
1,Baltic Sea,9GQWD,Palaemon elegans,2022,number of grid cells (10x10km),GAM,0,0.846996141844093
1,Baltic Sea,9GQWD,Palaemon elegans,2023,number of grid cells (10x10km),GAM,0,0.846996141844093
1,Baltic Sea,9GQWD,Palaemon elegans,2024,number of grid cells (10x10km),GAM,0,0.846996141844093
1,Baltic Sea,4D4F3,Paranais frici,2022,number of occurrences,GAM,2,0.9836955983484246
1,Baltic Sea,4D4F3,Paranais frici,2023,number of occurrences,GAM,2,0.9836955983484246
1,Baltic Sea,4D4F3,Paranais frici,2024,number of occurrences,GAM,3,0.9836955983484246
1,Baltic Sea,4D4F3,Paranais frici,2022,number of grid cells (10x10km),GAM,0,0.8804085394513971
1,Baltic Sea,4D4F3,Paranais frici,2023,number of grid cells (10x10km),GAM,0,0.8804085394513971
1,Baltic Sea,4D4F3,Paranais frici,2024,number of grid cells (10x10km),GAM,0,0.8804085394513971
1,Baltic Sea,RWQ5H,Plagioselmis prolonga,2022,number of occurrences,GAM,0,0.8546704227387818
1,Baltic Sea,RWQ5H,Plagioselmis prolonga,2023,number of occurrences,GAM,0,0.8546704227387818
1,Baltic Sea,RWQ5H,Plagioselmis prolonga,2024,number of occurrences,GAM,0,0.8546704227387818
1,Baltic Sea,RWQ5H,Plagioselmis prolonga,2022,number of grid cells (10x10km),GAM,0,0.8610009644226057
1,Baltic Sea,RWQ5H,Plagioselmis prolonga,2023,number of grid cells (10x10km),GAM,0,0.8610009644226057
1,Baltic Sea,RWQ5H,Plagioselmis prolonga,2024,number of grid cells (10x10km),GAM,0,0.8610009644226057
1,Baltic Sea,4L63D,Polydora cornuta,2022,number of occurrences,GAM,1,0.8552426750116137
1,Baltic Sea,4L63D,Polydora cornuta,2023,number of occurrences,GAM,1,0.8552426750116137
1,Baltic Sea,4L63D,Polydora cornuta,2024,number of occurrences,GAM,1,0.8552426750116137
1,Baltic Sea,4L63D,Polydora cornuta,2022,number of grid cells (10x10km),GAM,3,1.0244641448455543
1,Baltic Sea,4L63D,Polydora cornuta,2023,number of grid cells (10x10km),GAM,3,1.0244641448455543
1,Baltic Sea,4L63D,Polydora cornuta,2024,number of grid cells (10x10km),GAM,3,1.0244641448455543
1,Baltic Sea,78832,Pontogammarus robustoides,2022,number of occurrences,GAM,3,1.2669964897589
1,Baltic Sea,78832,Pontogammarus robustoides,2023,number of occurrences,GAM,3,1.2669964897589
1,Baltic Sea,78832,Pontogammarus robustoides,2024,number of occurrences,GAM,3,1.2669964897589
1,Baltic Sea,78832,Pontogammarus robustoides,2022,number of grid cells (10x10km),GAM,1,0.7313054184334662
1,Baltic Sea,78832,Pontogammarus robustoides,2023,number of grid cells (10x10km),GAM,1,0.7313054184334662
1,Baltic Sea,78832,Pontogammarus robustoides,2024,number of grid cells (10x10km),GAM,1,0.7313054184334662
1,Baltic Sea,4NQJ3,Pseudocalanus elongatus,2022,number of occurrences,GAM,0,0.4943019034026733
1,Baltic Sea,4NQJ3,Pseudocalanus elongatus,2023,number of occurrences,GAM,0,0.4943019034026733
1,Baltic Sea,4NQJ3,Pseudocalanus elongatus,2024,number of occurrences,GAM,0,0.4943019034026733
1,Baltic Sea,4NQJ3,Pseudocalanus elongatus,2022,number of grid cells (10x10km),GAM,0,0.7812291007158101
1,Baltic Sea,4NQJ3,Pseudocalanus elongatus,2023,number of grid cells (10x10km),GAM,0,0.7812291007158101
1,Baltic Sea,4NQJ3,Pseudocalanus elongatus,2024,number of grid cells (10x10km),GAM,0,0.7812291007158101
1,Baltic Sea,7935Q,Rana dalmatina,2022,number of occurrences,GAM,1,0.8101312421661259
1,Baltic Sea,7935Q,Rana dalmatina,2023,number of occurrences,GAM,1,0.8101312421661259
1,Baltic Sea,7935Q,Rana dalmatina,2024,number of occurrences,GAM,1,0.8101312421661259
1,Baltic Sea,7935Q,Rana dalmatina,2022,number of grid cells (10x10km),GAM,1,0.9624700129439995
1,Baltic Sea,7935Q,Rana dalmatina,2023,number of grid cells (10x10km),GAM,1,0.9624700129439995
1,Baltic Sea,7935Q,Rana dalmatina,2024,number of grid cells (10x10km),GAM,1,0.9624700129439995
1,Baltic Sea,4RF6D,Rangia cuneata,2022,number of occurrences,GAM,1,0.9333170238292494
1,Baltic Sea,4RF6D,Rangia cuneata,2023,number of occurrences,GAM,1,0.9333170238292494
1,Baltic Sea,4RF6D,Rangia cuneata,2024,number of occurrences,GAM,1,0.9333170238292494
1,Baltic Sea,4RF6D,Rangia cuneata,2022,number of grid cells (10x10km),GAM,3,1.2801991751545576
1,Baltic Sea,4RF6D,Rangia cuneata,2023,number of grid cells (10x10km),GAM,3,1.2801991751545576
1,Baltic Sea,4RF6D,Rangia cuneata,2024,number of grid cells (10x10km),GAM,3,1.2801991751545576
1,Baltic Sea,52X2B,Streblospio benedicti,2022,number of occurrences,GAM,3,1.0606445891411913
1,Baltic Sea,52X2B,Streblospio benedicti,2023,number of occurrences,GAM,3,1.0606445891411913
1,Baltic Sea,52X2B,Streblospio benedicti,2024,number of occurrences,GAM,3,1.0606445891411913
1,Baltic Sea,52X2B,Streblospio benedicti,2022,number of grid cells (10x10km),GAM,3,1.0100704123156232
1,Baltic Sea,52X2B,Streblospio benedicti,2023,number of grid cells (10x10km),GAM,1,1.0100704123156232
1,Baltic Sea,52X2B,Streblospio benedicti,2024,number of grid cells (10x10km),GAM,1,1.0100704123156232
1,Baltic Sea,53ML9,Syllidia armata,2022,number of occurrences,decision rules,1,
1,Baltic Sea,53ML9,Syllidia armata,2023,number of occurrences,decision rules,3,
1,Baltic Sea,53ML9,Syllidia armata,2024,number of occurrences,decision rules,2,
1,Baltic Sea,53ML9,Syllidia armata,2022,number of grid cells (10x10km),decision rules,1,
1,Baltic Sea,53ML9,Syllidia armata,2023,number of grid cells (10x10km),decision rules,2,
1,Baltic Sea,53ML9,Syllidia armata,2024,number of grid cells (10x10km),decision rules,2,
1,Baltic Sea,T8WJW,Thalassiosira nordenskioeldii,2022,number of occurrences,GAM,0,0.5507598570874928
1,Baltic Sea,T8WJW,Thalassiosira nordenskioeldii,2023,number of occurrences,GAM,0,0.5507598570874928
1,Baltic Sea,T8WJW,Thalassiosira nordenskioeldii,2024,number of occurrences,GAM,0,0.5507598570874928
1,Baltic Sea,T8WJW,Thalassiosira nordenskioeldii,2022,number of grid cells (10x10km),GAM,0,0.7302996634735603
1,Baltic Sea,T8WJW,Thalassiosira nordenskioeldii,2023,number of grid cells (10x10km),GAM,0,0.7302996634735603
1,Baltic Sea,T8WJW,Thalassiosira nordenskioeldii,2024,number of grid cells (10x10km),GAM,0,0.7302996634735603
1,Baltic Sea,7CXK2,Tubificoides benedii,2022,number of occurrences,GAM,1,0.903539899776942
1,Baltic Sea,7CXK2,Tubificoides benedii,2023,number of occurrences,GAM,1,0.903539899776942
1,Baltic Sea,7CXK2,Tubificoides benedii,2024,number of occurrences,GAM,1,0.903539899776942
1,Baltic Sea,7CXK2,Tubificoides benedii,2022,number of grid cells (10x10km),GAM,1,0.9597447543521003
1,Baltic Sea,7CXK2,Tubificoides benedii,2023,number of grid cells (10x10km),GAM,1,0.9597447543521003
1,Baltic Sea,7CXK2,Tubificoides benedii,2024,number of grid cells (10x10km),GAM,1,0.9597447543521003
1,Baltic Sea,TPF2X,Vertebrata fucoides,2022,number of occurrences,GAM,0,0.78585696899059
1,Baltic Sea,TPF2X,Vertebrata fucoides,2023,number of occurrences,GAM,0,0.78585696899059
1,Baltic Sea,TPF2X,Vertebrata fucoides,2024,number of occurrences,GAM,0,0.78585696899059
1,Baltic Sea,TPF2X,Vertebrata fucoides,2022,number of grid cells (10x10km),GAM,0,0.8296860171104142
1,Baltic Sea,TPF2X,Vertebrata fucoides,2023,number of grid cells (10x10km),GAM,0,0.8296860171104142
1,Baltic Sea,TPF2X,Vertebrata fucoides,2024,number of grid cells (10x10km),GAM,0,0.8296860171104142
1,Baltic Sea,M8HY,Boccardiella ligerica,2022,number of occurrences,GAM,1,0.8733765262563808
1,Baltic Sea,M8HY,Boccardiella ligerica,2023,number of occurrences,GAM,1,0.8733765262563808
1,Baltic Sea,M8HY,Boccardiella ligerica,2024,number of occurrences,GAM,1,0.8733765262563808
1,Baltic Sea,M8HY,Boccardiella ligerica,2022,number of grid cells (10x10km),GAM,0,0.8186837373143342
1,Baltic Sea,M8HY,Boccardiella ligerica,2023,number of grid cells (10x10km),GAM,0,0.8186837373143342
1,Baltic Sea,M8HY,Boccardiella ligerica,2024,number of grid cells (10x10km),GAM,0,0.8186837373143342
1,Baltic Sea,NFCHP,Ectocarpus siliculosus,2022,number of occurrences,GAM,0,0.6800938392558383
1,Baltic Sea,NFCHP,Ectocarpus siliculosus,2023,number of occurrences,GAM,0,0.6800938392558383
1,Baltic Sea,NFCHP,Ectocarpus siliculosus,2024,number of occurrences,GAM,0,0.6800938392558383
1,Baltic Sea,NFCHP,Ectocarpus siliculosus,2022,number of grid cells (10x10km),GAM,0,0.8199484673227226
1,Baltic Sea,NFCHP,Ectocarpus siliculosus,2023,number of grid cells (10x10km),GAM,0,0.8199484673227226
1,Baltic Sea,NFCHP,Ectocarpus siliculosus,2024,number of grid cells (10x10km),GAM,0,0.8199484673227226
1,Baltic Sea,RWNKZ,Prorocentrum cordatum,2022,number of occurrences,GAM,3,1.091549875778494
1,Baltic Sea,RWNKZ,Prorocentrum cordatum,2023,number of occurrences,GAM,3,1.091549875778494
1,Baltic Sea,RWNKZ,Prorocentrum cordatum,2024,number of occurrences,GAM,3,1.091549875778494
1,Baltic Sea,RWNKZ,Prorocentrum cordatum,2022,number of grid cells (10x10km),GAM,3,1.1862989575690313
1,Baltic Sea,RWNKZ,Prorocentrum cordatum,2023,number of grid cells (10x10km),GAM,3,1.1862989575690313
1,Baltic Sea,RWNKZ,Prorocentrum cordatum,2024,number of grid cells (10x10km),GAM,3,1.1862989575690313
1,Baltic Sea,59JTZ,Tubificoides heterochaetus,2022,number of occurrences,GAM,3,1.2885251546650744
1,Baltic Sea,59JTZ,Tubificoides heterochaetus,2023,number of occurrences,GAM,3,1.2885251546650744
1,Baltic Sea,59JTZ,Tubificoides heterochaetus,2024,number of occurrences,GAM,3,1.2885251546650744
1,Baltic Sea,59JTZ,Tubificoides heterochaetus,2022,number of grid cells (10x10km),GAM,3,1.4029833460793946
1,Baltic Sea,59JTZ,Tubificoides heterochaetus,2023,number of grid cells (10x10km),GAM,3,1.4029833460793946
1,Baltic Sea,59JTZ,Tubificoides heterochaetus,2024,number of grid cells (10x10km),GAM,3,1.4029833460793946
1,Baltic Sea,3JBV8,Halichoerus grypus,2022,number of occurrences,GAM,0,0.8853127905948449
1,Baltic Sea,3JBV8,Halichoerus grypus,2023,number of occurrences,GAM,0,0.8853127905948449
1,Baltic Sea,3JBV8,Halichoerus grypus,2024,number of occurrences,GAM,0,0.8853127905948449
1,Baltic Sea,3JBV8,Halichoerus grypus,2022,number of grid cells (10x10km),GAM,0,0.9212801069114956
1,Baltic Sea,3JBV8,Halichoerus grypus,2023,number of grid cells (10x10km),GAM,0,0.9212801069114956
1,Baltic Sea,3JBV8,Halichoerus grypus,2024,number of grid cells (10x10km),GAM,0,0.9212801069114956
1,Baltic Sea,6YRDJ,Sinelobus vanhaareni,2022,number of occurrences,GAM,0,0.977488808350834
1,Baltic Sea,6YRDJ,Sinelobus vanhaareni,2023,number of occurrences,GAM,0,0.977488808350834
1,Baltic Sea,6YRDJ,Sinelobus vanhaareni,2024,number of occurrences,GAM,0,0.977488808350834
1,Baltic Sea,6YRDJ,Sinelobus vanhaareni,2022,number of grid cells (10x10km),GAM,3,1.1588612464727945
1,Baltic Sea,6YRDJ,Sinelobus vanhaareni,2023,number of grid cells (10x10km),GAM,3,1.1588612464727945
1,Baltic Sea,6YRDJ,Sinelobus vanhaareni,2024,number of grid cells (10x10km),GAM,3,1.1588612464727945
11,Black Sea,5WJTR,Beroe ovata,2022,number of occurrences,GAM,3,1.202680627344709
11,Black Sea,5WJTR,Beroe ovata,2023,number of occurrences,GAM,3,1.202680627344709
11,Black Sea,5WJTR,Beroe ovata,2024,number of occurrences,GAM,3,1.202680627344709
11,Black Sea,5WJTR,Beroe ovata,2022,number of grid cells (10x10km),decision rules,2,
11,Black Sea,5WJTR,Beroe ovata,2023,number of grid cells (10x10km),decision rules,2,
11,Black Sea,5WJTR,Beroe ovata,2024,number of grid cells (10x10km),decision rules,1,
11,Black Sea,Q76B,Calyptraea chinensis,2022,number of occurrences,GAM,1,0.7870931188370994
11,Black Sea,Q76B,Calyptraea chinensis,2023,number of occurrences,GAM,1,0.7870931188370994
11,Black Sea,Q76B,Calyptraea chinensis,2024,number of occurrences,GAM,1,0.7870931188370994
11,Black Sea,Q76B,Calyptraea chinensis,2022,number of grid cells (10x10km),GAM,1,0.7489627354861444
11,Black Sea,Q76B,Calyptraea chinensis,2023,number of grid cells (10x10km),GAM,1,0.7489627354861444
11,Black Sea,Q76B,Calyptraea chinensis,2024,number of grid cells (10x10km),GAM,1,0.7489627354861444
11,Black Sea,YSGX,Coryphoblennius galerita,2022,number of occurrences,GAM,3,1.1386552088796529
11,Black Sea,YSGX,Coryphoblennius galerita,2023,number of occurrences,GAM,3,1.1386552088796529
11,Black Sea,YSGX,Coryphoblennius galerita,2024,number of occurrences,GAM,1,1.1386552088796529
11,Black Sea,YSGX,Coryphoblennius galerita,2022,number of grid cells (10x10km),GAM,0,0.9608542681949523
11,Black Sea,YSGX,Coryphoblennius galerita,2023,number of grid cells (10x10km),GAM,0,0.9608542681949523
11,Black Sea,YSGX,Coryphoblennius galerita,2024,number of grid cells (10x10km),GAM,0,0.9608542681949523
11,Black Sea,44RHY,Mya arenaria,2022,number of occurrences,GAM,1,1.0093441141257122
11,Black Sea,44RHY,Mya arenaria,2023,number of occurrences,GAM,1,1.0093441141257122
11,Black Sea,44RHY,Mya arenaria,2024,number of occurrences,GAM,1,1.0093441141257122
11,Black Sea,44RHY,Mya arenaria,2022,number of grid cells (10x10km),GAM,3,1.013177323370571
11,Black Sea,44RHY,Mya arenaria,2023,number of grid cells (10x10km),GAM,3,1.013177323370571
11,Black Sea,44RHY,Mya arenaria,2024,number of grid cells (10x10km),GAM,1,1.013177323370571
11,Black Sea,9GQWD,Palaemon elegans,2022,number of occurrences,GAM,3,1.0600042250550628
11,Black Sea,9GQWD,Palaemon elegans,2023,number of occurrences,GAM,3,1.0600042250550628
11,Black Sea,9GQWD,Palaemon elegans,2024,number of occurrences,GAM,3,1.0600042250550628
11,Black Sea,9GQWD,Palaemon elegans,2022,number of grid cells (10x10km),GAM,3,1.0545045746411676
11,Black Sea,9GQWD,Palaemon elegans,2023,number of grid cells (10x10km),GAM,3,1.0545045746411676
11,Black Sea,9GQWD,Palaemon elegans,2024,number of grid cells (10x10km),GAM,3,1.0545045746411676
11,Black Sea,4CMHV,Parablennius incognitus,2022,number of occurrences,decision rules,1,
11,Black Sea,4CMHV,Parablennius incognitus,2023,number of occurrences,decision rules,2,
11,Black Sea,4CMHV,Parablennius incognitus,2024,number of occurrences,decision rules,2,
11,Black Sea,4CMHV,Parablennius incognitus,2022,number of grid cells (10x10km),decision rules,1,
11,Black Sea,4CMHV,Parablennius incognitus,2023,number of grid cells (10x10km),decision rules,2,
11,Black Sea,4CMHV,Parablennius incognitus,2024,number of grid cells (10x10km),decision rules,2,
11,Black Sea,4JJZC,Planiliza haematocheilus,2022,number of occurrences,GAM,1,0.9084098643383681
11,Black Sea,4JJZC,Planiliza haematocheilus,2023,number of occurrences,GAM,1,0.9084098643383681
11,Black Sea,4JJZC,Planiliza haematocheilus,2024,number of occurrences,GAM,1,0.9084098643383681
11,Black Sea,4JJZC,Planiliza haematocheilus,2022,number of grid cells (10x10km),GAM,3,1.1231095489551308
11,Black Sea,4JJZC,Planiliza haematocheilus,2023,number of grid cells (10x10km),GAM,3,1.1231095489551308
11,Black Sea,4JJZC,Planiliza haematocheilus,2024,number of grid cells (10x10km),GAM,3,1.1231095489551308
11,Black Sea,4LQXH,Pomatoschistus marmoratus,2022,number of occurrences,GAM,2,0.9365330764781792
11,Black Sea,4LQXH,Pomatoschistus marmoratus,2023,number of occurrences,GAM,2,0.9365330764781792
11,Black Sea,4LQXH,Pomatoschistus marmoratus,2024,number of occurrences,GAM,2,0.9365330764781792
11,Black Sea,4LQXH,Pomatoschistus marmoratus,2022,number of grid cells (10x10km),GAM,1,0.8022456886946737
11,Black Sea,4LQXH,Pomatoschistus marmoratus,2023,number of grid cells (10x10km),GAM,1,0.8022456886946737
11,Black Sea,4LQXH,Pomatoschistus marmoratus,2024,number of grid cells (10x10km),GAM,1,0.8022456886946737
11,Black Sea,7935Q,Rana dalmatina,2022,number of occurrences,GAM,3,1.0330545843778003
11,Black Sea,7935Q,Rana dalmatina,2023,number of occurrences,GAM,1,1.0330545843778003
11,Black Sea,7935Q,Rana dalmatina,2024,number of occurrences,GAM,1,1.0330545843778003
11,Black Sea,7935Q,Rana dalmatina,2022,number of grid cells (10x10km),GAM,3,1.069531592523841
11,Black Sea,7935Q,Rana dalmatina,2023,number of grid cells (10x10km),GAM,3,1.069531592523841
11,Black Sea,7935Q,Rana dalmatina,2024,number of grid cells (10x10km),GAM,1,1.069531592523841
11,Black Sea,4TV6Q,Sabellaria spinulosa,2022,number of occurrences,decision rules,1,
11,Black Sea,4TV6Q,Sabellaria spinulosa,2023,number of occurrences,decision rules,1,
11,Black Sea,4TV6Q,Sabellaria spinulosa,2024,number of occurrences,decision rules,3,
11,Black Sea,4TV6Q,Sabellaria spinulosa,2022,number of grid cells (10x10km),decision rules,1,
11,Black Sea,4TV6Q,Sabellaria spinulosa,2023,number of grid cells (10x10km),decision rules,1,
11,Black Sea,4TV6Q,Sabellaria spinulosa,2024,number of grid cells (10x10km),decision rules,3,
11,Black Sea,53WJY,Syngnathus abaster,2022,number of occurrences,GAM,1,0.94358791568501
11,Black Sea,53WJY,Syngnathus abaster,2023,number of occurrences,GAM,1,0.94358791568501
11,Black Sea,53WJY,Syngnathus abaster,2024,number of occurrences,GAM,1,0.94358791568501
11,Black Sea,53WJY,Syngnathus abaster,2022,number of grid cells (10x10km),GAM,1,0.9423958263148463
11,Black Sea,53WJY,Syngnathus abaster,2023,number of grid cells (10x10km),GAM,1,0.9423958263148463
11,Black Sea,53WJY,Syngnathus abaster,2024,number of grid cells (10x10km),GAM,1,0.9423958263148463
11,Black Sea,59435,Tritia neritea,2022,number of occurrences,GAM,3,1.1056256763262085
11,Black Sea,59435,Tritia neritea,2023,number of occurrences,GAM,3,1.1056256763262085
11,Black Sea,59435,Tritia neritea,2024,number of occurrences,GAM,3,1.1056256763262085
11,Black Sea,59435,Tritia neritea,2022,number of grid cells (10x10km),decision rules,2,
11,Black Sea,59435,Tritia neritea,2023,number of grid cells (10x10km),decision rules,2,
11,Black Sea,59435,Tritia neritea,2024,number of grid cells (10x10km),decision rules,2,
11,Black Sea,7FFK2,Vanellus spinosus,2022,number of occurrences,GAM,3,1.1962680104452452
11,Black Sea,7FFK2,Vanellus spinosus,2023,number of occurrences,GAM,3,1.1962680104452452
11,Black Sea,7FFK2,Vanellus spinosus,2024,number of occurrences,GAM,3,1.1962680104452452
11,Black Sea,7FFK2,Vanellus spinosus,2022,number of grid cells (10x10km),GAM,3,1.1257122089897287
11,Black Sea,7FFK2,Vanellus spinosus,2023,number of grid cells (10x10km),GAM,3,1.1257122089897287
11,Black Sea,7FFK2,Vanellus spinosus,2024,number of grid cells (10x10km),GAM,3,1.1257122089897287
11,Black Sea,688WN,Atherina boyeri,2022,number of occurrences,GAM,1,0.813468120973302
11,Black Sea,688WN,Atherina boyeri,2023,number of occurrences,GAM,1,0.813468120973302
11,Black Sea,688WN,Atherina boyeri,2024,number of occurrences,GAM,1,0.813468120973302
11,Black Sea,688WN,Atherina boyeri,2022,number of grid cells (10x10km),GAM,0,0.6974376952793582
11,Black Sea,688WN,Atherina boyeri,2023,number of grid cells (10x10km),GAM,0,0.6974376952793582
11,Black Sea,688WN,Atherina boyeri,2024,number of grid cells (10x10km),GAM,0,0.6974376952793582
